loan_amnt,term,int_rate,installment,sub_grade,home_ownership,annual_inc,verification_status,issue_d,purpose,dti,earliest_cr_line,open_acc,pub_rec,revol_bal,revol_util,total_acc,initial_list_status,application_type,mort_acc,pub_rec_bankruptcies,default_flag,emp_length_years,emp_length_unknown,credit_history_years,loan_to_income
6750.0,60,25.88,201.62,F4,OWN,60000.0,Source Verified,2016-04-01,debt_consolidation,6.72,2003-11-01,3.0,2.0,8135.0,84.0,17.0,w,INDIVIDUAL,2.0,0.0,0,6.0,1,12.4,0.112
16000.0,36,13.11,539.96,B4,RENT,75011.64,Source Verified,2013-05-01,credit_card,32.87,1999-08-01,16.0,0.0,22094.0,36.3,52.0,w,INDIVIDUAL,3.0,0.0,0,10.0,0,13.7,0.213
4000.0,36,13.35,135.46,C2,MORTGAGE,60000.0,Not Verified,2014-08-01,credit_card,23.66,1992-04-01,11.0,0.0,3747.0,49.3,36.0,w,INDIVIDUAL,3.0,0.0,1,10.0,0,22.3,0.067
19750.0,36,9.16,629.52,B2,RENT,59000.0,Source Verified,2016-03-01,debt_consolidation,10.25,2013-01-01,2.0,0.0,15332.0,79.0,9.0,w,INDIVIDUAL,0.0,0.0,0,10.0,0,3.2,0.335
20000.0,36,7.89,625.72,A5,MORTGAGE,65000.0,Source Verified,2015-02-01,credit_card,21.31,1983-12-01,10.0,0.0,9600.0,25.7,47.0,w,INDIVIDUAL,9.0,0.0,0,1.0,0,31.2,0.308
8400.0,36,18.25,304.74,D2,RENT,30000.0,Not Verified,2013-09-01,other,8.48,2004-05-01,6.0,0.0,5855.0,49.2,14.0,f,INDIVIDUAL,0.0,0.0,0,4.0,0,9.3,0.28
22650.0,60,13.67,523.16,C4,RENT,71000.0,Source Verified,2015-11-01,debt_consolidation,11.66,1999-08-01,12.0,0.0,26577.0,84.6,16.0,w,INDIVIDUAL,0.0,0.0,0,3.0,0,16.3,0.319
4000.0,36,9.17,127.52,B1,MORTGAGE,110000.0,Not Verified,2014-10-01,home_improvement,5.93,1997-09-01,6.0,0.0,25613.0,94.9,22.0,w,INDIVIDUAL,3.0,0.0,0,5.0,0,17.1,0.036
20000.0,36,9.17,637.58,B2,MORTGAGE,105000.0,Source Verified,2015-06-01,debt_consolidation,10.83,1993-09-01,15.0,0.0,26929.0,76.7,32.0,w,INDIVIDUAL,5.0,0.0,0,10.0,0,21.7,0.19
13325.0,36,14.99,461.86,C5,MORTGAGE,69000.0,Not Verified,2015-01-01,credit_card,27.03,1991-03-01,16.0,0.0,34815.0,73.4,29.0,w,INDIVIDUAL,3.0,0.0,0,10.0,0,23.8,0.193
2500.0,36,11.44,82.37,B4,OWN,33000.0,Not Verified,2015-01-01,other,22.44,1992-07-01,6.0,0.0,8866.0,76.4,15.0,f,INDIVIDUAL,2.0,0.0,0,1.0,0,22.5,0.076
10000.0,36,12.12,332.72,B3,RENT,40000.0,Not Verified,2013-07-01,debt_consolidation,12.84,1999-08-01,8.0,0.0,16276.0,54.6,16.0,f,INDIVIDUAL,0.0,0.0,0,3.0,0,13.9,0.25
20000.0,36,8.9,635.07,A5,MORTGAGE,108717.0,Verified,2013-04-01,credit_card,11.39,2000-10-01,10.0,0.0,24022.0,77.4,34.0,w,INDIVIDUAL,3.0,0.0,0,9.0,0,12.5,0.184
25000.0,36,7.62,779.04,A3,MORTGAGE,180000.0,Source Verified,2013-03-01,debt_consolidation,9.76,1997-04-01,13.0,0.0,120956.0,35.5,32.0,f,INDIVIDUAL,3.0,0.0,0,3.0,0,15.9,0.139
13000.0,36,9.99,419.42,B1,MORTGAGE,53000.0,Source Verified,2013-09-01,credit_card,16.89,1996-01-01,16.0,0.0,13554.0,44.1,33.0,f,INDIVIDUAL,0.0,0.0,0,10.0,0,17.7,0.245
28000.0,36,7.26,867.9,A4,MORTGAGE,99840.0,Source Verified,2015-06-01,other,7.66,1998-04-01,18.0,0.0,9603.0,7.9,40.0,w,INDIVIDUAL,6.0,0.0,0,7.0,0,17.2,0.28
28000.0,36,13.67,952.5,B5,MORTGAGE,120000.0,Verified,2013-11-01,credit_card,13.23,1994-10-01,4.0,0.0,1616.0,101.0,22.0,w,INDIVIDUAL,4.0,0.0,0,10.0,0,19.1,0.233
35000.0,36,17.77,1261.3,D1,MORTGAGE,115000.0,Verified,2013-02-01,debt_consolidation,9.68,1983-07-01,15.0,0.0,21178.0,71.8,40.0,f,INDIVIDUAL,6.0,0.0,1,10.0,0,29.6,0.304
21600.0,36,16.55,765.28,D2,MORTGAGE,58000.0,Source Verified,2015-04-01,debt_consolidation,31.76,2004-09-01,13.0,0.0,7554.0,22.8,21.0,f,INDIVIDUAL,0.0,0.0,0,2.0,0,10.6,0.372
19800.0,60,18.99,513.52,E1,RENT,45000.0,Source Verified,2014-07-01,credit_card,21.47,2007-12-01,11.0,0.0,26238.0,77.4,15.0,w,INDIVIDUAL,0.0,0.0,1,7.0,0,6.6,0.44
13225.0,36,18.85,483.78,D3,OWN,52000.0,Verified,2013-09-01,debt_consolidation,20.65,1995-06-01,9.0,0.0,14211.0,87.7,16.0,f,INDIVIDUAL,0.0,0.0,1,7.0,0,18.3,0.254
24250.0,60,22.47,676.26,E5,MORTGAGE,70000.0,Source Verified,2013-04-01,debt_consolidation,23.97,2003-02-01,14.0,0.0,17752.0,87.0,25.0,w,INDIVIDUAL,1.0,0.0,1,0.0,0,10.2,0.346
12000.0,36,9.76,385.86,B1,RENT,30000.0,Not Verified,2012-04-01,vacation,11.12,1998-08-01,6.0,0.0,7643.0,84.0,13.0,f,INDIVIDUAL,0.0,0.0,0,5.0,0,13.7,0.4
6075.0,36,18.25,220.39,E1,OWN,16000.0,Verified,2015-07-01,credit_card,29.78,2000-06-01,10.0,0.0,15968.0,68.2,13.0,f,INDIVIDUAL,0.0,0.0,0,6.0,1,15.1,0.38
7200.0,36,15.99,253.1,D2,RENT,48000.0,Source Verified,2015-01-01,other,25.95,2005-07-01,5.0,2.0,1545.0,51.5,11.0,f,INDIVIDUAL,0.0,0.0,1,4.0,0,9.5,0.15
7800.0,36,14.65,269.06,C5,RENT,37601.0,Source Verified,2015-06-01,debt_consolidation,20.14,2011-04-01,3.0,0.0,3250.0,92.9,10.0,w,INDIVIDUAL,0.0,0.0,1,7.0,0,4.2,0.207
8000.0,36,17.14,285.78,D4,RENT,39955.0,Source Verified,2015-01-01,medical,34.75,1997-03-01,11.0,0.0,7753.0,44.1,18.0,f,INDIVIDUAL,0.0,0.0,0,6.0,0,17.8,0.2
29100.0,36,18.75,1063.02,D3,MORTGAGE,65000.0,Verified,2012-12-01,credit_card,27.03,2000-03-01,19.0,0.0,23920.0,79.7,37.0,f,INDIVIDUAL,4.0,0.0,0,0.0,0,12.8,0.448
17900.0,60,23.4,508.74,E5,MORTGAGE,56000.0,Verified,2014-02-01,credit_card,28.93,1994-11-01,25.0,0.0,15388.0,39.1,45.0,f,INDIVIDUAL,2.0,0.0,0,10.0,0,19.3,0.32
10525.0,36,16.29,371.54,D2,RENT,72000.0,Source Verified,2014-07-01,debt_consolidation,11.63,2004-04-01,9.0,0.0,1141.0,8.8,13.0,w,INDIVIDUAL,0.0,0.0,0,3.0,0,10.2,0.146
12775.0,36,16.55,452.61,D2,MORTGAGE,73000.0,Not Verified,2015-02-01,other,15.91,1989-01-01,8.0,1.0,7737.0,71.0,33.0,f,INDIVIDUAL,4.0,1.0,0,10.0,0,26.1,0.175
5375.0,36,17.27,192.36,C5,RENT,26102.0,Not Verified,2013-02-01,debt_consolidation,19.86,2005-04-01,8.0,0.0,6936.0,93.7,9.0,f,INDIVIDUAL,0.0,0.0,0,2.0,0,7.8,0.206
15000.0,36,12.69,503.18,C2,MORTGAGE,86000.0,Not Verified,2015-05-01,debt_consolidation,15.98,2005-01-01,16.0,0.0,6756.0,58.7,28.0,w,INDIVIDUAL,5.0,0.0,0,8.0,0,10.3,0.174
16000.0,36,8.9,508.06,A5,MORTGAGE,82000.0,Verified,2013-03-01,debt_consolidation,8.2,1999-02-01,6.0,0.0,6703.0,56.3,17.0,f,INDIVIDUAL,2.0,0.0,0,3.0,0,14.1,0.195
21500.0,60,18.25,548.89,E1,RENT,43000.0,Verified,2015-06-01,debt_consolidation,34.55,1991-04-01,11.0,0.0,15707.0,81.4,43.0,w,INDIVIDUAL,2.0,0.0,1,1.0,0,24.2,0.5
15000.0,36,6.03,456.54,A1,MORTGAGE,101000.0,Not Verified,2014-11-01,debt_consolidation,10.23,1996-11-01,32.0,0.0,16329.0,57.9,55.0,f,INDIVIDUAL,6.0,0.0,0,8.0,0,18.0,0.149
18000.0,36,14.49,619.49,C4,MORTGAGE,55000.0,Not Verified,2014-09-01,debt_consolidation,15.75,2009-09-01,12.0,0.0,6947.0,34.7,18.0,w,INDIVIDUAL,1.0,0.0,0,2.0,0,5.0,0.327
20000.0,36,14.64,689.79,C3,MORTGAGE,45800.0,Verified,2014-03-01,credit_card,21.41,1986-11-01,8.0,0.0,16817.0,78.2,16.0,f,INDIVIDUAL,4.0,0.0,0,6.0,1,27.3,0.437
12500.0,36,11.14,410.07,B2,MORTGAGE,70990.0,Verified,2012-12-01,home_improvement,17.61,1989-01-01,11.0,0.0,15859.0,72.1,21.0,f,INDIVIDUAL,1.0,0.0,0,3.0,0,23.9,0.176
18000.0,60,8.18,366.53,B1,RENT,50497.0,Source Verified,2015-03-01,debt_consolidation,22.1,1993-05-01,27.0,1.0,13976.0,22.9,40.0,w,INDIVIDUAL,0.0,1.0,0,10.0,0,21.8,0.356
13000.0,36,12.99,437.96,C1,RENT,45000.0,Not Verified,2014-08-01,credit_card,9.49,2003-06-01,7.0,1.0,4783.0,41.2,15.0,f,INDIVIDUAL,0.0,1.0,0,10.0,0,11.2,0.289
10000.0,60,15.61,241.12,D1,RENT,66000.0,Source Verified,2014-08-01,debt_consolidation,23.71,1994-09-01,10.0,1.0,3563.0,14.9,41.0,w,INDIVIDUAL,5.0,1.0,0,0.0,0,19.9,0.152
22000.0,60,19.99,582.75,E1,MORTGAGE,50000.0,Source Verified,2014-04-01,debt_consolidation,31.45,1988-02-01,19.0,0.0,14719.0,56.8,34.0,w,INDIVIDUAL,2.0,0.0,1,5.0,0,26.2,0.44
10600.0,36,18.99,388.51,E3,MORTGAGE,82540.0,Verified,2015-11-01,debt_consolidation,31.32,2002-04-01,12.0,1.0,5234.0,40.6,47.0,f,INDIVIDUAL,8.0,1.0,1,10.0,0,13.6,0.128
20000.0,36,14.65,689.89,C5,RENT,121100.0,Source Verified,2015-04-01,debt_consolidation,18.78,2010-05-01,14.0,0.0,19244.0,74.0,24.0,f,INDIVIDUAL,0.0,0.0,0,10.0,0,4.9,0.165
12350.0,36,12.29,411.91,C1,MORTGAGE,64000.0,Verified,2015-04-01,debt_consolidation,15.84,1992-12-01,8.0,0.0,9226.0,32.9,23.0,f,INDIVIDUAL,4.0,0.0,0,10.0,0,22.3,0.193
6000.0,36,14.49,206.5,C4,MORTGAGE,52000.0,Verified,2014-07-01,debt_consolidation,18.44,2000-12-01,10.0,1.0,2318.0,31.3,41.0,f,INDIVIDUAL,6.0,1.0,0,2.0,0,13.6,0.115
2500.0,36,19.05,91.71,D4,MORTGAGE,60000.0,Verified,2013-06-01,other,11.82,1974-06-01,6.0,0.0,139251.0,81.2,27.0,w,INDIVIDUAL,4.0,0.0,0,10.0,0,39.0,0.042
10000.0,36,11.36,329.12,B5,MORTGAGE,88800.0,Not Verified,2010-03-01,home_improvement,4.88,1993-10-01,6.0,0.0,2728.0,37.4,14.0,f,INDIVIDUAL,0.0,0.0,0,10.0,0,16.4,0.113
5000.0,36,11.53,164.96,B5,RENT,42200.0,Source Verified,2015-04-01,debt_consolidation,31.71,2004-12-01,8.0,0.0,10059.0,66.2,17.0,f,INDIVIDUAL,0.0,0.0,1,7.0,0,10.3,0.118
8000.0,36,9.76,257.24,B1,MORTGAGE,41000.0,Source Verified,2012-05-01,other,20.9,2006-12-01,10.0,0.0,11781.0,52.1,19.0,f,INDIVIDUAL,2.0,0.0,0,7.0,0,5.4,0.195
16000.0,60,6.0,316.87,E2,MORTGAGE,60000.0,Not Verified,2014-10-01,debt_consolidation,37.22,2003-06-01,19.0,1.0,27881.0,80.3,67.0,w,INDIVIDUAL,4.0,0.0,0,10.0,0,11.3,0.267
5000.0,36,11.99,166.05,C1,RENT,65600.0,Source Verified,2016-01-01,debt_consolidation,13.14,2003-10-01,8.0,0.0,6384.0,55.5,19.0,w,INDIVIDUAL,0.0,0.0,0,0.0,0,12.3,0.076
10000.0,60,16.59,246.33,D1,RENT,40000.0,Source Verified,2014-04-01,moving,27.33,2001-11-01,5.0,1.0,9700.0,66.4,10.0,w,INDIVIDUAL,1.0,1.0,1,10.0,0,12.4,0.25
33200.0,60,19.99,879.42,E3,OWN,120000.0,Verified,2015-02-01,debt_consolidation,21.57,2003-07-01,12.0,0.0,10565.0,51.3,16.0,f,INDIVIDUAL,0.0,0.0,0,10.0,0,11.6,0.277
35000.0,36,13.68,1190.79,C1,MORTGAGE,99000.0,Verified,2013-08-01,debt_consolidation,23.03,2001-08-01,7.0,0.0,27320.0,71.5,37.0,f,INDIVIDUAL,5.0,0.0,0,10.0,0,12.0,0.354
29700.0,36,14.3,1019.41,C1,OWN,180000.0,Source Verified,2013-10-01,debt_consolidation,9.21,1989-07-01,15.0,0.0,11058.0,45.5,34.0,f,INDIVIDUAL,2.0,0.0,0,8.0,0,24.3,0.165
24000.0,60,16.29,587.34,D2,MORTGAGE,120000.0,Source Verified,2014-10-01,debt_consolidation,16.42,2003-09-01,12.0,1.0,1376.0,9.5,55.0,w,INDIVIDUAL,2.0,1.0,1,8.0,0,11.1,0.2
9350.0,36,12.99,315.0,C1,RENT,41210.0,Not Verified,2014-05-01,debt_consolidation,12.26,1999-08-01,8.0,1.0,6840.0,23.0,43.0,f,INDIVIDUAL,12.0,1.0,0,9.0,0,14.7,0.227
12000.0,36,14.16,411.07,C2,RENT,75000.0,Source Verified,2014-03-01,debt_consolidation,16.69,1997-03-01,7.0,1.0,1993.0,18.5,33.0,f,INDIVIDUAL,0.0,1.0,0,3.0,0,17.0,0.16
10000.0,36,11.55,330.0,B3,MORTGAGE,29000.0,Verified,2013-07-01,credit_card,12.76,1999-10-01,11.0,0.0,13542.0,58.4,22.0,f,INDIVIDUAL,1.0,0.0,0,10.0,0,13.7,0.345
30000.0,60,9.99,637.27,B3,OWN,132500.0,Source Verified,2015-06-01,credit_card,11.22,1995-04-01,13.0,0.0,45433.0,67.0,35.0,w,INDIVIDUAL,5.0,0.0,0,0.0,0,20.2,0.226
14150.0,36,12.39,472.63,C1,OWN,32200.0,Not Verified,2014-11-01,debt_consolidation,16.06,1997-08-01,6.0,0.0,16542.0,69.5,23.0,f,INDIVIDUAL,2.0,0.0,1,10.0,0,17.3,0.439
18000.0,36,12.99,606.41,C1,MORTGAGE,75000.0,Source Verified,2014-07-01,debt_consolidation,23.04,1999-02-01,16.0,0.0,45719.0,71.3,28.0,f,INDIVIDUAL,3.0,0.0,0,10.0,0,15.4,0.24
8400.0,36,14.49,289.1,C4,MORTGAGE,21000.0,Verified,2014-10-01,debt_consolidation,20.0,1997-01-01,7.0,0.0,11385.0,74.9,12.0,f,INDIVIDUAL,0.0,0.0,1,6.0,1,17.7,0.4
16000.0,36,12.12,532.35,B3,RENT,98000.0,Verified,2013-02-01,debt_consolidation,16.13,1996-11-01,10.0,0.0,30165.0,46.7,19.0,f,INDIVIDUAL,0.0,0.0,0,10.0,0,16.3,0.163
3500.0,36,12.99,117.92,C1,RENT,24000.0,Not Verified,2011-04-01,debt_consolidation,6.0,2001-11-01,4.0,0.0,1422.0,43.1,8.0,f,INDIVIDUAL,0.0,0.0,0,3.0,0,9.4,0.146
4500.0,36,14.64,155.21,C3,OWN,26300.0,Source Verified,2014-03-01,debt_consolidation,20.63,1998-09-01,3.0,2.0,4832.0,91.2,6.0,f,INDIVIDUAL,0.0,0.0,1,9.0,0,15.5,0.171
9000.0,36,6.03,273.92,A1,MORTGAGE,35352.0,Not Verified,2011-11-01,home_improvement,9.06,1988-03-01,6.0,0.0,8032.0,25.5,18.0,f,INDIVIDUAL,1.0,0.0,0,10.0,0,23.7,0.255
16000.0,36,14.09,547.55,B5,RENT,51200.0,Not Verified,2013-05-01,credit_card,21.74,2004-07-01,16.0,0.0,13476.0,81.7,22.0,w,INDIVIDUAL,0.0,0.0,0,2.0,0,8.8,0.312
10000.0,36,15.61,349.65,C5,RENT,64000.0,Verified,2014-03-01,debt_consolidation,7.71,1999-10-01,14.0,0.0,12222.0,60.2,15.0,w,INDIVIDUAL,0.0,0.0,1,0.0,0,14.4,0.156
20000.0,60,13.98,465.16,C3,MORTGAGE,65000.0,Source Verified,2014-08-01,debt_consolidation,17.56,1993-09-01,9.0,2.0,13066.0,74.7,20.0,w,INDIVIDUAL,2.0,1.0,0,10.0,0,20.9,0.308
4650.0,36,16.24,164.04,C5,RENT,56000.0,Not Verified,2014-01-01,debt_consolidation,14.49,2001-05-01,12.0,0.0,7976.0,54.3,25.0,w,INDIVIDUAL,0.0,0.0,0,6.0,0,12.7,0.083
9500.0,36,16.99,338.66,D3,RENT,53000.0,Not Verified,2014-09-01,debt_consolidation,25.16,1997-06-01,9.0,0.0,11126.0,72.7,17.0,f,INDIVIDUAL,2.0,0.0,0,10.0,0,17.3,0.179
5825.0,36,18.25,211.32,D3,MORTGAGE,52000.0,Not Verified,2014-02-01,debt_consolidation,15.62,2003-02-01,9.0,1.0,3731.0,67.8,22.0,f,INDIVIDUAL,1.0,0.0,0,9.0,0,11.0,0.112
10000.0,36,15.81,350.64,C4,RENT,73000.0,Verified,2012-05-01,debt_consolidation,21.07,1996-12-01,10.0,0.0,6516.0,85.7,46.0,f,INDIVIDUAL,0.0,0.0,0,4.0,0,15.4,0.137
11000.0,36,15.61,384.62,D1,RENT,46000.0,Not Verified,2014-06-01,debt_consolidation,15.68,2006-09-01,4.0,0.0,10972.0,78.9,9.0,w,INDIVIDUAL,0.0,0.0,1,4.0,0,7.7,0.239
7825.0,36,17.57,281.21,D2,RENT,55000.0,Source Verified,2014-03-01,debt_consolidation,22.82,2006-07-01,12.0,1.0,3029.0,70.0,15.0,w,INDIVIDUAL,0.0,1.0,0,1.0,0,7.7,0.142
10000.0,60,13.33,229.23,C3,MORTGAGE,45760.0,Source Verified,2015-07-01,debt_consolidation,20.27,2011-07-01,16.0,0.0,6045.0,12.7,17.0,w,INDIVIDUAL,1.0,0.0,0,5.0,0,4.0,0.219
2000.0,36,11.39,65.85,B3,MORTGAGE,63295.0,Verified,2016-11-01,home_improvement,11.66,1995-07-01,7.0,0.0,13876.0,74.2,23.0,f,INDIVIDUAL,2.0,0.0,0,0.0,0,21.3,0.032
8500.0,36,10.15,274.88,B2,RENT,37000.0,Not Verified,2014-07-01,credit_card,27.47,2007-07-01,14.0,0.0,6435.0,53.6,18.0,f,INDIVIDUAL,0.0,0.0,1,5.0,0,7.0,0.23
20000.0,60,20.75,538.26,E2,RENT,116000.0,Verified,2016-03-01,debt_consolidation,14.27,1994-06-01,13.0,0.0,20096.0,57.1,19.0,w,INDIVIDUAL,0.0,0.0,0,3.0,0,21.7,0.172
9000.0,36,11.67,297.52,B4,RENT,49000.0,Not Verified,2014-06-01,credit_card,13.1,1995-08-01,14.0,1.0,8815.0,50.0,51.0,f,INDIVIDUAL,0.0,1.0,0,8.0,0,18.8,0.184
30000.0,60,22.06,244.73,F4,RENT,88000.0,Verified,2012-01-01,debt_consolidation,23.88,1994-09-01,17.0,0.0,14523.0,57.9,36.0,f,INDIVIDUAL,2.0,0.0,0,10.0,0,17.3,0.341
5000.0,36,13.49,169.66,C1,RENT,60000.0,Source Verified,2011-11-01,credit_card,17.4,1999-08-01,8.0,0.0,6231.0,94.4,15.0,f,INDIVIDUAL,0.0,0.0,0,10.0,0,12.3,0.083
11075.0,60,18.92,286.81,D4,RENT,26400.0,Source Verified,2014-04-01,debt_consolidation,22.05,2007-08-01,6.0,0.0,10730.0,95.8,8.0,w,INDIVIDUAL,0.0,0.0,1,5.0,0,6.7,0.42
7900.0,36,6.39,241.74,A2,RENT,112000.0,Source Verified,2015-04-01,debt_consolidation,11.56,2000-06-01,11.0,0.0,10149.0,35.0,39.0,w,INDIVIDUAL,4.0,0.0,0,8.0,0,14.8,0.071
20400.0,36,17.86,736.08,D5,MORTGAGE,60000.0,Source Verified,2014-12-01,other,17.96,2004-07-01,6.0,0.0,12974.0,71.7,15.0,f,INDIVIDUAL,0.0,0.0,0,2.0,0,10.4,0.34
35000.0,60,21.0,946.87,E2,MORTGAGE,125000.0,Verified,2013-03-01,debt_consolidation,11.41,1994-12-01,11.0,0.0,5017.0,37.4,43.0,f,INDIVIDUAL,3.0,0.0,0,0.0,0,18.2,0.28
16800.0,36,11.14,551.13,B2,MORTGAGE,120000.0,Not Verified,2013-03-01,debt_consolidation,21.63,1999-08-01,9.0,0.0,98017.0,93.5,29.0,f,INDIVIDUAL,4.0,0.0,1,2.0,0,13.6,0.14
30000.0,36,14.47,1032.2,C2,MORTGAGE,130000.0,Source Verified,2013-12-01,debt_consolidation,12.84,1997-08-01,13.0,0.0,14916.0,71.4,33.0,w,INDIVIDUAL,5.0,0.0,1,10.0,0,16.3,0.231
30800.0,36,21.49,1168.16,D5,RENT,70000.0,Verified,2016-07-01,debt_consolidation,28.87,2003-05-01,11.0,0.0,4980.0,63.0,71.0,w,INDIVIDUAL,0.0,0.0,0,1.0,0,13.2,0.44
20000.0,60,14.65,472.14,C3,MORTGAGE,60000.0,Verified,2011-09-01,debt_consolidation,20.96,2002-10-01,7.0,0.0,11960.0,78.7,21.0,f,INDIVIDUAL,1.0,0.0,0,4.0,0,8.9,0.333
11200.0,36,5.32,337.29,A1,MORTGAGE,40000.0,Source Verified,2015-06-01,credit_card,15.53,1990-04-01,13.0,0.0,3436.0,6.4,35.0,w,INDIVIDUAL,2.0,0.0,1,6.0,1,25.2,0.28
6250.0,36,14.64,215.56,C3,MORTGAGE,52000.0,Not Verified,2014-02-01,debt_consolidation,3.76,2010-06-01,9.0,0.0,5140.0,23.9,10.0,f,INDIVIDUAL,0.0,0.0,0,5.0,0,3.7,0.12
28000.0,60,21.97,772.86,E5,RENT,75000.0,Verified,2012-05-01,debt_consolidation,20.86,1993-10-01,5.0,0.0,7581.0,75.1,34.0,f,INDIVIDUAL,0.0,0.0,0,4.0,0,18.6,0.373
5850.0,36,15.88,205.33,C4,RENT,29577.0,Not Verified,2013-07-01,major_purchase,13.54,2001-01-01,10.0,0.0,12852.0,80.3,10.0,w,INDIVIDUAL,0.0,0.0,0,2.0,0,12.5,0.198
14425.0,60,24.99,423.31,F4,RENT,40227.0,Verified,2015-04-01,debt_consolidation,32.97,1999-03-01,14.0,0.0,27230.0,93.6,20.0,f,INDIVIDUAL,0.0,0.0,0,9.0,0,16.1,0.359
28000.0,36,7.9,876.13,A4,MORTGAGE,215000.0,Source Verified,2014-03-01,credit_card,6.66,2000-03-01,8.0,0.0,28173.0,82.6,20.0,f,INDIVIDUAL,1.0,0.0,0,10.0,0,14.0,0.13
15000.0,36,11.99,498.15,B3,RENT,55000.0,Source Verified,2014-04-01,debt_consolidation,13.38,2006-04-01,14.0,0.0,10676.0,41.1,24.0,w,INDIVIDUAL,0.0,0.0,1,2.0,0,8.0,0.273
18550.0,60,20.49,496.54,E1,RENT,59067.96,Source Verified,2013-04-01,debt_consolidation,19.22,1999-01-01,12.0,0.0,4501.0,38.8,25.0,f,INDIVIDUAL,0.0,0.0,1,3.0,0,14.2,0.314
24000.0,60,11.14,523.5,B2,MORTGAGE,78000.0,Verified,2013-05-01,debt_consolidation,16.55,1997-12-01,21.0,0.0,30876.0,65.6,46.0,f,INDIVIDUAL,1.0,0.0,1,10.0,0,15.4,0.308
4550.0,36,17.57,163.52,D4,MORTGAGE,30540.0,Verified,2014-05-01,home_improvement,12.81,1995-02-01,10.0,0.0,8772.0,56.6,20.0,f,INDIVIDUAL,2.0,0.0,0,6.0,1,19.2,0.149
10000.0,36,8.67,316.47,B1,MORTGAGE,38500.0,Verified,2014-11-01,debt_consolidation,4.83,1992-03-01,4.0,0.0,5619.0,43.2,19.0,f,INDIVIDUAL,2.0,0.0,0,10.0,0,22.7,0.26
9000.0,36,12.99,303.21,C2,MORTGAGE,45760.0,Not Verified,2015-02-01,debt_consolidation,21.67,1991-12-01,6.0,0.0,8076.0,97.3,21.0,f,INDIVIDUAL,5.0,0.0,0,2.0,0,23.2,0.197
1000.0,36,15.27,34.8,C4,RENT,38000.0,Verified,2011-11-01,moving,23.75,1999-10-01,3.0,0.0,16298.0,95.3,9.0,f,INDIVIDUAL,0.0,0.0,0,6.0,0,12.1,0.026
15000.0,36,9.17,478.19,B2,RENT,86000.0,Verified,2015-10-01,debt_consolidation,26.9,1998-12-01,19.0,0.0,21017.0,42.1,60.0,w,INDIVIDUAL,3.0,0.0,1,2.0,0,16.8,0.174
9200.0,36,8.39,289.96,A5,MORTGAGE,116887.0,Verified,2014-10-01,credit_card,12.74,2002-04-01,10.0,1.0,8130.0,56.5,21.0,w,INDIVIDUAL,1.0,1.0,0,6.0,1,12.5,0.079
9000.0,36,8.94,285.95,A5,RENT,37000.0,Not Verified,2009-10-01,debt_consolidation,4.51,1990-10-01,6.0,0.0,8321.0,30.7,19.0,f,INDIVIDUAL,1.0,0.0,0,6.0,0,19.0,0.243
32425.0,60,14.16,757.17,C2,RENT,150000.0,Verified,2014-03-01,debt_consolidation,21.94,1993-08-01,12.0,0.0,8390.0,24.0,36.0,f,INDIVIDUAL,0.0,0.0,0,3.0,0,20.6,0.216
8000.0,36,13.33,270.83,C3,RENT,50000.0,Source Verified,2015-06-01,debt_consolidation,27.1,1998-10-01,6.0,0.0,6313.0,37.6,17.0,f,INDIVIDUAL,0.0,0.0,0,10.0,0,16.7,0.16
3000.0,36,8.9,95.26,A5,MORTGAGE,36000.0,Source Verified,2013-12-01,home_improvement,11.03,2003-10-01,4.0,0.0,4050.0,69.8,15.0,f,INDIVIDUAL,1.0,0.0,0,1.0,0,10.2,0.083
21000.0,60,9.99,446.09,B3,MORTGAGE,72000.0,Not Verified,2015-09-01,debt_consolidation,12.5,1978-03-01,9.0,0.0,1062.0,3.8,27.0,w,INDIVIDUAL,3.0,0.0,0,6.0,1,37.5,0.292
31825.0,60,25.8,949.1,G1,RENT,104000.0,Source Verified,2013-12-01,credit_card,13.04,2000-04-01,19.0,0.0,31825.0,78.2,33.0,w,INDIVIDUAL,4.0,0.0,0,10.0,0,13.7,0.306
4000.0,36,17.27,143.15,C5,RENT,41000.0,Verified,2013-04-01,credit_card,15.34,2004-06-01,9.0,0.0,15155.0,85.6,10.0,f,INDIVIDUAL,0.0,0.0,0,1.0,0,8.8,0.098
10000.0,60,18.25,255.3,E1,MORTGAGE,67890.0,Verified,2015-06-01,debt_consolidation,20.22,1998-01-01,11.0,1.0,9650.0,69.9,37.0,f,INDIVIDUAL,3.0,1.0,0,10.0,0,17.4,0.147
13850.0,60,25.83,413.29,G2,RENT,33000.0,Verified,2015-04-01,debt_consolidation,26.18,2005-05-01,13.0,0.0,8851.0,43.4,50.0,f,INDIVIDUAL,0.0,0.0,0,1.0,0,9.9,0.42
14000.0,36,10.99,458.28,B3,MORTGAGE,156000.0,Not Verified,2014-10-01,house,11.54,2007-01-01,6.0,0.0,12799.0,48.5,12.0,f,INDIVIDUAL,1.0,0.0,0,4.0,0,7.7,0.09
3000.0,36,21.0,113.03,E1,MORTGAGE,60000.0,Not Verified,2013-10-01,other,18.4,2004-06-01,6.0,0.0,6863.0,84.7,9.0,f,INDIVIDUAL,1.0,0.0,0,7.0,0,9.3,0.05
24000.0,60,14.79,568.32,C4,MORTGAGE,130000.0,Verified,2011-05-01,credit_card,17.16,1994-11-01,13.0,0.0,43227.0,46.2,39.0,f,INDIVIDUAL,2.0,0.0,0,6.0,0,16.5,0.185
20000.0,36,6.62,614.08,A2,MORTGAGE,130000.0,Verified,2013-06-01,debt_consolidation,10.39,1995-03-01,15.0,0.0,4545.0,16.5,27.0,f,INDIVIDUAL,2.0,0.0,0,10.0,0,18.3,0.154
22000.0,60,15.31,526.97,C5,MORTGAGE,81000.0,Verified,2016-03-01,debt_consolidation,7.3,2001-07-01,10.0,1.0,10364.0,46.5,15.0,w,INDIVIDUAL,3.0,1.0,0,10.0,0,14.7,0.272
29175.0,60,11.99,648.84,B5,MORTGAGE,93000.0,Verified,2011-09-01,debt_consolidation,20.44,1993-05-01,7.0,0.0,40048.0,70.1,20.0,f,INDIVIDUAL,1.0,0.0,0,1.0,0,18.3,0.314
20000.0,36,6.49,612.89,A2,MORTGAGE,115000.0,Source Verified,2014-09-01,home_improvement,3.54,1994-08-01,7.0,0.0,15812.0,12.9,18.0,f,INDIVIDUAL,5.0,0.0,0,3.0,0,20.1,0.174
16000.0,36,12.12,532.35,B3,MORTGAGE,50000.0,Verified,2012-12-01,debt_consolidation,29.47,2000-02-01,13.0,0.0,20452.0,50.6,26.0,f,INDIVIDUAL,0.0,0.0,0,10.0,0,12.8,0.32
16000.0,36,12.69,536.72,B5,RENT,58500.0,Source Verified,2011-12-01,debt_consolidation,20.64,1994-09-01,8.0,0.0,26224.0,89.3,10.0,f,INDIVIDUAL,0.0,0.0,1,1.0,0,17.2,0.274
1400.0,36,15.96,49.2,C5,MORTGAGE,67000.0,Not Verified,2012-01-01,home_improvement,19.57,2004-01-01,8.0,0.0,13806.0,77.6,14.0,f,INDIVIDUAL,0.0,0.0,0,3.0,0,8.0,0.021
4200.0,36,16.55,148.81,D2,RENT,77000.0,Source Verified,2015-07-01,small_business,16.93,2001-12-01,7.0,1.0,3008.0,38.1,28.0,f,INDIVIDUAL,4.0,1.0,0,3.0,0,13.6,0.055
17500.0,60,18.99,453.87,E1,RENT,40000.0,Source Verified,2014-07-01,debt_consolidation,18.63,1996-04-01,7.0,0.0,9465.0,46.4,13.0,f,INDIVIDUAL,0.0,0.0,0,10.0,0,18.2,0.438
30000.0,36,15.22,1043.2,C3,MORTGAGE,145000.0,Source Verified,2013-09-01,debt_consolidation,13.5,2003-01-01,12.0,0.0,15948.0,34.1,21.0,w,INDIVIDUAL,2.0,0.0,1,6.0,0,10.7,0.207
35000.0,60,15.61,843.9,C5,RENT,94000.0,Verified,2014-02-01,other,4.09,2003-08-01,11.0,0.0,5629.0,10.0,32.0,f,INDIVIDUAL,4.0,0.0,0,0.0,0,10.5,0.372
6000.0,36,9.17,191.28,B2,MORTGAGE,149000.0,Source Verified,2015-08-01,credit_card,16.98,1995-06-01,15.0,0.0,10745.0,66.3,40.0,w,INDIVIDUAL,5.0,0.0,0,2.0,0,20.2,0.04
10400.0,36,12.99,350.37,B5,MORTGAGE,71000.0,Source Verified,2014-04-01,debt_consolidation,13.83,2004-01-01,11.0,0.0,7726.0,34.5,19.0,w,INDIVIDUAL,3.0,0.0,0,10.0,0,10.2,0.146
18350.0,36,12.29,612.03,C1,RENT,55000.0,Verified,2015-10-01,credit_card,20.23,2005-09-01,9.0,1.0,12689.0,69.3,11.0,f,INDIVIDUAL,0.0,1.0,0,10.0,0,10.1,0.334
12000.0,60,11.44,263.55,B4,RENT,50000.0,Verified,2014-12-01,credit_card,23.87,1997-10-01,11.0,0.0,5571.0,47.6,23.0,w,INDIVIDUAL,0.0,0.0,0,0.0,0,17.2,0.24
10000.0,36,5.32,301.15,A1,MORTGAGE,95000.0,Not Verified,2015-06-01,credit_card,2.83,2004-12-01,6.0,0.0,4853.0,18.7,23.0,w,INDIVIDUAL,1.0,0.0,0,10.0,0,10.5,0.105
15000.0,36,6.99,463.09,A3,RENT,75000.0,Not Verified,2014-11-01,credit_card,8.58,2005-08-01,25.0,0.0,18931.0,57.0,50.0,f,INDIVIDUAL,0.0,0.0,0,0.0,0,9.3,0.2
4000.0,36,7.29,124.04,A4,MORTGAGE,40000.0,Not Verified,2011-03-01,car,10.41,2000-09-01,6.0,0.0,4775.0,43.0,12.0,f,INDIVIDUAL,0.0,0.0,0,1.0,0,10.5,0.1
25000.0,36,7.9,782.26,A4,RENT,61000.0,Verified,2013-12-01,debt_consolidation,23.06,1981-08-01,13.0,0.0,15630.0,32.4,18.0,f,INDIVIDUAL,0.0,0.0,0,2.0,0,32.3,0.41
16200.0,36,14.65,558.81,C5,MORTGAGE,53000.0,Verified,2015-07-01,debt_consolidation,25.61,1996-06-01,13.0,0.0,10532.0,47.9,27.0,f,INDIVIDUAL,1.0,0.0,0,6.0,1,19.1,0.306
20000.0,60,14.65,472.14,C5,RENT,45000.0,Verified,2015-06-01,credit_card,18.67,2006-09-01,18.0,0.0,4969.0,15.4,38.0,w,INDIVIDUAL,0.0,0.0,1,5.0,0,8.7,0.444
18000.0,60,13.33,412.61,C3,RENT,70000.0,Verified,2015-07-01,debt_consolidation,11.16,1997-10-01,26.0,0.0,47.0,0.2,50.0,w,INDIVIDUAL,0.0,0.0,0,10.0,0,17.7,0.257
24700.0,60,19.24,644.0,E2,MORTGAGE,65000.0,Source Verified,2015-01-01,debt_consolidation,18.46,2000-09-01,6.0,0.0,21413.0,100.5,10.0,f,INDIVIDUAL,1.0,0.0,1,10.0,0,14.3,0.38
17000.0,36,12.49,568.64,B4,MORTGAGE,150000.0,Source Verified,2014-04-01,debt_consolidation,14.36,1996-02-01,6.0,0.0,8578.0,57.6,27.0,w,INDIVIDUAL,4.0,0.0,0,10.0,0,18.2,0.113
19875.0,60,20.49,532.0,E2,MORTGAGE,66600.0,Not Verified,2014-04-01,debt_consolidation,29.42,1992-10-01,10.0,0.0,41172.0,91.5,26.0,w,INDIVIDUAL,6.0,0.0,0,10.0,0,21.5,0.298
8000.0,36,14.33,274.71,C1,MORTGAGE,55600.0,Not Verified,2012-12-01,debt_consolidation,20.78,2001-07-01,8.0,0.0,7263.0,89.7,17.0,f,INDIVIDUAL,1.0,0.0,0,9.0,0,11.4,0.144
18000.0,36,20.49,673.45,E1,RENT,67000.0,Verified,2013-06-01,debt_consolidation,7.88,1994-08-01,15.0,1.0,14579.0,48.9,26.0,f,INDIVIDUAL,0.0,1.0,1,9.0,0,18.8,0.269
8000.0,36,12.69,268.36,B5,RENT,160000.0,Source Verified,2011-10-01,other,10.03,1995-12-01,14.0,0.0,7841.0,86.2,32.0,f,INDIVIDUAL,2.0,0.0,0,7.0,0,15.8,0.05
8000.0,36,9.17,255.04,B1,MORTGAGE,83000.0,Not Verified,2014-06-01,credit_card,23.11,1997-02-01,15.0,0.0,19506.0,85.9,32.0,f,INDIVIDUAL,0.0,0.0,0,2.0,0,17.3,0.096
25000.0,60,18.62,643.3,F2,MORTGAGE,60000.0,Source Verified,2011-04-01,credit_card,14.68,1991-12-01,10.0,0.0,13070.0,51.9,33.0,f,INDIVIDUAL,2.0,0.0,0,0.0,0,19.3,0.417
22350.0,36,15.61,781.47,D1,MORTGAGE,56000.0,Source Verified,2014-07-01,debt_consolidation,24.07,2001-09-01,11.0,1.0,1964.0,98.2,41.0,w,INDIVIDUAL,5.0,1.0,0,1.0,0,12.8,0.399
9000.0,36,11.14,295.25,B2,RENT,35000.0,Not Verified,2012-11-01,credit_card,26.91,2000-10-01,10.0,0.0,8415.0,49.2,21.0,f,INDIVIDUAL,0.0,0.0,0,8.0,0,12.1,0.257
15000.0,60,21.18,407.33,E3,MORTGAGE,45000.0,Not Verified,2016-03-01,debt_consolidation,16.88,2003-03-01,7.0,3.0,6641.0,63.2,10.0,w,INDIVIDUAL,1.0,2.0,0,10.0,0,13.0,0.333
20000.0,36,9.99,645.25,B3,RENT,53000.0,Source Verified,2015-04-01,debt_consolidation,15.19,1984-04-01,11.0,0.0,29662.0,77.8,19.0,w,INDIVIDUAL,0.0,0.0,0,8.0,0,31.0,0.377
12500.0,36,7.62,389.52,A3,MORTGAGE,126000.0,Source Verified,2014-02-01,debt_consolidation,10.03,1993-01-01,12.0,0.0,12656.0,45.2,34.0,w,INDIVIDUAL,3.0,0.0,0,6.0,1,21.1,0.099
19600.0,60,23.7,560.45,F1,MORTGAGE,114000.0,Verified,2013-09-01,other,11.38,1999-02-01,6.0,0.0,1663.0,15.1,23.0,f,INDIVIDUAL,4.0,0.0,0,6.0,1,14.6,0.172
23550.0,36,15.41,821.11,D1,MORTGAGE,75000.0,Source Verified,2015-11-01,debt_consolidation,9.95,1996-03-01,9.0,0.0,10155.0,41.8,15.0,w,INDIVIDUAL,0.0,0.0,0,8.0,0,19.7,0.314
20400.0,60,19.47,534.48,D5,MORTGAGE,48600.0,Source Verified,2014-04-01,debt_consolidation,18.69,1997-12-01,9.0,0.0,11769.0,67.3,26.0,f,INDIVIDUAL,7.0,0.0,0,8.0,0,16.3,0.42
25850.0,60,23.99,743.51,F2,MORTGAGE,360000.0,Verified,2015-02-01,debt_consolidation,9.82,2003-02-01,8.0,0.0,23453.0,86.9,30.0,w,INDIVIDUAL,3.0,0.0,0,10.0,0,12.0,0.072
3000.0,36,10.99,98.21,B3,MORTGAGE,90000.0,Not Verified,2014-06-01,debt_consolidation,23.0,1998-12-01,12.0,0.0,6389.0,21.0,25.0,w,INDIVIDUAL,3.0,0.0,1,10.0,0,15.5,0.033
12800.0,36,13.67,435.43,B5,RENT,60000.0,Source Verified,2012-03-01,debt_consolidation,19.94,2002-09-01,13.0,0.0,11751.0,34.7,29.0,f,INDIVIDUAL,2.0,0.0,0,2.0,0,9.5,0.213
1600.0,36,18.25,58.05,D2,MORTGAGE,70000.0,Source Verified,2013-08-01,home_improvement,10.25,1995-04-01,3.0,1.0,5527.0,79.0,10.0,f,INDIVIDUAL,0.0,1.0,0,2.0,0,18.3,0.023
21000.0,36,6.62,644.78,A2,RENT,135000.0,Source Verified,2013-11-01,credit_card,19.43,1997-06-01,24.0,0.0,35566.0,53.5,39.0,f,INDIVIDUAL,0.0,0.0,0,6.0,0,16.4,0.156
8000.0,36,7.62,249.3,A3,MORTGAGE,30000.0,Source Verified,2012-05-01,small_business,11.0,2005-12-01,6.0,0.0,5262.0,41.4,8.0,f,INDIVIDUAL,1.0,0.0,0,2.0,0,6.4,0.267
14400.0,60,15.8,348.66,C3,MORTGAGE,60478.0,Source Verified,2013-06-01,debt_consolidation,10.58,1998-06-01,12.0,0.0,5840.0,57.8,24.0,w,INDIVIDUAL,2.0,0.0,1,10.0,0,15.0,0.238
35000.0,60,13.33,802.29,C3,RENT,110000.0,Verified,2015-05-01,debt_consolidation,14.38,1993-08-01,11.0,0.0,32472.0,76.8,23.0,w,INDIVIDUAL,2.0,0.0,0,0.0,0,21.7,0.318
16300.0,36,13.35,551.97,C2,RENT,55000.0,Source Verified,2014-07-01,debt_consolidation,24.87,2002-06-01,6.0,1.0,1771.0,44.3,17.0,f,INDIVIDUAL,3.0,1.0,0,4.0,0,12.1,0.296
25000.0,36,11.53,824.76,B5,RENT,100000.0,Source Verified,2015-03-01,debt_consolidation,12.58,1995-03-01,20.0,0.0,21789.0,88.2,32.0,f,INDIVIDUAL,0.0,0.0,0,6.0,0,20.0,0.25
30000.0,60,14.65,708.2,C5,RENT,75000.0,Verified,2015-07-01,debt_consolidation,18.99,1994-12-01,13.0,0.0,27628.0,51.2,18.0,w,INDIVIDUAL,0.0,0.0,0,10.0,0,20.6,0.4
28000.0,60,17.1,697.38,C5,MORTGAGE,155000.0,Source Verified,2013-11-01,debt_consolidation,15.57,2000-08-01,14.0,0.0,41887.0,80.2,20.0,f,INDIVIDUAL,0.0,0.0,0,10.0,0,13.3,0.181
23450.0,36,6.03,713.72,A1,MORTGAGE,168000.0,Not Verified,2013-02-01,credit_card,13.21,1993-07-01,9.0,0.0,29683.0,65.0,22.0,w,INDIVIDUAL,5.0,0.0,0,8.0,0,19.6,0.14
12000.0,36,14.33,412.06,C1,MORTGAGE,42000.0,Verified,2013-03-01,credit_card,23.32,2007-09-01,14.0,0.0,14538.0,60.8,22.0,w,INDIVIDUAL,1.0,0.0,0,5.0,0,5.5,0.286
6850.0,36,13.53,232.56,B5,MORTGAGE,60000.0,Verified,2013-12-01,other,9.8,1998-11-01,3.0,1.0,5558.0,74.1,6.0,f,INDIVIDUAL,2.0,1.0,0,6.0,1,15.1,0.114
2500.0,36,14.99,86.66,C5,RENT,34000.0,Not Verified,2014-06-01,debt_consolidation,34.77,1996-02-01,13.0,1.0,4509.0,34.7,22.0,f,INDIVIDUAL,0.0,0.0,0,2.0,0,18.3,0.074
20000.0,36,11.67,661.14,B4,RENT,142000.0,Source Verified,2014-10-01,debt_consolidation,14.57,2005-06-01,13.0,0.0,36700.0,79.8,26.0,f,INDIVIDUAL,1.0,0.0,0,0.0,0,9.3,0.141
28025.0,60,8.18,570.67,B1,OWN,130000.0,Verified,2015-04-01,debt_consolidation,13.03,1986-10-01,19.0,0.0,59747.0,18.0,45.0,w,INDIVIDUAL,3.0,0.0,0,10.0,0,28.5,0.216
18775.0,36,13.68,638.78,C1,MORTGAGE,75000.0,Source Verified,2013-08-01,debt_consolidation,8.86,1989-07-01,8.0,1.0,6181.0,19.7,29.0,f,INDIVIDUAL,3.0,1.0,0,1.0,0,24.1,0.25
20000.0,36,13.11,674.94,B4,OWN,86000.0,Not Verified,2012-09-01,debt_consolidation,12.52,2005-10-01,7.0,0.0,8751.0,78.8,10.0,f,INDIVIDUAL,0.0,0.0,0,0.0,0,6.9,0.233
4500.0,36,12.35,150.22,B4,MORTGAGE,35000.0,Verified,2013-07-01,debt_consolidation,22.87,1987-04-01,10.0,1.0,25144.0,47.9,22.0,w,INDIVIDUAL,3.0,1.0,0,3.0,0,26.3,0.129
3500.0,36,11.99,116.24,B5,RENT,60000.0,Not Verified,2014-11-01,debt_consolidation,27.16,2000-05-01,17.0,0.0,54089.0,90.0,27.0,f,INDIVIDUAL,2.0,0.0,0,8.0,0,14.5,0.058
14400.0,60,26.77,437.74,G1,MORTGAGE,40000.0,Verified,2015-12-01,debt_consolidation,26.19,2008-01-01,8.0,1.0,8630.0,56.8,14.0,f,INDIVIDUAL,3.0,0.0,1,9.0,0,7.9,0.36
15000.0,36,6.03,456.54,A1,OWN,52000.0,Source Verified,2014-07-01,credit_card,17.66,1998-05-01,10.0,0.0,12960.0,30.3,23.0,f,INDIVIDUAL,2.0,0.0,0,2.0,0,16.2,0.288
6000.0,36,10.99,196.41,B4,RENT,23000.0,Not Verified,2015-03-01,debt_consolidation,15.81,2009-07-01,7.0,0.0,1455.0,9.4,9.0,f,INDIVIDUAL,0.0,0.0,0,3.0,0,5.7,0.261
25450.0,36,7.62,793.06,A3,MORTGAGE,57372.0,Verified,2013-08-01,debt_consolidation,8.47,1988-09-01,6.0,0.0,6467.0,55.7,18.0,f,INDIVIDUAL,5.0,0.0,0,6.0,1,24.9,0.444
2500.0,36,8.39,78.8,A5,RENT,22000.0,Not Verified,2014-08-01,major_purchase,9.55,2008-07-01,15.0,0.0,910.0,16.2,19.0,w,INDIVIDUAL,0.0,0.0,0,1.0,0,6.1,0.114
21950.0,60,14.33,514.51,C2,RENT,48781.0,Verified,2013-07-01,debt_consolidation,18.52,1990-03-01,11.0,0.0,14346.0,35.9,16.0,f,INDIVIDUAL,0.0,0.0,0,10.0,0,23.3,0.45
12000.0,60,17.86,303.81,D5,RENT,50000.0,Source Verified,2014-11-01,debt_consolidation,27.68,2003-06-01,12.0,1.0,13956.0,80.2,15.0,w,INDIVIDUAL,0.0,1.0,0,10.0,0,11.4,0.24
15350.0,36,17.86,553.87,D5,OWN,48000.0,Source Verified,2015-02-01,debt_consolidation,37.45,2004-08-01,8.0,0.0,15870.0,93.4,14.0,f,INDIVIDUAL,0.0,0.0,1,1.0,0,10.5,0.32
17000.0,36,11.14,557.69,B2,MORTGAGE,87000.0,Source Verified,2012-12-01,credit_card,10.51,2002-05-01,11.0,0.0,18760.0,49.0,30.0,f,INDIVIDUAL,7.0,0.0,0,10.0,0,10.6,0.195
3000.0,36,19.52,110.76,D4,RENT,33000.0,Not Verified,2013-09-01,other,15.71,2007-06-01,7.0,0.0,3387.0,70.6,10.0,f,INDIVIDUAL,0.0,0.0,0,8.0,0,6.3,0.091
2750.0,36,14.33,94.43,C1,MORTGAGE,43150.0,Not Verified,2013-02-01,major_purchase,24.11,1999-11-01,17.0,0.0,18975.0,45.8,31.0,f,INDIVIDUAL,1.0,0.0,0,7.0,0,13.3,0.064
20000.0,60,14.99,475.7,C5,RENT,48000.0,Source Verified,2014-06-01,debt_consolidation,17.78,2003-12-01,14.0,0.0,18547.0,48.0,31.0,f,INDIVIDUAL,0.0,0.0,0,0.0,0,10.5,0.417
12800.0,36,7.62,398.87,A3,MORTGAGE,72000.0,Source Verified,2014-04-01,debt_consolidation,13.15,1985-04-01,12.0,0.0,6783.0,14.4,25.0,w,INDIVIDUAL,4.0,0.0,0,10.0,0,29.0,0.178
5400.0,36,8.9,171.47,A5,RENT,55000.0,Source Verified,2014-04-01,credit_card,30.72,1994-07-01,10.0,1.0,7954.0,34.6,52.0,w,INDIVIDUAL,7.0,1.0,0,0.0,0,19.8,0.098
6000.0,36,11.71,198.46,B3,RENT,75000.0,Source Verified,2012-01-01,debt_consolidation,14.91,1997-10-01,6.0,0.0,13770.0,93.0,21.0,f,INDIVIDUAL,1.0,0.0,0,5.0,0,14.3,0.08
13925.0,36,24.99,553.59,E4,RENT,37500.0,Verified,2016-06-01,debt_consolidation,9.31,2006-09-01,11.0,0.0,2893.0,41.3,15.0,f,INDIVIDUAL,0.0,0.0,0,2.0,0,9.7,0.371
6600.0,36,10.16,213.46,B1,MORTGAGE,52000.0,Not Verified,2012-10-01,debt_consolidation,20.52,1999-07-01,6.0,0.0,12659.0,54.6,24.0,f,INDIVIDUAL,4.0,0.0,0,10.0,0,13.3,0.127
11000.0,36,11.55,363.0,B3,RENT,60000.0,Not Verified,2013-07-01,credit_card,4.36,2005-04-01,3.0,0.0,8280.0,64.2,6.0,f,INDIVIDUAL,2.0,0.0,0,0.0,0,8.2,0.183
12500.0,60,17.27,223.11,D3,RENT,30000.0,Source Verified,2011-12-01,debt_consolidation,13.16,1995-04-01,7.0,1.0,9844.0,70.8,28.0,f,INDIVIDUAL,2.0,1.0,1,5.0,0,16.7,0.417
13750.0,36,11.14,451.07,B2,RENT,36000.0,Verified,2012-08-01,debt_consolidation,20.07,2007-12-01,10.0,0.0,11690.0,59.0,10.0,f,INDIVIDUAL,0.0,0.0,0,5.0,0,4.7,0.382
19200.0,60,8.18,390.97,B1,MORTGAGE,89000.0,Not Verified,2015-05-01,credit_card,23.09,1990-10-01,17.0,0.0,55838.0,71.0,30.0,w,INDIVIDUAL,3.0,0.0,0,10.0,0,24.6,0.216
4325.0,36,8.9,137.34,A5,OWN,30000.0,Source Verified,2014-05-01,credit_card,12.6,1996-08-01,7.0,0.0,10624.0,55.6,45.0,w,INDIVIDUAL,6.0,0.0,0,6.0,1,17.7,0.144
17175.0,36,15.8,602.13,C3,MORTGAGE,52000.0,Not Verified,2013-04-01,debt_consolidation,12.35,1990-10-01,12.0,0.0,7522.0,33.0,25.0,f,INDIVIDUAL,1.0,0.0,0,10.0,0,22.5,0.33
5000.0,36,15.31,174.09,C5,RENT,170000.0,Verified,2016-02-01,home_improvement,12.74,2002-12-01,12.0,1.0,17520.0,33.1,16.0,w,INDIVIDUAL,1.0,1.0,1,10.0,0,13.2,0.029
35000.0,60,25.57,1039.03,F5,MORTGAGE,100000.0,Verified,2015-05-01,car,4.33,1999-09-01,12.0,1.0,2177.0,10.1,25.0,f,INDIVIDUAL,3.0,0.0,1,0.0,0,15.7,0.35
28200.0,36,17.77,1016.25,D1,MORTGAGE,96000.0,Verified,2013-02-01,debt_consolidation,10.2,1996-10-01,15.0,0.0,11622.0,70.4,26.0,f,INDIVIDUAL,2.0,0.0,0,10.0,0,16.3,0.294
10000.0,36,15.31,348.18,C3,RENT,62467.0,Source Verified,2012-02-01,credit_card,13.87,2005-07-01,9.0,0.0,10549.0,49.1,18.0,f,INDIVIDUAL,1.0,0.0,0,2.0,0,6.6,0.16
7000.0,36,12.29,233.48,C1,MORTGAGE,45000.0,Verified,2015-07-01,debt_consolidation,21.92,1996-08-01,11.0,1.0,10643.0,49.5,37.0,w,INDIVIDUAL,4.0,1.0,0,5.0,0,18.9,0.156
20000.0,36,15.61,699.3,D1,RENT,72000.0,Verified,2014-05-01,debt_consolidation,24.85,1994-10-01,17.0,0.0,15781.0,43.0,37.0,w,INDIVIDUAL,2.0,0.0,0,0.0,0,19.6,0.278
10000.0,36,8.9,317.54,A5,MORTGAGE,43000.0,Source Verified,2014-01-01,credit_card,15.49,1999-02-01,10.0,0.0,8132.0,30.2,18.0,w,INDIVIDUAL,0.0,0.0,0,10.0,0,14.9,0.233
22800.0,60,19.05,592.08,D4,MORTGAGE,62000.0,Verified,2012-07-01,debt_consolidation,21.08,1979-05-01,8.0,1.0,5071.0,40.9,23.0,f,INDIVIDUAL,0.0,1.0,1,5.0,0,33.2,0.368
35000.0,60,22.47,976.04,E5,RENT,90000.0,Verified,2012-08-01,credit_card,29.3,1966-08-01,19.0,0.0,34924.0,80.1,38.0,f,INDIVIDUAL,0.0,0.0,0,10.0,0,46.0,0.389
12000.0,36,15.31,417.81,C2,RENT,125000.0,Not Verified,2013-03-01,debt_consolidation,10.99,1996-11-01,6.0,0.0,8495.0,84.1,16.0,w,INDIVIDUAL,0.0,0.0,0,1.0,0,16.3,0.096
12000.0,60,19.42,314.07,E3,RENT,207000.0,Source Verified,2011-10-01,debt_consolidation,16.5,1992-03-01,8.0,0.0,62909.0,74.4,22.0,f,INDIVIDUAL,1.0,0.0,0,4.0,0,19.6,0.058
16000.0,60,17.57,402.57,D4,RENT,135000.0,Source Verified,2015-02-01,debt_consolidation,14.21,2000-03-01,11.0,0.0,12937.0,78.9,21.0,f,INDIVIDUAL,2.0,0.0,0,2.0,0,14.9,0.119
24000.0,60,15.8,581.09,C3,MORTGAGE,100000.0,Verified,2012-12-01,debt_consolidation,27.62,1990-08-01,17.0,0.0,41142.0,90.3,56.0,f,INDIVIDUAL,9.0,0.0,0,6.0,0,22.3,0.24
35000.0,60,19.05,908.89,D4,MORTGAGE,94500.0,Verified,2013-06-01,debt_consolidation,21.5,1999-11-01,11.0,0.0,21737.0,50.2,24.0,f,INDIVIDUAL,7.0,0.0,1,10.0,0,13.6,0.37
16000.0,36,9.76,514.48,B3,OWN,100000.0,Source Verified,2015-12-01,debt_consolidation,20.22,2006-07-01,18.0,0.0,20932.0,65.0,25.0,w,INDIVIDUAL,0.0,0.0,1,3.0,0,9.4,0.16
30000.0,36,12.69,1006.35,C2,MORTGAGE,110000.0,Source Verified,2015-09-01,major_purchase,2.22,1993-12-01,5.0,1.0,7736.0,57.3,10.0,w,INDIVIDUAL,1.0,0.0,1,10.0,0,21.7,0.273
19200.0,60,18.25,490.17,E1,RENT,79000.0,Verified,2015-04-01,other,12.46,1992-12-01,21.0,0.0,30008.0,49.4,38.0,w,INDIVIDUAL,1.0,0.0,1,3.0,0,22.3,0.243
7000.0,36,10.99,229.14,B2,MORTGAGE,100000.0,Not Verified,2014-02-01,credit_card,12.44,1994-02-01,12.0,0.0,22347.0,56.6,32.0,f,INDIVIDUAL,1.0,0.0,0,3.0,0,20.0,0.07
14000.0,36,17.27,501.03,C5,MORTGAGE,206400.0,Source Verified,2013-04-01,other,14.92,1993-09-01,14.0,0.0,27960.0,87.6,32.0,f,INDIVIDUAL,4.0,0.0,0,4.0,0,19.6,0.068
20000.0,36,10.99,654.68,B2,MORTGAGE,89000.0,Verified,2013-10-01,debt_consolidation,14.1,1991-03-01,15.0,0.0,39128.0,54.0,33.0,f,INDIVIDUAL,0.0,0.0,0,10.0,0,22.6,0.225
5750.0,36,16.99,204.98,D3,MORTGAGE,40000.0,Source Verified,2015-12-01,debt_consolidation,8.85,2012-05-01,15.0,1.0,12282.0,63.3,15.0,w,INDIVIDUAL,1.0,0.0,0,8.0,0,3.6,0.144
12000.0,36,8.39,378.2,A5,MORTGAGE,65000.0,Not Verified,2014-08-01,debt_consolidation,21.82,2000-08-01,7.0,0.0,13830.0,71.3,14.0,f,INDIVIDUAL,2.0,0.0,0,10.0,0,14.0,0.185
25000.0,60,10.99,543.44,B4,MORTGAGE,101000.0,Not Verified,2015-07-01,debt_consolidation,9.77,2000-05-01,9.0,0.0,11767.0,28.7,20.0,w,INDIVIDUAL,3.0,0.0,0,10.0,0,15.2,0.248
18000.0,60,13.49,414.09,C1,RENT,65000.0,Verified,2011-11-01,debt_consolidation,8.79,1999-07-01,6.0,0.0,22336.0,84.3,16.0,f,INDIVIDUAL,0.0,0.0,0,9.0,0,12.3,0.277
28350.0,36,19.72,1049.55,D5,RENT,70000.0,Source Verified,2012-10-01,debt_consolidation,28.89,1998-12-01,11.0,0.0,10119.0,90.3,34.0,f,INDIVIDUAL,0.0,0.0,0,9.0,0,13.8,0.405
6200.0,36,14.33,212.9,C1,MORTGAGE,50923.0,Not Verified,2012-11-01,debt_consolidation,14.58,2002-01-01,7.0,0.0,5387.0,65.7,15.0,f,INDIVIDUAL,2.0,0.0,0,2.0,0,10.8,0.122
16000.0,60,16.99,397.56,D1,OWN,46500.0,Source Verified,2013-12-01,debt_consolidation,28.77,2001-08-01,15.0,0.0,18466.0,72.4,23.0,f,INDIVIDUAL,0.0,0.0,0,8.0,0,12.3,0.344
23900.0,36,13.98,816.62,C3,RENT,71000.0,Verified,2014-06-01,house,21.92,1994-02-01,21.0,0.0,14070.0,46.3,35.0,f,INDIVIDUAL,2.0,0.0,1,3.0,0,20.3,0.337
25000.0,60,15.61,602.79,C4,RENT,109000.0,Source Verified,2013-12-01,debt_consolidation,14.97,2003-01-01,9.0,0.0,18568.0,75.8,19.0,f,INDIVIDUAL,2.0,0.0,0,10.0,0,10.9,0.229
18225.0,36,12.99,613.99,C1,MORTGAGE,70000.0,Verified,2014-08-01,debt_consolidation,18.48,2008-10-01,16.0,0.0,7262.0,45.4,21.0,f,INDIVIDUAL,1.0,0.0,0,0.0,0,5.8,0.26
1600.0,36,17.57,57.5,D4,RENT,68000.0,Verified,2015-07-01,moving,25.15,1995-09-01,9.0,2.0,6592.0,58.9,33.0,w,INDIVIDUAL,3.0,2.0,0,1.0,0,19.8,0.024
9000.0,36,10.99,294.61,B4,RENT,18000.0,Not Verified,2015-11-01,credit_card,38.88,2002-10-01,10.0,0.0,14486.0,46.9,17.0,w,INDIVIDUAL,0.0,0.0,0,6.0,1,13.1,0.5
15000.0,36,8.19,471.37,A5,RENT,59000.0,Not Verified,2014-11-01,debt_consolidation,8.81,1995-06-01,10.0,0.0,11587.0,57.4,34.0,f,INDIVIDUAL,0.0,0.0,0,1.0,0,19.4,0.254
14400.0,36,6.62,442.14,A2,RENT,85000.0,Not Verified,2013-01-01,credit_card,3.89,1999-10-01,6.0,0.0,11160.0,41.2,19.0,w,INDIVIDUAL,2.0,0.0,0,8.0,0,13.3,0.169
9000.0,36,11.99,298.89,C1,MORTGAGE,94000.0,Verified,2016-01-01,debt_consolidation,11.63,2002-12-01,16.0,0.0,4142.0,21.6,29.0,w,INDIVIDUAL,3.0,0.0,0,10.0,0,13.1,0.096
11000.0,36,11.67,363.63,B4,MORTGAGE,164000.0,Not Verified,2014-06-01,credit_card,15.27,1996-10-01,18.0,0.0,28121.0,71.4,52.0,w,INDIVIDUAL,3.0,0.0,0,5.0,0,17.7,0.067
18600.0,36,14.99,644.69,C5,RENT,102000.0,Source Verified,2014-11-01,debt_consolidation,7.79,1998-07-01,26.0,0.0,17274.0,47.6,69.0,f,INDIVIDUAL,0.0,0.0,1,0.0,0,16.3,0.182
13000.0,60,8.18,264.72,B1,RENT,42000.0,Not Verified,2015-04-01,debt_consolidation,23.14,2006-08-01,12.0,0.0,13413.0,36.7,27.0,w,INDIVIDUAL,2.0,0.0,0,4.0,0,8.7,0.31
4750.0,36,18.75,173.52,D3,RENT,24000.0,Not Verified,2013-05-01,wedding,29.7,2009-11-01,8.0,0.0,4332.0,44.2,10.0,f,INDIVIDUAL,0.0,0.0,1,4.0,0,3.5,0.198
7800.0,36,14.09,266.93,B5,MORTGAGE,62000.0,Source Verified,2012-12-01,credit_card,12.5,1995-07-01,9.0,0.0,9207.0,80.8,26.0,w,INDIVIDUAL,3.0,0.0,0,0.0,0,17.4,0.126
13500.0,60,10.99,293.46,B3,MORTGAGE,37000.0,Source Verified,2014-10-01,car,13.1,1999-09-01,10.0,1.0,8147.0,32.3,16.0,w,INDIVIDUAL,1.0,1.0,0,10.0,0,15.1,0.365
23475.0,36,22.15,898.35,E5,RENT,62000.0,Verified,2014-07-01,debt_consolidation,8.81,2007-05-01,10.0,1.0,7658.0,55.1,15.0,f,INDIVIDUAL,2.0,0.0,0,10.0,0,7.2,0.379
5000.0,36,18.54,182.12,E1,RENT,16000.0,Verified,2014-11-01,debt_consolidation,21.68,2001-06-01,5.0,1.0,5546.0,84.0,10.0,w,INDIVIDUAL,0.0,1.0,1,6.0,1,13.4,0.312
6000.0,36,10.39,132.24,B4,RENT,61000.0,Not Verified,2008-04-01,credit_card,9.29,1999-10-01,6.0,0.0,14350.0,90.3,9.0,f,INDIVIDUAL,0.0,0.0,0,0.0,0,8.5,0.098
25975.0,60,24.99,762.25,F4,RENT,65000.0,Verified,2014-08-01,small_business,4.0,1995-10-01,7.0,0.0,6508.0,16.6,15.0,f,INDIVIDUAL,0.0,0.0,0,9.0,0,18.8,0.4
17400.0,60,11.67,384.16,B4,OWN,65238.0,Verified,2014-10-01,debt_consolidation,23.09,1995-04-01,20.0,0.0,7828.0,10.4,41.0,w,INDIVIDUAL,0.0,0.0,0,8.0,0,19.5,0.267
21000.0,60,11.44,461.22,B4,RENT,56766.0,Source Verified,2015-02-01,debt_consolidation,25.64,1999-08-01,12.0,0.0,5463.0,18.1,31.0,w,INDIVIDUAL,0.0,0.0,1,0.0,0,15.5,0.37
8000.0,36,13.11,269.98,B4,RENT,65000.0,Not Verified,2013-06-01,debt_consolidation,7.29,1986-01-01,5.0,0.0,2555.0,58.1,7.0,f,INDIVIDUAL,0.0,0.0,0,2.0,0,27.4,0.123
10000.0,36,6.03,304.36,A1,MORTGAGE,133000.0,Verified,2014-02-01,debt_consolidation,10.12,1989-06-01,9.0,0.0,13065.0,40.2,30.0,f,INDIVIDUAL,3.0,0.0,0,10.0,0,24.7,0.075
5600.0,36,5.32,168.65,A1,RENT,72000.0,Not Verified,2016-04-01,credit_card,13.58,2006-09-01,9.0,0.0,9093.0,23.4,16.0,w,INDIVIDUAL,0.0,0.0,0,3.0,0,9.6,0.078
7500.0,36,6.03,228.27,A1,RENT,100000.0,Source Verified,2012-09-01,credit_card,11.59,1991-03-01,8.0,0.0,7554.0,55.1,21.0,f,INDIVIDUAL,2.0,0.0,0,7.0,0,21.5,0.075
21000.0,36,7.62,654.39,A3,RENT,80000.0,Source Verified,2013-11-01,credit_card,9.01,2000-02-01,8.0,0.0,25799.0,49.5,18.0,f,INDIVIDUAL,0.0,0.0,0,2.0,0,13.7,0.262
30000.0,60,12.85,680.3,B4,MORTGAGE,135000.0,Verified,2014-02-01,debt_consolidation,14.55,1996-01-01,11.0,0.0,15469.0,42.1,20.0,f,INDIVIDUAL,2.0,0.0,1,10.0,0,18.1,0.222
6000.0,36,12.99,202.14,B4,OWN,120000.0,Source Verified,2013-09-01,other,6.1,1996-05-01,10.0,0.0,1675.0,6.3,29.0,f,INDIVIDUAL,2.0,0.0,0,6.0,1,17.3,0.05
15975.0,36,12.12,531.52,B3,MORTGAGE,44600.0,Verified,2013-03-01,debt_consolidation,15.42,2000-07-01,7.0,0.0,30182.0,90.4,21.0,f,INDIVIDUAL,3.0,0.0,1,6.0,0,12.7,0.358
20000.0,36,13.11,674.94,B4,MORTGAGE,54000.0,Verified,2013-06-01,credit_card,24.8,1992-04-01,34.0,0.0,17142.0,72.9,51.0,f,INDIVIDUAL,1.0,0.0,1,5.0,0,21.2,0.37
4800.0,36,8.39,151.28,A5,RENT,75000.0,Not Verified,2014-06-01,debt_consolidation,6.53,2004-03-01,9.0,0.0,4015.0,17.8,15.0,f,INDIVIDUAL,0.0,0.0,0,2.0,0,10.3,0.064
16800.0,60,18.99,435.71,D4,RENT,46000.0,Not Verified,2016-04-01,credit_card,17.17,1999-03-01,12.0,1.0,7238.0,36.7,21.0,w,INDIVIDUAL,0.0,1.0,1,10.0,0,17.1,0.365
15000.0,36,15.61,524.48,C3,RENT,42000.0,Not Verified,2013-10-01,debt_consolidation,20.57,2006-09-01,6.0,0.0,7151.0,89.4,12.0,f,INDIVIDUAL,0.0,0.0,1,10.0,0,7.1,0.357
9000.0,36,9.17,286.92,B1,RENT,37600.0,Not Verified,2014-07-01,debt_consolidation,17.84,2002-08-01,14.0,0.0,10369.0,34.6,37.0,f,INDIVIDUAL,0.0,0.0,1,0.0,0,11.9,0.239
15000.0,36,21.0,565.13,E2,RENT,125000.0,Not Verified,2013-06-01,debt_consolidation,11.83,1997-05-01,11.0,0.0,10301.0,89.6,27.0,f,INDIVIDUAL,0.0,0.0,0,10.0,0,16.1,0.12
20000.0,36,12.29,667.06,C1,RENT,43000.0,Source Verified,2015-08-01,other,7.14,2004-11-01,4.0,0.0,9141.0,27.5,14.0,w,INDIVIDUAL,1.0,0.0,0,3.0,0,10.7,0.465
12000.0,36,12.29,400.24,C1,MORTGAGE,100000.0,Not Verified,2015-02-01,debt_consolidation,13.26,2000-10-01,12.0,0.0,31467.0,82.8,19.0,f,INDIVIDUAL,1.0,0.0,0,6.0,0,14.3,0.12
5000.0,36,13.65,170.04,C1,MORTGAGE,39600.0,Source Verified,2014-02-01,debt_consolidation,30.15,1987-06-01,13.0,1.0,3341.0,52.2,49.0,w,INDIVIDUAL,3.0,1.0,0,3.0,0,26.7,0.126
13000.0,36,12.42,434.4,B4,RENT,170000.0,Verified,2011-12-01,other,9.41,1979-08-01,8.0,0.0,10226.0,88.9,32.0,f,INDIVIDUAL,2.0,0.0,0,0.0,0,32.3,0.076
4000.0,36,6.92,123.37,A3,RENT,27996.0,Source Verified,2011-01-01,major_purchase,18.6,2002-12-01,5.0,0.0,5696.0,63.3,10.0,f,INDIVIDUAL,0.0,0.0,0,4.0,0,8.1,0.143
7125.0,36,14.33,244.66,C1,RENT,35000.0,Not Verified,2013-05-01,debt_consolidation,10.8,2006-07-01,11.0,0.0,8471.0,51.0,12.0,w,INDIVIDUAL,0.0,0.0,0,2.0,0,6.8,0.204
6000.0,36,12.12,199.63,B3,RENT,27000.0,Not Verified,2012-09-01,debt_consolidation,29.78,2007-09-01,12.0,0.0,3318.0,41.5,16.0,f,INDIVIDUAL,0.0,0.0,0,1.0,0,5.0,0.222
4200.0,36,11.99,139.49,B3,RENT,40000.0,Source Verified,2014-03-01,credit_card,16.14,1998-02-01,5.0,1.0,1628.0,47.9,10.0,w,INDIVIDUAL,0.0,1.0,0,10.0,0,16.1,0.105
4500.0,36,12.29,150.09,C1,RENT,34000.0,Not Verified,2015-02-01,credit_card,25.34,2001-08-01,13.0,1.0,6684.0,45.2,24.0,w,INDIVIDUAL,0.0,1.0,0,10.0,0,13.5,0.132
18000.0,60,28.49,565.78,G4,RENT,36000.0,Verified,2015-07-01,debt_consolidation,27.6,2000-11-01,12.0,0.0,7770.0,102.2,13.0,w,INDIVIDUAL,0.0,0.0,0,5.0,0,14.7,0.5
28375.0,60,14.65,669.84,C5,MORTGAGE,110000.0,Verified,2015-08-01,debt_consolidation,28.9,2000-03-01,18.0,0.0,13119.0,29.9,50.0,w,INDIVIDUAL,1.0,0.0,0,2.0,0,15.4,0.258
15000.0,36,10.78,489.52,B4,MORTGAGE,100000.0,Verified,2016-01-01,debt_consolidation,7.73,1997-01-01,6.0,0.0,10049.0,93.9,22.0,f,INDIVIDUAL,6.0,0.0,0,10.0,0,19.0,0.15
25000.0,36,14.65,862.36,C2,MORTGAGE,100000.0,Verified,2012-04-01,credit_card,20.79,1990-04-01,12.0,0.0,24643.0,67.9,23.0,f,INDIVIDUAL,2.0,0.0,0,10.0,0,22.0,0.25
8575.0,36,12.99,288.89,B4,MORTGAGE,26000.0,Not Verified,2013-09-01,credit_card,21.97,1996-10-01,15.0,0.0,13585.0,60.1,26.0,f,INDIVIDUAL,1.0,0.0,0,10.0,0,16.9,0.33
11000.0,36,12.69,369.0,C2,MORTGAGE,60000.0,Verified,2015-08-01,debt_consolidation,20.74,2002-07-01,12.0,0.0,11335.0,75.1,40.0,f,INDIVIDUAL,2.0,0.0,0,10.0,0,13.1,0.183
6000.0,36,13.33,203.12,C3,MORTGAGE,66000.0,Source Verified,2015-02-01,debt_consolidation,36.02,1999-06-01,18.0,0.0,16448.0,45.9,36.0,f,INDIVIDUAL,3.0,0.0,0,3.0,0,15.7,0.091
12000.0,36,6.92,370.09,A4,RENT,42047.0,Not Verified,2015-04-01,debt_consolidation,7.25,2004-05-01,7.0,0.0,6891.0,45.9,40.0,w,INDIVIDUAL,0.0,0.0,0,10.0,0,10.9,0.285
15000.0,36,10.37,486.62,B3,RENT,52500.0,Not Verified,2011-04-01,debt_consolidation,16.87,2002-09-01,10.0,0.0,18746.0,62.3,27.0,f,INDIVIDUAL,2.0,0.0,0,2.0,0,8.6,0.286
14000.0,36,9.17,446.31,B2,MORTGAGE,60000.0,Verified,2015-05-01,debt_consolidation,29.94,1986-04-01,21.0,0.0,4622.0,10.8,53.0,w,INDIVIDUAL,2.0,0.0,0,10.0,0,29.1,0.233
7000.0,36,7.9,219.04,A4,MORTGAGE,150000.0,Source Verified,2012-07-01,home_improvement,12.27,1996-05-01,8.0,0.0,3695.0,52.8,25.0,f,INDIVIDUAL,4.0,0.0,0,9.0,0,16.2,0.047
3750.0,36,20.31,139.96,D5,RENT,25000.0,Not Verified,2013-08-01,debt_consolidation,16.46,2005-05-01,8.0,0.0,6883.0,67.5,9.0,f,INDIVIDUAL,0.0,0.0,0,3.0,0,8.3,0.15
18400.0,36,12.99,619.89,C2,OWN,40000.0,Source Verified,2016-03-01,debt_consolidation,17.52,1989-10-01,6.0,0.0,21507.0,88.1,13.0,w,INDIVIDUAL,1.0,0.0,0,5.0,0,26.4,0.46
30000.0,60,17.99,482.38,E1,MORTGAGE,74500.0,Verified,2011-07-01,debt_consolidation,19.09,1996-09-01,9.0,0.0,17097.0,69.2,32.0,f,INDIVIDUAL,2.0,0.0,0,5.0,0,14.8,0.403
15000.0,36,11.53,494.86,B5,RENT,67000.0,Source Verified,2015-06-01,debt_consolidation,9.1,2001-07-01,9.0,0.0,1803.0,41.5,13.0,w,INDIVIDUAL,0.0,0.0,1,10.0,0,13.9,0.224
16000.0,60,16.29,391.56,C4,MORTGAGE,68000.0,Verified,2013-01-01,debt_consolidation,12.88,2004-04-01,9.0,1.0,10755.0,83.4,24.0,w,INDIVIDUAL,2.0,1.0,0,6.0,0,8.8,0.235
9000.0,36,9.17,286.92,B1,RENT,30000.0,Source Verified,2014-06-01,credit_card,20.44,2007-08-01,8.0,0.0,9161.0,65.9,30.0,w,INDIVIDUAL,0.0,0.0,0,3.0,0,6.8,0.3
6000.0,36,12.53,200.8,B5,RENT,35000.0,Source Verified,2009-09-01,credit_card,23.07,1995-09-01,11.0,0.0,3334.0,23.5,28.0,f,INDIVIDUAL,2.0,0.0,0,2.0,0,14.0,0.171
24250.0,60,15.8,587.14,C3,RENT,115000.0,Verified,2012-12-01,debt_consolidation,15.68,1993-06-01,11.0,0.0,26712.0,52.7,24.0,w,INDIVIDUAL,1.0,0.0,0,2.0,0,19.5,0.211
26875.0,60,12.39,603.13,C1,MORTGAGE,53800.0,Source Verified,2014-12-01,credit_card,15.93,1982-07-01,11.0,0.0,31743.0,45.6,21.0,w,INDIVIDUAL,0.0,0.0,1,3.0,0,32.4,0.5
25000.0,36,21.0,941.88,E2,RENT,119800.0,Verified,2013-06-01,debt_consolidation,5.56,1996-11-01,22.0,0.0,18109.0,55.7,42.0,f,INDIVIDUAL,0.0,0.0,0,0.0,0,16.6,0.209
4000.0,36,15.1,138.86,C2,RENT,15000.0,Not Verified,2013-12-01,credit_card,19.52,2006-08-01,8.0,0.0,2446.0,81.5,11.0,f,INDIVIDUAL,0.0,0.0,0,0.0,0,7.3,0.267
3500.0,36,16.29,123.56,C5,RENT,80000.0,Verified,2012-06-01,vacation,6.48,1994-03-01,13.0,0.0,5107.0,82.4,14.0,f,INDIVIDUAL,0.0,0.0,0,9.0,0,18.3,0.044
12000.0,36,8.19,377.09,A5,MORTGAGE,55000.0,Verified,2015-01-01,debt_consolidation,22.82,1999-05-01,15.0,0.0,25147.0,59.0,43.0,f,INDIVIDUAL,2.0,0.0,0,7.0,0,15.7,0.218
12000.0,60,15.61,289.34,D1,MORTGAGE,32000.0,Source Verified,2015-08-01,debt_consolidation,25.88,1992-08-01,11.0,0.0,9411.0,30.5,37.0,w,INDIVIDUAL,2.0,0.0,1,7.0,0,23.0,0.375
28000.0,36,10.15,905.46,B2,MORTGAGE,92988.0,Verified,2014-08-01,debt_consolidation,20.07,2001-06-01,20.0,0.0,26027.0,21.9,24.0,w,INDIVIDUAL,2.0,0.0,1,4.0,0,13.2,0.301
10000.0,60,14.49,235.24,C4,MORTGAGE,65000.0,Source Verified,2014-05-01,debt_consolidation,17.78,1993-03-01,11.0,0.0,7079.0,64.4,24.0,f,INDIVIDUAL,1.0,0.0,0,10.0,0,21.2,0.154
25000.0,36,12.87,840.83,C1,OWN,157500.0,Verified,2010-01-01,debt_consolidation,16.42,1990-04-01,9.0,0.0,47643.0,82.6,35.0,f,INDIVIDUAL,2.0,0.0,0,6.0,0,19.8,0.159
8325.0,36,13.53,282.64,B5,RENT,20000.0,Verified,2014-02-01,credit_card,15.49,1995-09-01,5.0,1.0,11469.0,73.5,12.0,w,INDIVIDUAL,0.0,1.0,0,6.0,1,18.4,0.416
20000.0,36,20.2,745.32,D5,MORTGAGE,45000.0,Verified,2013-11-01,debt_consolidation,6.88,2000-04-01,6.0,0.0,14105.0,74.2,15.0,f,INDIVIDUAL,0.0,0.0,0,1.0,0,13.6,0.444
12000.0,36,7.29,372.12,A4,MORTGAGE,48000.0,Not Verified,2011-02-01,debt_consolidation,14.85,1998-05-01,10.0,0.0,3600.0,32.4,29.0,f,INDIVIDUAL,2.0,0.0,0,7.0,0,12.8,0.25
18825.0,36,18.24,682.84,D5,MORTGAGE,45000.0,Verified,2014-11-01,debt_consolidation,26.61,2003-04-01,7.0,0.0,27460.0,98.1,20.0,w,INDIVIDUAL,1.0,0.0,0,10.0,0,11.6,0.418
15000.0,36,12.99,505.34,C2,OWN,52000.0,Not Verified,2014-12-01,medical,16.62,1995-04-01,13.0,0.0,9110.0,23.7,24.0,f,INDIVIDUAL,0.0,0.0,0,0.0,0,19.7,0.288
9000.0,36,9.71,289.19,B1,RENT,34000.0,Not Verified,2013-07-01,credit_card,7.16,1994-08-01,5.0,0.0,8407.0,38.7,16.0,w,INDIVIDUAL,0.0,0.0,0,1.0,0,18.9,0.265
14000.0,60,9.99,297.39,B3,RENT,106600.0,Source Verified,2015-04-01,debt_consolidation,10.89,2000-06-01,8.0,0.0,7459.0,53.7,17.0,w,INDIVIDUAL,2.0,0.0,0,10.0,0,14.8,0.131
9600.0,36,7.69,299.46,A4,RENT,92000.0,Verified,2014-09-01,home_improvement,24.78,2004-08-01,17.0,0.0,12324.0,67.0,23.0,f,INDIVIDUAL,0.0,0.0,1,6.0,0,10.1,0.104
12600.0,60,19.19,328.17,E3,MORTGAGE,40000.0,Source Verified,2015-09-01,debt_consolidation,25.3,1995-03-01,13.0,0.0,6953.0,14.6,24.0,w,INDIVIDUAL,5.0,0.0,0,8.0,0,20.5,0.315
8500.0,36,15.22,295.58,C3,RENT,65000.0,Verified,2013-08-01,debt_consolidation,11.65,2007-10-01,7.0,0.0,7199.0,46.4,13.0,f,INDIVIDUAL,0.0,0.0,0,4.0,0,5.8,0.131
35000.0,36,17.77,1261.3,D1,MORTGAGE,175000.0,Verified,2013-04-01,debt_consolidation,12.5,1990-08-01,17.0,0.0,21010.0,58.6,32.0,f,INDIVIDUAL,5.0,0.0,0,10.0,0,22.7,0.2
20000.0,36,6.49,612.89,A2,MORTGAGE,52000.0,Verified,2014-06-01,debt_consolidation,19.36,1994-04-01,18.0,0.0,18093.0,16.5,28.0,w,INDIVIDUAL,4.0,0.0,0,10.0,0,20.2,0.385
17050.0,60,15.31,408.4,C2,MORTGAGE,77000.0,Verified,2013-06-01,debt_consolidation,22.71,2001-11-01,15.0,0.0,21951.0,49.0,39.0,f,INDIVIDUAL,5.0,0.0,1,8.0,0,11.6,0.221
12000.0,36,13.53,407.4,B5,RENT,119000.0,Verified,2013-12-01,credit_card,23.18,2004-01-01,14.0,0.0,18026.0,81.6,28.0,f,INDIVIDUAL,0.0,0.0,0,2.0,0,9.9,0.101
9600.0,36,7.49,298.58,A4,MORTGAGE,58000.0,Not Verified,2011-05-01,debt_consolidation,16.28,2001-02-01,8.0,0.0,9986.0,59.1,16.0,f,INDIVIDUAL,0.0,0.0,0,8.0,0,10.2,0.166
16000.0,36,14.09,547.55,B5,RENT,49000.0,Verified,2012-10-01,debt_consolidation,34.04,1990-03-01,14.0,0.0,14206.0,73.2,31.0,f,INDIVIDUAL,0.0,0.0,0,9.0,0,22.6,0.327
20000.0,36,12.49,668.98,B5,OWN,100000.0,Source Verified,2014-10-01,other,19.45,2003-04-01,20.0,0.0,12825.0,31.5,29.0,w,INDIVIDUAL,0.0,0.0,0,4.0,0,11.5,0.2
20000.0,36,15.8,701.17,C3,OWN,75000.0,Verified,2012-12-01,debt_consolidation,21.12,2000-05-01,19.0,0.0,21755.0,41.1,38.0,w,INDIVIDUAL,0.0,0.0,0,0.0,0,12.6,0.267
20000.0,36,12.39,668.02,C1,MORTGAGE,60000.0,Source Verified,2014-11-01,credit_card,13.9,2007-03-01,9.0,0.0,20482.0,45.7,13.0,w,INDIVIDUAL,1.0,0.0,1,10.0,0,7.7,0.333
4200.0,36,10.37,136.26,B3,RENT,35000.0,Verified,2011-04-01,small_business,18.31,2004-08-01,4.0,0.0,5381.0,56.1,10.0,f,INDIVIDUAL,0.0,0.0,0,0.0,0,6.7,0.12
7500.0,36,6.99,231.55,A3,MORTGAGE,42500.0,Not Verified,2014-12-01,debt_consolidation,17.28,1985-03-01,12.0,0.0,3082.0,8.1,32.0,f,INDIVIDUAL,3.0,0.0,0,1.0,0,29.8,0.176
12000.0,36,10.99,392.81,B4,RENT,140000.0,Not Verified,2015-02-01,credit_card,8.64,1993-08-01,8.0,1.0,13657.0,70.0,30.0,w,INDIVIDUAL,1.0,1.0,0,3.0,0,21.5,0.086
11200.0,36,16.99,399.26,D3,RENT,56000.0,Source Verified,2015-10-01,debt_consolidation,14.87,2010-09-01,6.0,0.0,7663.0,27.8,7.0,w,INDIVIDUAL,0.0,0.0,0,1.0,0,5.1,0.2
16000.0,36,14.46,550.43,C4,MORTGAGE,120000.0,Not Verified,2016-05-01,debt_consolidation,13.54,1999-05-01,17.0,1.0,12384.0,53.6,47.0,w,INDIVIDUAL,5.0,1.0,0,5.0,0,17.0,0.133
12000.0,36,9.99,387.15,B3,MORTGAGE,75000.0,Source Verified,2015-09-01,home_improvement,4.94,2006-03-01,7.0,0.0,0.0,0.0,17.0,f,INDIVIDUAL,3.0,0.0,0,3.0,0,9.5,0.16
14000.0,36,13.98,478.36,C1,RENT,70000.0,Not Verified,2014-01-01,debt_consolidation,21.19,2001-12-01,9.0,0.0,13601.0,83.4,23.0,w,INDIVIDUAL,2.0,0.0,0,2.0,0,12.1,0.2
18000.0,60,19.53,472.2,D5,MORTGAGE,80000.0,Source Verified,2016-03-01,other,27.17,1991-05-01,14.0,0.0,30883.0,57.8,38.0,w,INDIVIDUAL,6.0,0.0,1,10.0,0,24.8,0.225
14000.0,60,17.57,352.25,D4,MORTGAGE,38000.0,Not Verified,2014-10-01,debt_consolidation,20.97,1990-05-01,17.0,1.0,11120.0,33.9,39.0,f,INDIVIDUAL,6.0,1.0,0,10.0,0,24.4,0.368
30000.0,36,15.99,1054.57,D2,MORTGAGE,68000.0,Verified,2011-08-01,debt_consolidation,13.54,1992-03-01,11.0,0.0,28504.0,79.0,24.0,f,INDIVIDUAL,1.0,0.0,0,4.0,0,19.4,0.441
6625.0,36,18.25,240.35,D2,RENT,40000.0,Not Verified,2013-08-01,credit_card,6.78,2006-01-01,8.0,0.0,5642.0,76.2,13.0,f,INDIVIDUAL,0.0,0.0,0,5.0,0,7.6,0.166
20000.0,60,18.99,518.71,D4,MORTGAGE,67000.0,Verified,2016-03-01,debt_consolidation,19.21,2003-11-01,34.0,1.0,18217.0,22.5,61.0,w,INDIVIDUAL,3.0,1.0,0,0.0,0,12.3,0.299
9250.0,36,18.92,338.7,D4,RENT,35000.0,Source Verified,2014-03-01,debt_consolidation,22.6,2008-05-01,9.0,0.0,2721.0,35.8,13.0,f,INDIVIDUAL,0.0,0.0,0,2.0,0,5.8,0.264
4000.0,36,13.67,136.08,C4,RENT,32000.0,Verified,2015-12-01,debt_consolidation,15.9,2006-04-01,10.0,0.0,6279.0,31.4,19.0,w,INDIVIDUAL,0.0,0.0,1,8.0,0,9.7,0.125
15000.0,60,6.97,296.81,A3,OWN,54000.0,Source Verified,2016-03-01,credit_card,7.78,2002-07-01,7.0,0.0,9289.0,29.2,22.0,w,INDIVIDUAL,1.0,0.0,0,5.0,0,13.7,0.278
35000.0,60,23.28,992.31,F2,MORTGAGE,125000.0,Verified,2013-05-01,debt_consolidation,28.73,1996-10-01,16.0,0.0,196848.0,88.8,38.0,f,INDIVIDUAL,4.0,0.0,0,10.0,0,16.6,0.28
13000.0,36,7.9,406.78,A4,RENT,85000.0,Not Verified,2013-01-01,debt_consolidation,4.37,2006-09-01,24.0,0.0,12162.0,17.2,30.0,w,INDIVIDUAL,0.0,0.0,0,6.0,0,6.3,0.153
9500.0,36,11.47,313.14,B5,RENT,24960.0,Source Verified,2016-06-01,credit_card,22.31,2008-10-01,4.0,0.0,6374.0,89.8,12.0,w,INDIVIDUAL,0.0,0.0,0,4.0,0,7.7,0.381
7475.0,36,17.57,268.63,D4,RENT,21000.0,Source Verified,2015-03-01,debt_consolidation,33.89,2007-04-01,5.0,0.0,4637.0,84.3,8.0,w,INDIVIDUAL,0.0,0.0,1,2.0,0,7.9,0.356
16950.0,60,16.99,421.17,D1,RENT,38000.0,Verified,2013-12-01,credit_card,19.58,2007-12-01,8.0,0.0,20946.0,48.2,10.0,f,INDIVIDUAL,0.0,0.0,1,4.0,0,6.0,0.446
30000.0,36,18.49,1091.97,D2,RENT,78000.0,Source Verified,2012-11-01,debt_consolidation,20.86,1991-10-01,11.0,0.0,17773.0,75.0,22.0,f,INDIVIDUAL,0.0,0.0,0,1.0,0,21.1,0.385
28000.0,36,7.9,876.13,A4,RENT,140000.0,Verified,2013-11-01,debt_consolidation,17.07,1995-08-01,9.0,0.0,3912.0,9.5,25.0,f,INDIVIDUAL,4.0,0.0,0,7.0,0,18.3,0.2
24000.0,60,9.16,500.07,B2,MORTGAGE,105000.0,Not Verified,2016-03-01,credit_card,3.08,2004-05-01,10.0,0.0,10061.0,28.9,15.0,w,INDIVIDUAL,1.0,0.0,0,10.0,0,11.8,0.229
6000.0,36,11.22,197.06,B5,MORTGAGE,35000.0,Source Verified,2015-12-01,debt_consolidation,31.58,2007-05-01,17.0,0.0,12276.0,34.0,24.0,w,INDIVIDUAL,1.0,0.0,0,9.0,0,8.6,0.171
6400.0,36,16.82,227.61,E2,RENT,31800.0,Source Verified,2010-05-01,debt_consolidation,1.55,2001-07-01,2.0,0.0,1404.0,93.6,3.0,f,INDIVIDUAL,0.0,0.0,0,2.0,0,8.8,0.201
15000.0,36,6.89,462.41,A3,MORTGAGE,196000.0,Not Verified,2015-06-01,debt_consolidation,6.2,2001-04-01,16.0,0.0,19554.0,18.5,38.0,f,INDIVIDUAL,4.0,0.0,0,3.0,0,14.2,0.077
20000.0,36,14.65,689.89,C5,RENT,85000.0,Verified,2015-03-01,debt_consolidation,30.79,2006-08-01,21.0,0.0,24681.0,26.1,30.0,f,INDIVIDUAL,1.0,0.0,0,4.0,0,8.6,0.235
31300.0,36,21.0,1179.23,E2,RENT,81700.0,Verified,2012-11-01,debt_consolidation,25.4,1996-11-01,12.0,0.0,13993.0,77.3,25.0,w,INDIVIDUAL,0.0,0.0,1,2.0,0,16.0,0.383
10375.0,36,15.31,361.23,C4,RENT,26000.0,Source Verified,2014-04-01,debt_consolidation,26.87,2006-07-01,8.0,0.0,7300.0,62.4,15.0,f,INDIVIDUAL,0.0,0.0,0,7.0,0,7.8,0.399
10000.0,60,20.2,266.06,E3,RENT,30000.0,Source Verified,2014-09-01,debt_consolidation,29.76,2002-03-01,6.0,0.0,12625.0,95.6,8.0,f,INDIVIDUAL,0.0,0.0,1,2.0,0,12.5,0.333
16450.0,36,14.99,570.17,C5,RENT,49000.0,Verified,2014-05-01,debt_consolidation,28.85,1991-08-01,11.0,1.0,16694.0,37.3,22.0,f,INDIVIDUAL,0.0,0.0,1,5.0,0,22.7,0.336
14700.0,60,17.86,372.17,D5,RENT,35000.0,Verified,2015-12-01,debt_consolidation,28.84,2001-11-01,15.0,1.0,12732.0,50.3,35.0,w,INDIVIDUAL,0.0,1.0,1,8.0,0,14.1,0.42
10750.0,36,10.16,347.69,B1,MORTGAGE,71000.0,Verified,2013-04-01,debt_consolidation,22.07,2004-02-01,10.0,0.0,4036.0,38.4,26.0,f,INDIVIDUAL,2.0,0.0,0,5.0,0,9.2,0.151
4600.0,36,15.31,160.16,C5,RENT,13600.0,Verified,2016-04-01,debt_consolidation,15.71,2006-04-01,5.0,0.0,6448.0,80.6,22.0,w,INDIVIDUAL,0.0,0.0,0,6.0,1,10.0,0.338
11000.0,60,10.37,235.73,B3,MORTGAGE,40000.0,Not Verified,2011-02-01,home_improvement,19.77,1990-12-01,6.0,0.0,20791.0,71.9,24.0,f,INDIVIDUAL,1.0,0.0,0,3.0,0,20.2,0.275
7500.0,36,7.62,233.72,A3,MORTGAGE,180000.0,Not Verified,2014-04-01,home_improvement,3.99,1987-10-01,6.0,0.0,2304.0,64.0,42.0,w,INDIVIDUAL,4.0,0.0,0,5.0,0,26.5,0.042
16950.0,36,12.12,563.96,B3,MORTGAGE,52566.0,Not Verified,2012-07-01,debt_consolidation,16.6,2007-01-01,15.0,0.0,12111.0,46.6,19.0,f,INDIVIDUAL,2.0,0.0,0,6.0,0,5.5,0.322
34000.0,60,24.99,997.75,F4,MORTGAGE,145000.0,Source Verified,2014-10-01,debt_consolidation,24.51,1984-06-01,18.0,0.0,25015.0,86.9,53.0,w,INDIVIDUAL,4.0,0.0,1,9.0,0,30.3,0.234
10625.0,36,12.42,355.04,B4,RENT,30000.0,Not Verified,2011-12-01,credit_card,23.36,2003-03-01,18.0,0.0,15037.0,91.1,26.0,f,INDIVIDUAL,2.0,0.0,0,2.0,0,8.8,0.354
30000.0,60,13.33,687.68,C3,MORTGAGE,70000.0,Verified,2015-05-01,debt_consolidation,13.87,1994-12-01,11.0,0.0,19290.0,64.5,24.0,w,INDIVIDUAL,5.0,0.0,0,10.0,0,20.4,0.429
16200.0,60,20.49,433.63,E4,OWN,45053.0,Source Verified,2015-05-01,debt_consolidation,32.37,2000-06-01,8.0,0.0,7743.0,88.0,21.0,w,INDIVIDUAL,0.0,0.0,0,7.0,0,14.9,0.36
15000.0,36,11.14,492.08,B2,MORTGAGE,75000.0,Verified,2013-02-01,debt_consolidation,23.26,2000-05-01,7.0,0.0,23466.0,70.3,15.0,w,INDIVIDUAL,0.0,0.0,0,5.0,0,12.8,0.2
1000.0,36,17.77,36.04,D1,RENT,29000.0,Not Verified,2013-06-01,vacation,18.5,2001-08-01,10.0,0.0,7906.0,54.7,27.0,f,INDIVIDUAL,0.0,0.0,0,2.0,0,11.8,0.034
30000.0,60,17.57,754.81,D2,MORTGAGE,117150.0,Verified,2014-01-01,debt_consolidation,14.62,1997-09-01,8.0,0.0,32621.0,92.7,17.0,f,INDIVIDUAL,1.0,0.0,0,5.0,0,16.3,0.256
9000.0,36,15.05,312.23,D4,RENT,62000.0,Verified,2009-07-01,debt_consolidation,23.75,1999-09-01,7.0,0.0,15149.0,92.9,16.0,f,INDIVIDUAL,0.0,0.0,0,1.0,0,9.8,0.145
12200.0,60,11.67,269.36,B4,MORTGAGE,47000.0,Source Verified,2014-06-01,credit_card,21.42,1989-12-01,7.0,0.0,11271.0,93.9,32.0,f,INDIVIDUAL,1.0,0.0,0,10.0,0,24.5,0.26
12000.0,36,14.49,413.0,C4,MORTGAGE,62700.0,Verified,2014-10-01,credit_card,9.42,1998-08-01,13.0,0.0,21693.0,66.1,28.0,w,INDIVIDUAL,1.0,0.0,0,6.0,0,16.2,0.191
10000.0,36,18.25,362.78,D3,RENT,40000.0,Not Verified,2014-01-01,credit_card,6.27,2001-12-01,8.0,0.0,10083.0,51.2,17.0,f,INDIVIDUAL,0.0,0.0,0,7.0,0,12.1,0.25
20950.0,60,26.77,636.84,G1,MORTGAGE,55000.0,Source Verified,2015-06-01,debt_consolidation,29.32,2003-01-01,11.0,0.0,8417.0,53.6,24.0,f,INDIVIDUAL,3.0,0.0,1,8.0,0,12.4,0.381
20000.0,60,9.17,416.82,B1,MORTGAGE,80000.0,Source Verified,2014-06-01,credit_card,10.68,1995-02-01,6.0,0.0,20843.0,63.2,28.0,f,INDIVIDUAL,7.0,0.0,0,2.0,0,19.3,0.25
8800.0,36,22.15,336.76,E5,MORTGAGE,62000.0,Verified,2014-08-01,debt_consolidation,21.45,2004-01-01,15.0,1.0,6948.0,32.9,32.0,f,INDIVIDUAL,1.0,1.0,1,3.0,0,10.6,0.142
17000.0,36,6.03,517.41,A1,OWN,63000.0,Not Verified,2014-02-01,credit_card,12.93,2000-10-01,11.0,0.0,16629.0,46.3,29.0,f,INDIVIDUAL,2.0,0.0,0,1.0,0,13.3,0.27
20000.0,36,6.03,608.72,A1,MORTGAGE,90000.0,Source Verified,2014-03-01,debt_consolidation,18.0,1995-04-01,14.0,0.0,24893.0,33.0,25.0,f,INDIVIDUAL,1.0,0.0,0,10.0,0,18.9,0.222
6000.0,36,15.31,208.91,C2,RENT,36000.0,Verified,2012-07-01,debt_consolidation,32.78,2003-08-01,22.0,0.0,24597.0,61.0,42.0,f,INDIVIDUAL,0.0,0.0,0,8.0,0,8.9,0.167
21000.0,36,12.69,704.45,C2,MORTGAGE,170000.0,Not Verified,2015-08-01,debt_consolidation,9.79,1997-10-01,10.0,0.0,33002.0,67.9,24.0,w,INDIVIDUAL,3.0,0.0,0,1.0,0,17.8,0.124
35000.0,60,10.99,760.82,B4,MORTGAGE,165000.0,Verified,2015-11-01,credit_card,19.48,1990-12-01,10.0,0.0,56572.0,29.9,21.0,w,INDIVIDUAL,3.0,0.0,0,9.0,0,24.9,0.212
12000.0,36,13.67,408.22,B5,RENT,46000.0,Source Verified,2013-12-01,debt_consolidation,30.33,2004-11-01,16.0,0.0,15638.0,70.1,34.0,f,INDIVIDUAL,1.0,0.0,1,0.0,0,9.1,0.261
15000.0,60,18.99,389.03,E3,MORTGAGE,120000.0,Source Verified,2015-11-01,debt_consolidation,14.86,2007-08-01,13.0,0.0,8828.0,41.8,33.0,w,INDIVIDUAL,2.0,0.0,0,8.0,0,8.3,0.125
25000.0,60,12.99,568.7,B4,MORTGAGE,72000.0,Source Verified,2013-11-01,credit_card,26.32,1989-09-01,11.0,0.0,24283.0,75.6,35.0,f,INDIVIDUAL,6.0,0.0,1,10.0,0,24.2,0.347
3975.0,36,17.57,142.85,D4,RENT,23000.0,Not Verified,2014-06-01,debt_consolidation,16.6,2008-12-01,9.0,0.0,4756.0,27.0,13.0,w,INDIVIDUAL,0.0,0.0,1,1.0,0,5.5,0.173
12000.0,60,17.86,303.81,D5,MORTGAGE,62000.0,Not Verified,2015-09-01,credit_card,15.35,1998-08-01,6.0,0.0,9236.0,83.2,27.0,w,INDIVIDUAL,0.0,0.0,0,10.0,0,17.1,0.194
13350.0,36,17.57,479.76,D2,RENT,50000.0,Source Verified,2013-12-01,debt_consolidation,3.26,2007-02-01,6.0,0.0,6127.0,72.1,12.0,f,INDIVIDUAL,0.0,0.0,1,2.0,0,6.8,0.267
24000.0,60,15.31,574.88,C2,MORTGAGE,80000.0,Verified,2012-12-01,debt_consolidation,24.42,1998-02-01,22.0,0.0,29639.0,58.5,62.0,f,INDIVIDUAL,2.0,0.0,0,6.0,0,14.8,0.3
16000.0,36,10.16,517.48,B1,MORTGAGE,50000.0,Not Verified,2013-05-01,credit_card,22.27,2003-02-01,18.0,0.0,12968.0,51.1,29.0,f,INDIVIDUAL,2.0,0.0,0,5.0,0,10.2,0.32
35000.0,60,23.13,989.29,F1,MORTGAGE,223000.0,Source Verified,2016-03-01,home_improvement,12.11,2006-07-01,14.0,0.0,19436.0,57.3,21.0,w,INDIVIDUAL,1.0,0.0,0,9.0,0,9.7,0.157
18000.0,60,17.27,449.97,C5,RENT,45000.0,Verified,2013-01-01,debt_consolidation,15.97,1999-02-01,6.0,1.0,7017.0,66.2,27.0,f,INDIVIDUAL,2.0,1.0,1,0.0,0,13.9,0.4
5000.0,36,11.99,166.05,B3,MORTGAGE,39000.0,Not Verified,2013-10-01,home_improvement,14.22,2006-10-01,11.0,0.0,5341.0,31.1,14.0,f,INDIVIDUAL,1.0,0.0,0,8.0,0,7.0,0.128
25000.0,36,6.49,766.12,A2,MORTGAGE,104000.0,Verified,2016-06-01,debt_consolidation,8.23,2011-05-01,5.0,0.0,18507.0,80.0,7.0,f,INDIVIDUAL,1.0,0.0,0,5.0,0,5.1,0.24
15000.0,36,17.56,538.99,D1,MORTGAGE,55000.0,Source Verified,2013-08-01,debt_consolidation,19.88,2003-08-01,23.0,0.0,8709.0,45.4,39.0,f,INDIVIDUAL,1.0,0.0,0,6.0,0,10.0,0.273
30000.0,60,20.8,808.23,E1,MORTGAGE,150000.0,Verified,2013-09-01,credit_card,15.66,1982-05-01,17.0,0.0,29272.0,81.1,33.0,w,INDIVIDUAL,2.0,0.0,1,3.0,0,31.3,0.2
12000.0,36,11.99,398.52,C1,MORTGAGE,70000.0,Not Verified,2016-05-01,home_improvement,22.97,1979-11-01,11.0,0.0,5829.0,26.3,22.0,w,INDIVIDUAL,3.0,0.0,0,10.0,0,36.5,0.171
5000.0,36,11.53,164.96,B5,RENT,36000.0,Verified,2015-06-01,credit_card,5.1,1993-12-01,7.0,1.0,3182.0,43.0,34.0,w,INDIVIDUAL,1.0,1.0,0,6.0,1,21.5,0.139
20000.0,36,6.97,617.27,A2,RENT,110000.0,Source Verified,2013-10-01,debt_consolidation,25.04,1994-07-01,7.0,0.0,62062.0,14.2,16.0,f,INDIVIDUAL,2.0,0.0,0,2.0,0,19.3,0.182
10000.0,36,15.31,348.18,C2,RENT,62000.0,Verified,2012-12-01,home_improvement,10.63,2000-05-01,13.0,1.0,11711.0,66.9,28.0,w,INDIVIDUAL,0.0,1.0,0,10.0,0,12.6,0.161
28000.0,36,13.11,944.92,B4,MORTGAGE,298000.0,Verified,2013-06-01,debt_consolidation,12.46,1996-02-01,10.0,0.0,34137.0,79.9,29.0,f,INDIVIDUAL,3.0,0.0,0,10.0,0,17.3,0.094
15000.0,36,11.99,498.15,B3,MORTGAGE,80000.0,Source Verified,2013-11-01,debt_consolidation,9.79,1984-04-01,8.0,0.0,20221.0,97.7,15.0,f,INDIVIDUAL,2.0,0.0,0,6.0,0,29.6,0.188
10000.0,60,13.61,230.67,C2,MORTGAGE,38900.0,Not Verified,2010-07-01,debt_consolidation,16.53,1996-04-01,11.0,0.0,22070.0,33.8,27.0,f,INDIVIDUAL,2.0,0.0,0,3.0,0,14.2,0.257
10000.0,36,12.99,336.9,B5,RENT,123000.0,Source Verified,2014-02-01,debt_consolidation,9.57,1997-06-01,7.0,0.0,7882.0,101.1,22.0,f,INDIVIDUAL,2.0,0.0,0,6.0,0,16.7,0.081
13325.0,36,14.99,461.86,C5,MORTGAGE,63000.0,Not Verified,2014-09-01,debt_consolidation,28.18,1987-04-01,13.0,0.0,7887.0,42.9,24.0,f,INDIVIDUAL,2.0,0.0,0,2.0,0,27.4,0.212
25000.0,36,12.35,834.55,B4,MORTGAGE,70000.0,Verified,2013-07-01,debt_consolidation,21.98,1995-07-01,11.0,0.0,20644.0,57.8,22.0,f,INDIVIDUAL,1.0,0.0,0,10.0,0,18.0,0.357
13100.0,60,15.23,313.24,C5,MORTGAGE,78000.0,Source Verified,2011-05-01,debt_consolidation,17.43,2001-05-01,7.0,0.0,3733.0,46.7,24.0,f,INDIVIDUAL,1.0,0.0,0,2.0,0,10.0,0.168
21000.0,36,11.99,697.41,C1,MORTGAGE,62500.0,Verified,2016-05-01,credit_card,17.36,2002-09-01,9.0,1.0,7239.0,72.4,22.0,w,INDIVIDUAL,6.0,1.0,0,10.0,0,13.7,0.336
10000.0,60,11.53,220.08,B5,RENT,24000.0,Not Verified,2015-05-01,credit_card,29.95,2007-05-01,8.0,0.0,7447.0,74.5,14.0,w,INDIVIDUAL,0.0,0.0,0,1.0,0,8.0,0.417
12600.0,36,16.55,446.41,D2,RENT,30000.0,Verified,2015-10-01,credit_card,23.64,2003-07-01,14.0,0.0,14416.0,76.7,17.0,f,INDIVIDUAL,0.0,0.0,1,3.0,0,12.3,0.42
15000.0,60,15.22,358.59,C3,MORTGAGE,60000.0,Verified,2013-08-01,debt_consolidation,5.98,1997-08-01,18.0,0.0,11177.0,25.9,37.0,f,INDIVIDUAL,2.0,0.0,1,10.0,0,16.0,0.25
15000.0,36,12.99,505.34,C2,MORTGAGE,48000.0,Source Verified,2014-11-01,debt_consolidation,15.65,2007-10-01,13.0,0.0,7721.0,28.8,16.0,w,INDIVIDUAL,1.0,0.0,0,7.0,0,7.1,0.312
8000.0,36,17.77,288.3,D1,RENT,55000.0,Not Verified,2012-07-01,wedding,14.15,2003-08-01,20.0,0.0,6565.0,42.1,28.0,f,INDIVIDUAL,0.0,0.0,1,5.0,0,8.9,0.145
8000.0,36,11.53,263.93,B5,RENT,38000.0,Not Verified,2015-09-01,major_purchase,22.99,2003-08-01,6.0,0.0,2468.0,21.6,14.0,w,INDIVIDUAL,0.0,0.0,0,8.0,0,12.1,0.211
6000.0,36,15.31,208.91,C2,MORTGAGE,92000.0,Not Verified,2012-11-01,debt_consolidation,12.53,1998-10-01,12.0,0.0,20573.0,80.7,24.0,f,INDIVIDUAL,4.0,0.0,0,4.0,0,14.1,0.065
8000.0,36,8.19,251.4,A5,RENT,85000.0,Source Verified,2015-02-01,home_improvement,29.11,2001-08-01,21.0,0.0,28066.0,64.3,32.0,w,INDIVIDUAL,0.0,0.0,0,3.0,0,13.5,0.094
19075.0,36,18.25,692.01,D3,RENT,60000.0,Not Verified,2013-12-01,credit_card,23.81,2010-03-01,14.0,0.0,18083.0,48.0,16.0,f,INDIVIDUAL,0.0,0.0,1,4.0,0,3.8,0.318
14975.0,60,16.29,366.48,D2,MORTGAGE,68000.0,Not Verified,2014-06-01,debt_consolidation,34.7,1988-12-01,9.0,0.0,16127.0,60.6,35.0,f,INDIVIDUAL,3.0,0.0,1,2.0,0,25.5,0.22
20000.0,36,12.99,673.79,C2,RENT,75000.0,Source Verified,2014-12-01,credit_card,18.91,2009-03-01,24.0,0.0,35090.0,42.1,27.0,f,INDIVIDUAL,0.0,0.0,1,6.0,0,5.8,0.267
10000.0,36,11.44,329.48,B4,MORTGAGE,105000.0,Not Verified,2015-01-01,home_improvement,19.44,1996-02-01,13.0,0.0,45518.0,82.3,34.0,w,INDIVIDUAL,5.0,0.0,0,3.0,0,18.9,0.095
9625.0,36,10.64,313.48,B2,OWN,27500.0,Not Verified,2013-09-01,debt_consolidation,23.61,1987-03-01,7.0,0.0,12462.0,58.0,14.0,w,INDIVIDUAL,1.0,0.0,0,9.0,0,26.5,0.35
9850.0,36,16.29,347.71,D2,RENT,62000.0,Source Verified,2014-09-01,debt_consolidation,23.19,2003-04-01,11.0,0.0,11361.0,49.4,13.0,f,INDIVIDUAL,0.0,0.0,1,9.0,0,11.4,0.159
19200.0,36,7.88,380.07,A5,RENT,69996.0,Not Verified,2010-06-01,other,2.3,1993-02-01,7.0,0.0,4980.0,26.3,23.0,f,INDIVIDUAL,1.0,0.0,0,10.0,0,17.3,0.274
29900.0,36,7.89,935.45,A5,MORTGAGE,95000.0,Verified,2015-04-01,debt_consolidation,16.46,2001-11-01,9.0,1.0,16213.0,72.4,25.0,w,INDIVIDUAL,1.0,1.0,0,5.0,0,13.4,0.315
21000.0,60,19.22,547.3,D4,RENT,105000.0,Source Verified,2014-01-01,home_improvement,14.99,1995-09-01,11.0,0.0,12461.0,52.6,21.0,f,INDIVIDUAL,0.0,0.0,0,1.0,0,18.3,0.2
15250.0,36,9.76,490.36,B1,MORTGAGE,31500.0,Verified,2012-05-01,debt_consolidation,2.48,2007-10-01,5.0,0.0,2098.0,27.6,8.0,f,INDIVIDUAL,1.0,0.0,1,4.0,0,4.6,0.484
28000.0,60,17.99,710.87,D2,MORTGAGE,90000.0,Not Verified,2016-11-01,debt_consolidation,17.35,2002-04-01,10.0,2.0,14094.0,84.4,15.0,w,INDIVIDUAL,1.0,1.0,0,6.0,0,14.6,0.311
10800.0,36,14.49,371.7,C4,OWN,62400.0,Verified,2014-10-01,debt_consolidation,33.21,1987-09-01,27.0,0.0,147024.0,19.3,49.0,f,INDIVIDUAL,1.0,0.0,0,10.0,0,27.1,0.173
21000.0,60,11.14,458.06,B2,MORTGAGE,86000.0,Verified,2013-04-01,debt_consolidation,10.13,1996-02-01,10.0,0.0,23724.0,32.5,26.0,w,INDIVIDUAL,2.0,0.0,0,10.0,0,17.2,0.244
7000.0,36,12.29,233.48,C1,RENT,52000.0,Source Verified,2015-10-01,house,18.72,2002-12-01,6.0,0.0,3140.0,57.1,9.0,w,INDIVIDUAL,0.0,0.0,1,0.0,0,12.8,0.135
35000.0,60,20.99,946.68,E5,MORTGAGE,75000.0,Source Verified,2015-09-01,debt_consolidation,22.38,1998-12-01,17.0,0.0,33097.0,72.9,38.0,w,INDIVIDUAL,2.0,0.0,1,7.0,0,16.8,0.467
9600.0,36,17.77,345.96,D1,MORTGAGE,46000.0,Verified,2013-06-01,debt_consolidation,33.31,1993-02-01,12.0,0.0,11204.0,96.6,25.0,f,INDIVIDUAL,1.0,0.0,0,10.0,0,20.3,0.209
12000.0,36,12.99,404.27,C1,MORTGAGE,71000.0,Source Verified,2014-06-01,debt_consolidation,29.56,1998-12-01,19.0,0.0,16182.0,53.8,51.0,w,INDIVIDUAL,2.0,0.0,1,10.0,0,15.5,0.169
11500.0,36,12.35,383.89,B4,MORTGAGE,58000.0,Not Verified,2013-09-01,credit_card,11.86,2000-12-01,10.0,0.0,18907.0,77.2,24.0,f,INDIVIDUAL,6.0,0.0,0,10.0,0,12.8,0.198
15000.0,36,7.9,469.36,A4,MORTGAGE,148000.0,Not Verified,2013-04-01,credit_card,4.2,1996-09-01,13.0,0.0,11558.0,24.5,23.0,w,INDIVIDUAL,2.0,0.0,0,10.0,0,16.6,0.101
30000.0,60,14.49,705.7,C4,RENT,80000.0,Verified,2014-10-01,debt_consolidation,23.64,2002-08-01,12.0,0.0,43626.0,91.8,15.0,f,INDIVIDUAL,0.0,0.0,1,1.0,0,12.2,0.375
3800.0,36,6.62,116.68,A2,MORTGAGE,62352.0,Not Verified,2011-12-01,car,12.07,1984-11-01,9.0,0.0,21852.0,21.3,24.0,f,INDIVIDUAL,1.0,0.0,0,3.0,0,27.1,0.061
5000.0,36,9.99,161.32,B3,RENT,45300.0,Source Verified,2015-10-01,debt_consolidation,12.95,2010-10-01,5.0,0.0,6630.0,50.2,5.0,f,INDIVIDUAL,0.0,0.0,0,3.0,0,5.0,0.11
14000.0,36,6.62,429.86,A2,MORTGAGE,33172.0,Verified,2014-01-01,credit_card,15.45,1985-10-01,8.0,0.0,15768.0,36.9,25.0,w,INDIVIDUAL,6.0,0.0,0,6.0,1,28.3,0.422
10000.0,36,9.99,322.63,B3,RENT,95000.0,Source Verified,2015-07-01,debt_consolidation,10.45,2001-10-01,9.0,0.0,8036.0,47.3,11.0,f,INDIVIDUAL,0.0,0.0,0,0.0,0,13.7,0.105
25000.0,36,15.33,870.71,D3,MORTGAGE,142500.0,Verified,2010-04-01,debt_consolidation,13.39,1986-06-01,16.0,0.0,39352.0,69.6,47.0,f,INDIVIDUAL,3.0,0.0,0,1.0,0,23.8,0.175
4225.0,36,10.99,138.31,B4,RENT,37000.0,Verified,2015-04-01,debt_consolidation,20.4,2001-01-01,7.0,0.0,278.0,2.2,24.0,f,INDIVIDUAL,0.0,0.0,0,10.0,0,14.2,0.114
18300.0,60,15.99,444.93,D2,MORTGAGE,40000.0,Not Verified,2015-01-01,credit_card,21.51,1996-01-01,13.0,0.0,16434.0,59.1,30.0,f,INDIVIDUAL,2.0,0.0,0,4.0,0,19.0,0.458
25000.0,36,10.99,818.35,B4,RENT,135000.0,Verified,2015-02-01,debt_consolidation,22.4,2003-08-01,22.0,0.0,9472.0,10.7,57.0,w,INDIVIDUAL,5.0,0.0,0,3.0,0,11.5,0.185
10000.0,36,13.11,337.47,B4,MORTGAGE,71000.0,Not Verified,2013-05-01,debt_consolidation,22.87,2005-03-01,17.0,0.0,12647.0,60.2,33.0,f,INDIVIDUAL,1.0,0.0,0,5.0,0,8.2,0.141
6400.0,36,10.99,209.5,B3,RENT,65000.0,Source Verified,2014-10-01,debt_consolidation,5.54,1999-10-01,8.0,1.0,6385.0,68.7,24.0,w,INDIVIDUAL,4.0,0.0,0,1.0,0,15.0,0.098
9000.0,36,13.53,305.55,B5,RENT,25920.0,Source Verified,2014-02-01,credit_card,21.76,2007-10-01,10.0,0.0,7482.0,75.6,14.0,f,INDIVIDUAL,0.0,0.0,1,0.0,0,6.3,0.347
9600.0,36,15.88,336.94,C4,MORTGAGE,63000.0,Source Verified,2013-09-01,other,19.24,2002-02-01,9.0,0.0,11926.0,70.2,25.0,w,INDIVIDUAL,3.0,0.0,0,10.0,0,11.6,0.152
11500.0,36,14.33,394.89,C1,MORTGAGE,50000.0,Verified,2012-12-01,credit_card,25.32,2003-02-01,8.0,0.0,11056.0,81.9,23.0,f,INDIVIDUAL,3.0,0.0,0,7.0,0,9.8,0.23
25000.0,60,14.64,590.04,C3,MORTGAGE,106000.0,Not Verified,2014-05-01,debt_consolidation,18.83,1988-12-01,12.0,1.0,12324.0,57.6,32.0,w,INDIVIDUAL,3.0,1.0,0,10.0,0,25.4,0.236
17000.0,36,7.89,531.86,A5,RENT,54828.0,Not Verified,2015-03-01,credit_card,15.58,2007-12-01,9.0,0.0,17592.0,55.7,17.0,w,INDIVIDUAL,0.0,0.0,0,9.0,0,7.2,0.31
15000.0,36,17.27,536.81,C5,RENT,82500.0,Not Verified,2012-11-01,medical,3.55,1996-02-01,6.0,0.0,8597.0,27.2,20.0,f,INDIVIDUAL,0.0,0.0,0,4.0,0,16.8,0.182
10750.0,36,13.66,365.64,C3,RENT,44000.0,Verified,2015-01-01,debt_consolidation,7.15,2011-09-01,6.0,0.0,8526.0,57.2,6.0,f,INDIVIDUAL,0.0,0.0,1,2.0,0,3.3,0.244
32875.0,36,16.24,1159.69,C5,RENT,124000.0,Source Verified,2014-01-01,debt_consolidation,16.82,2004-06-01,12.0,0.0,27475.0,84.8,21.0,w,INDIVIDUAL,3.0,0.0,0,10.0,0,9.6,0.265
15000.0,36,12.99,505.34,C2,RENT,52000.0,Verified,2014-11-01,other,3.3,2003-06-01,4.0,0.0,3490.0,45.3,4.0,f,INDIVIDUAL,0.0,0.0,0,6.0,0,11.4,0.288
35000.0,36,12.59,1172.39,C2,RENT,120000.0,Verified,2015-12-01,major_purchase,1.89,2010-05-01,7.0,0.0,6750.0,39.7,9.0,w,INDIVIDUAL,0.0,0.0,1,5.0,0,5.6,0.292
6850.0,36,10.15,221.52,B2,MORTGAGE,110000.0,Source Verified,2014-06-01,debt_consolidation,26.34,2000-09-01,20.0,0.0,61559.0,59.2,41.0,w,INDIVIDUAL,4.0,0.0,0,3.0,0,13.7,0.062
5000.0,36,15.31,174.09,C2,RENT,45000.0,Verified,2013-02-01,debt_consolidation,17.36,2006-08-01,10.0,0.0,5148.0,73.5,18.0,f,INDIVIDUAL,0.0,0.0,0,3.0,0,6.5,0.111
5225.0,36,17.57,187.78,D4,RENT,25000.0,Verified,2015-04-01,other,28.24,2011-07-01,13.0,0.0,3571.0,11.8,14.0,f,INDIVIDUAL,0.0,0.0,0,2.0,0,3.8,0.209
35000.0,36,19.2,1286.51,D3,OWN,105000.0,Source Verified,2013-12-01,debt_consolidation,17.15,2005-05-01,15.0,0.0,31266.0,57.8,34.0,f,INDIVIDUAL,0.0,0.0,0,6.0,0,8.6,0.333
10450.0,60,23.99,300.57,F2,RENT,66200.0,Verified,2015-02-01,debt_consolidation,28.35,1992-03-01,12.0,1.0,455.0,7.5,39.0,f,INDIVIDUAL,5.0,1.0,0,10.0,0,22.9,0.158
4000.0,36,7.68,124.77,A2,RENT,50004.0,Not Verified,2009-07-01,debt_consolidation,17.06,1997-10-01,6.0,0.0,1950.0,18.7,21.0,f,INDIVIDUAL,1.0,0.0,0,8.0,0,11.7,0.08
24000.0,36,11.99,797.03,B3,MORTGAGE,150000.0,Verified,2014-01-01,debt_consolidation,6.04,1991-01-01,15.0,0.0,16222.0,15.1,59.0,w,INDIVIDUAL,6.0,0.0,0,10.0,0,23.0,0.16
16450.0,36,7.9,514.73,A4,MORTGAGE,101000.0,Verified,2012-07-01,small_business,26.14,1999-11-01,19.0,0.0,13925.0,66.0,32.0,f,INDIVIDUAL,6.0,0.0,0,10.0,0,12.7,0.163
9600.0,36,14.17,328.9,C5,OWN,65000.0,Verified,2011-02-01,credit_card,18.61,1997-09-01,21.0,0.0,16278.0,52.9,43.0,f,INDIVIDUAL,3.0,0.0,0,8.0,0,13.4,0.148
7000.0,36,12.69,234.82,C2,RENT,60000.0,Source Verified,2015-03-01,credit_card,10.28,2008-01-01,9.0,0.0,17542.0,64.3,11.0,w,INDIVIDUAL,0.0,0.0,0,2.0,0,7.2,0.117
16000.0,60,14.64,377.63,C3,RENT,57512.0,Source Verified,2014-04-01,credit_card,15.36,2003-09-01,13.0,0.0,16603.0,68.9,15.0,w,INDIVIDUAL,0.0,0.0,0,5.0,0,10.6,0.278
10200.0,36,15.61,356.65,D1,OWN,71664.0,Not Verified,2014-08-01,debt_consolidation,37.37,1997-06-01,13.0,0.0,25752.0,85.6,36.0,f,INDIVIDUAL,4.0,0.0,0,10.0,0,17.2,0.142
7875.0,36,15.61,275.35,D1,RENT,40000.0,Not Verified,2014-07-01,debt_consolidation,10.29,2002-11-01,7.0,0.0,6820.0,56.4,11.0,f,INDIVIDUAL,0.0,0.0,0,9.0,0,11.7,0.197
14000.0,36,13.35,474.08,C2,MORTGAGE,50000.0,Not Verified,2014-05-01,debt_consolidation,30.45,2004-11-01,17.0,0.0,13325.0,25.2,32.0,w,INDIVIDUAL,1.0,0.0,0,8.0,0,9.5,0.28
16000.0,60,7.89,323.59,A5,RENT,60000.0,Not Verified,2016-02-01,credit_card,7.4,1995-11-01,9.0,0.0,5520.0,30.5,10.0,w,INDIVIDUAL,0.0,0.0,0,8.0,0,20.3,0.267
9125.0,36,11.99,303.04,B3,RENT,40000.0,Verified,2014-02-01,credit_card,4.71,2008-07-01,15.0,0.0,8119.0,21.8,17.0,w,INDIVIDUAL,0.0,0.0,0,6.0,0,5.6,0.228
4000.0,36,11.83,132.54,B3,MORTGAGE,45000.0,Not Verified,2009-10-01,home_improvement,8.43,2006-03-01,6.0,0.0,450.0,1.7,9.0,f,INDIVIDUAL,0.0,0.0,0,3.0,0,3.6,0.089
20000.0,36,13.99,683.46,C4,MORTGAGE,42000.0,Source Verified,2015-07-01,debt_consolidation,26.37,2007-04-01,10.0,0.0,9276.0,48.8,34.0,w,INDIVIDUAL,0.0,0.0,1,9.0,0,8.2,0.476
10000.0,36,13.99,341.73,C4,MORTGAGE,50000.0,Not Verified,2015-07-01,debt_consolidation,18.15,1999-04-01,9.0,0.0,9250.0,84.9,25.0,f,INDIVIDUAL,3.0,0.0,0,3.0,0,16.2,0.2
7000.0,36,20.31,261.26,D5,OWN,80000.0,Verified,2013-06-01,other,11.29,2004-08-01,12.0,0.0,6016.0,20.1,19.0,f,INDIVIDUAL,6.0,0.0,0,9.0,0,8.8,0.088
7300.0,36,15.61,255.25,C4,OWN,90000.0,Source Verified,2014-01-01,debt_consolidation,16.37,1995-03-01,8.0,1.0,5462.0,73.0,36.0,f,INDIVIDUAL,1.0,1.0,0,9.0,0,18.8,0.081
8800.0,60,19.99,233.1,E1,MORTGAGE,66000.0,Verified,2012-04-01,debt_consolidation,10.95,1999-02-01,12.0,0.0,6052.0,75.6,17.0,f,INDIVIDUAL,2.0,0.0,0,10.0,0,13.2,0.133
8325.0,36,11.14,273.11,B2,MORTGAGE,82000.0,Verified,2013-03-01,debt_consolidation,18.37,1980-05-01,22.0,0.0,31782.0,70.2,36.0,f,INDIVIDUAL,3.0,0.0,0,6.0,0,32.8,0.102
8125.0,36,12.29,271.0,C1,RENT,36000.0,Not Verified,2015-06-01,credit_card,9.4,1997-09-01,6.0,0.0,11165.0,78.1,20.0,w,INDIVIDUAL,0.0,0.0,0,1.0,0,17.7,0.226
6000.0,36,18.25,217.67,D3,MORTGAGE,90000.0,Not Verified,2014-05-01,debt_consolidation,8.13,2006-12-01,12.0,1.0,14035.0,63.2,19.0,f,INDIVIDUAL,3.0,0.0,0,2.0,0,7.4,0.067
8000.0,36,12.69,268.36,C2,RENT,48741.0,Source Verified,2015-06-01,other,21.55,1994-09-01,11.0,0.0,16840.0,79.4,31.0,f,INDIVIDUAL,0.0,0.0,0,10.0,0,20.7,0.164
3000.0,60,19.41,78.51,F4,RENT,15000.0,Source Verified,2010-08-01,other,14.96,2005-12-01,3.0,0.0,5177.0,94.1,8.0,f,INDIVIDUAL,0.0,0.0,0,3.0,0,4.7,0.2
35000.0,36,12.99,1179.12,C1,RENT,150000.0,Not Verified,2014-09-01,credit_card,11.88,1991-01-01,22.0,1.0,34323.0,83.7,24.0,f,INDIVIDUAL,0.0,0.0,1,10.0,0,23.7,0.233
13000.0,36,7.26,402.95,A4,RENT,82702.8,Verified,2015-10-01,car,21.25,2002-03-01,4.0,0.0,4128.0,14.7,23.0,w,INDIVIDUAL,0.0,0.0,0,10.0,0,13.6,0.157
12000.0,36,8.49,378.76,A5,RENT,54000.0,Verified,2011-08-01,debt_consolidation,8.36,1981-02-01,12.0,0.0,8422.0,47.1,19.0,f,INDIVIDUAL,1.0,0.0,0,10.0,0,30.5,0.222
16000.0,36,13.35,541.81,C2,OWN,40000.0,Not Verified,2014-10-01,debt_consolidation,16.48,2010-09-01,9.0,0.0,3864.0,53.7,12.0,f,INDIVIDUAL,0.0,0.0,0,4.0,0,4.1,0.4
15000.0,60,12.49,337.4,B5,RENT,36000.0,Source Verified,2014-07-01,debt_consolidation,11.73,2003-03-01,4.0,0.0,4721.0,42.9,18.0,w,INDIVIDUAL,0.0,0.0,0,10.0,0,11.3,0.417
17500.0,36,7.62,545.33,A3,OWN,40000.0,Verified,2013-08-01,debt_consolidation,20.8,1983-03-01,18.0,0.0,29094.0,24.2,32.0,f,INDIVIDUAL,6.0,0.0,0,6.0,1,30.4,0.438
10000.0,36,15.22,347.74,C3,MORTGAGE,38000.0,Not Verified,2013-09-01,credit_card,21.95,1997-05-01,14.0,0.0,9453.0,75.6,25.0,w,INDIVIDUAL,0.0,0.0,0,3.0,0,16.3,0.263
25000.0,60,16.49,614.48,D3,MORTGAGE,77500.0,Source Verified,2015-01-01,credit_card,16.84,1998-10-01,13.0,1.0,7906.0,47.6,33.0,w,INDIVIDUAL,2.0,0.0,0,1.0,0,16.3,0.323
15600.0,36,13.35,528.26,C2,OWN,60000.0,Source Verified,2014-07-01,debt_consolidation,18.98,1984-08-01,12.0,1.0,16505.0,87.8,28.0,f,INDIVIDUAL,0.0,1.0,0,9.0,0,29.9,0.26
6000.0,36,12.99,202.14,C2,RENT,55000.0,Not Verified,2014-11-01,major_purchase,18.44,2007-07-01,8.0,0.0,6657.0,55.0,11.0,w,INDIVIDUAL,0.0,0.0,0,0.0,0,7.3,0.109
13650.0,60,18.55,350.72,E2,MORTGAGE,60000.0,Source Verified,2015-05-01,debt_consolidation,27.9,1995-10-01,11.0,0.0,13050.0,73.7,19.0,f,INDIVIDUAL,1.0,0.0,0,10.0,0,19.6,0.228
13150.0,36,17.86,474.49,D5,MORTGAGE,55000.0,Source Verified,2015-02-01,debt_consolidation,7.28,1985-09-01,5.0,0.0,3850.0,80.2,9.0,f,INDIVIDUAL,1.0,0.0,1,8.0,0,29.4,0.239
12000.0,60,13.33,275.07,C3,MORTGAGE,42000.0,Not Verified,2015-07-01,debt_consolidation,12.94,1991-02-01,7.0,0.0,20720.0,76.5,10.0,w,INDIVIDUAL,2.0,0.0,0,3.0,0,24.4,0.286
7000.0,36,10.74,228.32,B2,MORTGAGE,43000.0,Not Verified,2012-02-01,credit_card,9.49,1987-04-01,11.0,0.0,6308.0,30.6,18.0,f,INDIVIDUAL,1.0,0.0,0,4.0,0,24.8,0.163
4200.0,36,18.25,152.37,D3,OWN,8640.0,Verified,2016-05-01,debt_consolidation,32.22,2010-05-01,5.0,0.0,10620.0,36.4,12.0,w,INDIVIDUAL,0.0,0.0,0,6.0,1,6.0,0.486
23550.0,36,15.59,823.19,D1,MORTGAGE,59000.0,Verified,2015-01-01,debt_consolidation,28.46,1987-01-01,15.0,0.0,45213.0,73.8,36.0,f,INDIVIDUAL,9.0,0.0,1,0.0,0,28.0,0.399
15375.0,36,17.77,554.08,D1,RENT,52000.0,Verified,2012-09-01,debt_consolidation,24.07,2001-08-01,4.0,0.0,7024.0,88.9,15.0,f,INDIVIDUAL,0.0,0.0,0,5.0,0,11.1,0.296
8000.0,36,16.29,282.41,C4,RENT,30000.0,Verified,2013-03-01,debt_consolidation,31.2,2001-03-01,14.0,0.0,24663.0,79.8,20.0,f,INDIVIDUAL,0.0,0.0,0,9.0,0,12.0,0.267
8500.0,36,18.55,309.65,D4,RENT,30000.0,Not Verified,2012-05-01,debt_consolidation,14.8,2002-04-01,3.0,0.0,5322.0,96.8,6.0,f,INDIVIDUAL,0.0,0.0,0,3.0,0,10.1,0.283
7000.0,36,15.31,243.73,C5,OWN,48691.0,Source Verified,2016-05-01,medical,10.97,1996-02-01,5.0,0.0,2107.0,23.4,11.0,w,INDIVIDUAL,2.0,0.0,0,10.0,0,20.2,0.144
18000.0,36,13.33,609.36,C3,MORTGAGE,130000.0,Verified,2015-09-01,home_improvement,10.02,2007-01-01,7.0,0.0,7059.0,63.6,18.0,w,INDIVIDUAL,0.0,0.0,0,3.0,0,8.7,0.138
12500.0,36,6.03,380.45,A1,MORTGAGE,75000.0,Verified,2014-03-01,credit_card,13.95,1998-04-01,4.0,0.0,11222.0,36.2,26.0,f,INDIVIDUAL,9.0,0.0,0,5.0,0,15.9,0.167
10000.0,36,10.75,326.21,B4,MORTGAGE,60000.0,Not Verified,2016-06-01,debt_consolidation,24.21,1999-03-01,10.0,1.0,12570.0,68.3,17.0,w,INDIVIDUAL,2.0,1.0,0,10.0,0,17.3,0.167
21000.0,36,8.9,666.82,A5,MORTGAGE,88000.0,Source Verified,2013-02-01,debt_consolidation,10.43,2002-07-01,12.0,0.0,38014.0,49.4,26.0,f,INDIVIDUAL,1.0,0.0,0,9.0,0,10.6,0.239
25000.0,60,22.99,704.62,F2,MORTGAGE,92000.0,Verified,2015-06-01,debt_consolidation,39.21,1995-03-01,29.0,0.0,44332.0,82.6,46.0,f,INDIVIDUAL,5.0,0.0,1,10.0,0,20.3,0.272
29175.0,60,21.0,789.29,E1,RENT,65000.0,Verified,2013-10-01,debt_consolidation,16.08,1997-10-01,5.0,0.0,12022.0,53.2,8.0,f,INDIVIDUAL,0.0,0.0,0,2.0,0,16.0,0.449
19725.0,36,14.31,677.13,C4,MORTGAGE,55000.0,Not Verified,2015-02-01,debt_consolidation,28.82,2000-12-01,8.0,0.0,5621.0,56.2,39.0,f,INDIVIDUAL,5.0,0.0,0,5.0,0,14.2,0.359
12000.0,60,12.99,272.98,B4,MORTGAGE,110000.0,Verified,2013-12-01,debt_consolidation,18.97,1985-09-01,10.0,0.0,25085.0,71.1,24.0,f,INDIVIDUAL,5.0,0.0,0,10.0,0,28.2,0.109
4200.0,36,20.31,156.76,D5,MORTGAGE,54000.0,Not Verified,2013-09-01,other,23.67,1993-05-01,10.0,0.0,5453.0,82.6,32.0,f,INDIVIDUAL,2.0,0.0,0,10.0,0,20.3,0.078
18000.0,60,20.99,486.86,F3,RENT,78000.0,Not Verified,2011-07-01,debt_consolidation,9.72,1996-08-01,7.0,0.0,16587.0,59.7,18.0,f,INDIVIDUAL,1.0,0.0,0,4.0,0,14.9,0.231
11475.0,60,15.41,275.47,D1,MORTGAGE,40000.0,Not Verified,2015-12-01,debt_consolidation,23.7,2003-05-01,13.0,0.0,13139.0,50.3,24.0,w,INDIVIDUAL,2.0,0.0,0,0.0,0,12.6,0.287
25000.0,36,16.45,884.44,E1,MORTGAGE,73163.68,Verified,2010-04-01,other,17.94,1996-01-01,6.0,1.0,0.0,0.0,29.0,f,INDIVIDUAL,2.0,1.0,0,10.0,0,14.2,0.342
9000.0,36,13.11,303.73,B4,MORTGAGE,115000.0,Not Verified,2013-01-01,debt_consolidation,26.08,1987-11-01,18.0,0.0,31892.0,72.6,53.0,w,INDIVIDUAL,5.0,0.0,0,4.0,0,25.2,0.078
19200.0,36,13.53,651.84,B5,RENT,170000.0,Not Verified,2013-12-01,debt_consolidation,11.08,2010-06-01,8.0,0.0,29133.0,64.9,9.0,f,INDIVIDUAL,0.0,0.0,0,3.0,0,3.5,0.113
14400.0,60,18.25,367.63,D2,RENT,154000.0,Verified,2013-08-01,house,18.58,1996-09-01,18.0,0.0,13475.0,38.5,39.0,w,INDIVIDUAL,6.0,0.0,0,10.0,0,16.9,0.094
35000.0,36,10.74,1141.56,B2,MORTGAGE,195000.0,Verified,2012-04-01,debt_consolidation,3.32,1996-05-01,6.0,0.0,21287.0,60.1,27.0,f,INDIVIDUAL,8.0,0.0,0,10.0,0,15.9,0.179
6000.0,36,10.15,194.03,B2,RENT,53000.0,Not Verified,2014-07-01,credit_card,7.24,2003-12-01,12.0,0.0,7302.0,34.6,30.0,w,INDIVIDUAL,0.0,0.0,0,2.0,0,10.6,0.113
20000.0,36,18.55,728.58,D4,RENT,185000.0,Verified,2012-03-01,debt_consolidation,20.45,2000-04-01,21.0,0.0,15999.0,77.9,44.0,f,INDIVIDUAL,3.0,0.0,0,4.0,0,11.9,0.108
24000.0,36,16.29,847.21,D1,RENT,50964.0,Verified,2011-12-01,debt_consolidation,8.83,2003-09-01,7.0,0.0,16318.0,69.4,13.0,f,INDIVIDUAL,0.0,0.0,0,2.0,0,8.2,0.471
15000.0,36,9.17,478.19,B1,RENT,60000.0,Not Verified,2014-09-01,debt_consolidation,7.24,2005-08-01,6.0,0.0,2366.0,7.5,8.0,w,INDIVIDUAL,0.0,0.0,0,1.0,0,9.1,0.25
10000.0,36,13.35,338.63,C2,MORTGAGE,85000.0,Not Verified,2014-07-01,credit_card,22.97,1983-07-01,10.0,1.0,20068.0,46.0,31.0,f,INDIVIDUAL,7.0,1.0,0,5.0,0,31.0,0.118
7800.0,36,14.46,268.34,C4,OWN,25000.0,Source Verified,2016-04-01,debt_consolidation,26.5,2001-11-01,12.0,0.0,6070.0,23.1,23.0,w,INDIVIDUAL,0.0,0.0,0,6.0,0,14.4,0.312
13000.0,60,14.33,304.72,C2,OWN,105000.0,Source Verified,2013-09-01,credit_card,23.31,2002-11-01,10.0,0.0,11148.0,53.3,21.0,f,INDIVIDUAL,2.0,0.0,0,2.0,0,10.8,0.124
6200.0,36,24.5,244.88,F3,OWN,24012.0,Source Verified,2014-07-01,other,10.29,2005-07-01,6.0,0.0,1429.0,35.7,9.0,f,INDIVIDUAL,0.0,0.0,0,2.0,0,9.0,0.258
5000.0,36,7.49,155.51,A4,RENT,42000.0,Source Verified,2015-01-01,home_improvement,6.8,1994-04-01,7.0,0.0,1428.0,8.0,8.0,w,INDIVIDUAL,0.0,0.0,0,6.0,0,20.8,0.119
16800.0,60,24.7,490.16,G1,MORTGAGE,60000.0,Verified,2013-05-01,credit_card,19.02,2000-12-01,15.0,0.0,15570.0,60.3,22.0,f,INDIVIDUAL,0.0,0.0,0,4.0,0,12.4,0.28
2500.0,36,20.8,93.94,E1,MORTGAGE,80000.0,Verified,2013-07-01,vacation,23.75,2001-12-01,15.0,0.0,14653.0,28.5,30.0,f,INDIVIDUAL,1.0,0.0,0,10.0,0,11.6,0.031
8000.0,36,16.78,284.35,C5,RENT,45000.0,Verified,2013-09-01,debt_consolidation,11.81,2002-10-01,5.0,0.0,4122.0,71.1,9.0,f,INDIVIDUAL,0.0,0.0,0,4.0,0,10.9,0.178
25000.0,60,16.02,608.22,D5,MORTGAGE,70000.0,Verified,2011-03-01,debt_consolidation,20.31,1987-03-01,17.0,0.0,16065.0,36.2,55.0,f,INDIVIDUAL,3.0,0.0,0,10.0,0,24.0,0.357
5125.0,36,14.3,175.91,C1,RENT,29000.0,Not Verified,2013-11-01,debt_consolidation,25.26,2005-04-01,7.0,0.0,3604.0,70.7,9.0,w,INDIVIDUAL,0.0,0.0,0,0.0,0,8.6,0.177
9500.0,36,17.56,341.36,D1,RENT,60000.0,Verified,2013-08-01,debt_consolidation,9.66,1984-08-01,7.0,1.0,6326.0,49.4,15.0,f,INDIVIDUAL,0.0,0.0,0,7.0,0,29.0,0.158
5000.0,36,10.36,162.19,B5,RENT,42016.0,Not Verified,2010-11-01,debt_consolidation,4.08,1999-11-01,5.0,0.0,3408.0,44.8,10.0,f,INDIVIDUAL,0.0,0.0,0,3.0,0,11.0,0.119
25000.0,36,12.49,836.23,B5,OWN,254000.0,Source Verified,2014-09-01,other,13.71,1985-05-01,17.0,0.0,209365.0,24.5,29.0,w,INDIVIDUAL,1.0,0.0,0,10.0,0,29.3,0.098
18000.0,36,13.11,607.45,B4,MORTGAGE,63000.0,Verified,2013-01-01,credit_card,17.52,1994-01-01,11.0,0.0,17090.0,96.6,21.0,f,INDIVIDUAL,3.0,0.0,0,2.0,0,19.0,0.286
19125.0,36,9.91,616.31,B1,RENT,43000.0,Source Verified,2012-01-01,debt_consolidation,21.91,2003-12-01,12.0,0.0,9850.0,53.9,25.0,f,INDIVIDUAL,1.0,0.0,0,3.0,0,8.1,0.445
20000.0,36,9.75,643.0,B3,MORTGAGE,157000.0,Not Verified,2016-06-01,home_improvement,23.15,1996-02-01,26.0,0.0,21340.0,30.4,38.0,w,INDIVIDUAL,2.0,0.0,0,4.0,0,20.3,0.127
12000.0,36,6.39,367.19,A2,RENT,90000.0,Source Verified,2015-02-01,debt_consolidation,12.43,1993-05-01,8.0,0.0,8057.0,12.7,15.0,w,INDIVIDUAL,0.0,0.0,0,10.0,0,21.8,0.133
12000.0,60,15.31,287.44,C4,MORTGAGE,116000.0,Verified,2014-03-01,home_improvement,17.96,1999-01-01,8.0,1.0,3147.0,21.0,36.0,f,INDIVIDUAL,6.0,1.0,0,8.0,0,15.2,0.103
12000.0,36,11.53,395.89,B5,OWN,60000.0,Not Verified,2015-10-01,debt_consolidation,32.86,2003-07-01,16.0,0.0,17125.0,39.1,21.0,w,INDIVIDUAL,0.0,0.0,0,10.0,0,12.3,0.2
29625.0,36,12.69,993.77,C2,MORTGAGE,160000.0,Source Verified,2015-03-01,debt_consolidation,11.58,1996-11-01,14.0,3.0,30834.0,66.6,32.0,w,INDIVIDUAL,2.0,0.0,0,10.0,0,18.3,0.185
7475.0,36,16.55,264.84,D2,OWN,17000.0,Verified,2015-05-01,debt_consolidation,37.06,1985-05-01,12.0,0.0,15320.0,60.6,14.0,f,INDIVIDUAL,0.0,0.0,1,6.0,1,30.0,0.44
24000.0,36,16.29,847.21,C4,MORTGAGE,220000.0,Verified,2012-11-01,credit_card,12.64,1996-07-01,14.0,0.0,36046.0,76.2,23.0,w,INDIVIDUAL,2.0,0.0,0,8.0,0,16.3,0.109
4500.0,36,15.61,157.35,D1,RENT,60000.0,Verified,2015-08-01,debt_consolidation,10.22,2008-03-01,4.0,1.0,0.0,0.0,8.0,f,INDIVIDUAL,0.0,1.0,1,9.0,0,7.4,0.075
17475.0,60,15.61,421.35,D1,MORTGAGE,39000.0,Source Verified,2014-07-01,credit_card,19.41,1999-07-01,9.0,0.0,21129.0,67.3,20.0,f,INDIVIDUAL,0.0,0.0,0,8.0,0,15.0,0.448
12175.0,36,14.09,416.65,B5,OWN,35000.0,Source Verified,2012-08-01,debt_consolidation,28.08,1998-12-01,10.0,0.0,16671.0,70.3,20.0,f,INDIVIDUAL,0.0,0.0,0,5.0,0,13.7,0.348
5000.0,36,13.67,170.09,B5,RENT,39000.0,Source Verified,2012-03-01,credit_card,11.94,2005-01-01,11.0,0.0,5579.0,40.4,14.0,f,INDIVIDUAL,0.0,0.0,0,2.0,0,7.2,0.128
22500.0,36,7.9,704.04,A4,MORTGAGE,90000.0,Verified,2013-04-01,credit_card,13.98,1991-05-01,7.0,0.0,3038.0,98.0,37.0,f,INDIVIDUAL,5.0,0.0,1,10.0,0,21.9,0.25
30000.0,60,16.59,738.98,D1,MORTGAGE,76000.0,Verified,2014-02-01,credit_card,30.78,2001-02-01,22.0,0.0,19690.0,33.8,57.0,w,INDIVIDUAL,5.0,0.0,0,1.0,0,13.0,0.395
15000.0,60,18.54,385.33,E1,RENT,45000.0,Not Verified,2014-12-01,debt_consolidation,20.53,1993-06-01,16.0,0.0,8661.0,20.0,53.0,f,INDIVIDUAL,0.0,0.0,0,1.0,0,21.5,0.333
6000.0,36,17.56,215.6,D1,MORTGAGE,57000.0,Not Verified,2013-08-01,debt_consolidation,22.19,1989-05-01,11.0,0.0,11737.0,53.6,25.0,f,INDIVIDUAL,0.0,0.0,0,10.0,0,24.3,0.105
25025.0,60,21.49,683.93,E3,MORTGAGE,120000.0,Verified,2013-05-01,debt_consolidation,2.21,2001-03-01,6.0,0.0,6699.0,28.9,27.0,w,INDIVIDUAL,5.0,0.0,0,10.0,0,12.2,0.209
8000.0,36,16.99,285.19,D1,RENT,33000.0,Not Verified,2014-01-01,debt_consolidation,29.27,1996-04-01,10.0,0.0,7535.0,64.4,25.0,w,INDIVIDUAL,0.0,0.0,0,7.0,0,17.8,0.242
35000.0,60,18.54,899.09,E1,MORTGAGE,96000.0,Verified,2014-11-01,debt_consolidation,23.36,1995-02-01,8.0,0.0,13567.0,64.6,16.0,w,INDIVIDUAL,5.0,0.0,0,10.0,0,19.7,0.365
4000.0,36,9.17,127.52,B1,RENT,76724.0,Not Verified,2014-05-01,credit_card,15.67,1996-12-01,6.0,0.0,13040.0,85.2,16.0,f,INDIVIDUAL,0.0,0.0,0,6.0,0,17.4,0.052
8800.0,36,11.36,289.61,B5,RENT,60000.0,Source Verified,2010-05-01,credit_card,22.62,2000-07-01,13.0,0.0,10521.0,45.3,27.0,f,INDIVIDUAL,2.0,0.0,0,2.0,0,9.8,0.147
6225.0,36,8.9,197.67,A5,MORTGAGE,30000.0,Not Verified,2013-09-01,debt_consolidation,23.6,2003-09-01,7.0,0.0,5036.0,37.9,18.0,w,INDIVIDUAL,0.0,0.0,0,9.0,0,10.0,0.208
7200.0,36,12.49,240.84,B5,OWN,93000.0,Source Verified,2014-08-01,credit_card,9.59,2001-04-01,5.0,0.0,3863.0,92.0,20.0,f,INDIVIDUAL,1.0,0.0,0,3.0,0,13.3,0.077
18000.0,36,19.52,664.56,D4,MORTGAGE,73500.0,Source Verified,2013-09-01,debt_consolidation,22.86,1986-10-01,13.0,0.0,19021.0,71.8,50.0,w,INDIVIDUAL,5.0,0.0,0,8.0,0,26.9,0.245
7125.0,36,16.55,252.44,D2,RENT,92000.0,Not Verified,2015-06-01,debt_consolidation,7.5,2001-03-01,11.0,1.0,2436.0,27.0,28.0,f,INDIVIDUAL,2.0,1.0,1,1.0,0,14.3,0.077
9800.0,36,12.99,330.16,B5,MORTGAGE,85000.0,Verified,2014-02-01,debt_consolidation,12.97,1992-11-01,8.0,1.0,6643.0,69.9,17.0,w,INDIVIDUAL,2.0,1.0,0,10.0,0,21.3,0.115
8400.0,36,10.99,274.97,B4,MORTGAGE,110000.0,Source Verified,2015-07-01,debt_consolidation,14.56,1992-07-01,14.0,0.0,65946.0,64.1,25.0,f,INDIVIDUAL,2.0,0.0,0,10.0,0,23.0,0.076
18000.0,60,13.99,418.74,C4,MORTGAGE,91000.0,Verified,2015-10-01,debt_consolidation,8.68,2002-03-01,13.0,0.0,11448.0,47.5,22.0,w,INDIVIDUAL,3.0,0.0,0,6.0,0,13.6,0.198
10000.0,36,13.05,337.19,B5,RENT,70000.0,Not Verified,2013-08-01,credit_card,14.06,2008-12-01,5.0,0.0,4294.0,37.7,7.0,f,INDIVIDUAL,0.0,0.0,0,1.0,0,4.7,0.143
5000.0,36,11.14,164.03,B2,RENT,25000.0,Not Verified,2013-05-01,credit_card,12.19,2006-03-01,12.0,0.0,7834.0,24.7,18.0,f,INDIVIDUAL,0.0,0.0,0,6.0,0,7.2,0.2
10000.0,36,13.68,340.23,C1,RENT,40000.0,Source Verified,2013-08-01,debt_consolidation,23.4,2001-08-01,9.0,0.0,6153.0,64.1,22.0,w,INDIVIDUAL,0.0,0.0,0,3.0,0,12.0,0.25
14400.0,36,10.99,471.37,B2,RENT,48000.0,Not Verified,2013-09-01,debt_consolidation,18.58,2006-06-01,17.0,0.0,5032.0,53.0,34.0,f,INDIVIDUAL,0.0,0.0,0,6.0,0,7.3,0.3
15000.0,36,16.29,529.51,D2,RENT,56000.0,Source Verified,2014-10-01,other,16.76,2004-01-01,13.0,0.0,6156.0,41.3,23.0,f,INDIVIDUAL,0.0,0.0,1,8.0,0,10.7,0.268
33700.0,60,18.55,865.88,E2,RENT,90000.0,Source Verified,2015-10-01,debt_consolidation,15.99,1993-06-01,11.0,0.0,33229.0,63.4,22.0,w,INDIVIDUAL,0.0,0.0,0,10.0,0,22.3,0.374
12500.0,36,15.31,435.22,C2,RENT,52000.0,Verified,2012-09-01,debt_consolidation,20.95,2000-11-01,9.0,0.0,21372.0,51.9,21.0,f,INDIVIDUAL,0.0,0.0,0,10.0,0,11.8,0.24
4800.0,36,11.67,158.68,B4,OWN,35000.0,Not Verified,2014-08-01,debt_consolidation,7.51,2001-11-01,5.0,0.0,3104.0,10.9,14.0,f,INDIVIDUAL,0.0,0.0,0,10.0,0,12.7,0.137
6475.0,36,10.99,211.96,B3,MORTGAGE,45600.0,Not Verified,2014-09-01,other,11.87,1995-04-01,11.0,0.0,2936.0,41.4,23.0,f,INDIVIDUAL,1.0,0.0,0,7.0,0,19.4,0.142
20950.0,36,23.43,815.68,F1,MORTGAGE,93600.0,Verified,2014-10-01,debt_consolidation,20.91,1996-03-01,25.0,0.0,34270.0,46.9,46.0,w,INDIVIDUAL,3.0,0.0,0,10.0,0,18.6,0.224
7000.0,36,13.11,236.23,B4,MORTGAGE,40539.0,Not Verified,2012-12-01,credit_card,11.66,1986-01-01,9.0,0.0,6720.0,50.9,26.0,w,INDIVIDUAL,1.0,0.0,0,10.0,0,26.9,0.173
6250.0,36,8.9,198.46,A5,MORTGAGE,34715.0,Not Verified,2014-01-01,debt_consolidation,8.58,2003-07-01,3.0,0.0,671.0,26.8,10.0,w,INDIVIDUAL,1.0,0.0,0,10.0,0,10.5,0.18
13225.0,36,13.65,449.76,C1,RENT,49000.0,Verified,2014-03-01,credit_card,25.84,2000-12-01,13.0,0.0,12170.0,59.0,22.0,w,INDIVIDUAL,0.0,0.0,1,1.0,0,13.2,0.27
7000.0,36,12.49,234.15,B4,RENT,50000.0,Source Verified,2014-04-01,debt_consolidation,8.04,1988-03-01,6.0,1.0,4875.0,32.0,50.0,w,INDIVIDUAL,5.0,1.0,0,1.0,0,26.1,0.14
5000.0,36,12.29,166.77,C1,RENT,37000.0,Source Verified,2015-03-01,debt_consolidation,18.7,2009-11-01,7.0,0.0,7517.0,38.4,9.0,w,INDIVIDUAL,0.0,0.0,0,2.0,0,5.3,0.135
35000.0,60,17.86,886.11,D5,MORTGAGE,120000.0,Verified,2015-04-01,other,18.37,2004-11-01,9.0,0.0,5452.0,20.3,31.0,w,INDIVIDUAL,2.0,0.0,1,2.0,0,10.4,0.292
24000.0,36,11.14,787.33,B2,RENT,98000.0,Not Verified,2013-02-01,debt_consolidation,16.42,2000-12-01,9.0,0.0,14967.0,34.7,51.0,f,INDIVIDUAL,0.0,0.0,0,5.0,0,12.2,0.245
20000.0,36,7.69,623.88,A4,MORTGAGE,120000.0,Source Verified,2014-10-01,debt_consolidation,21.16,2001-07-01,8.0,0.0,128255.0,52.9,25.0,f,INDIVIDUAL,4.0,0.0,0,0.0,0,13.3,0.167
3500.0,36,12.85,117.68,B4,OWN,20000.0,Not Verified,2014-01-01,debt_consolidation,16.21,2000-08-01,16.0,1.0,5341.0,69.4,34.0,w,INDIVIDUAL,0.0,1.0,0,8.0,0,13.4,0.175
18000.0,60,13.49,414.09,C1,MORTGAGE,129000.0,Not Verified,2012-01-01,debt_consolidation,6.54,1995-01-01,5.0,0.0,13284.0,55.3,17.0,f,INDIVIDUAL,1.0,0.0,1,7.0,0,17.0,0.14
10000.0,36,15.61,349.65,D1,MORTGAGE,100000.0,Not Verified,2014-09-01,debt_consolidation,11.45,1991-06-01,11.0,1.0,5919.0,57.5,25.0,f,INDIVIDUAL,3.0,1.0,0,5.0,0,23.3,0.1
10000.0,36,12.29,333.53,C1,RENT,210000.0,Verified,2015-07-01,moving,25.41,1983-08-01,25.0,0.0,35203.0,48.7,44.0,w,INDIVIDUAL,2.0,0.0,1,3.0,0,31.9,0.048
11000.0,36,14.09,376.44,B5,RENT,60000.0,Not Verified,2012-08-01,credit_card,14.86,1998-02-01,8.0,0.0,19265.0,61.5,25.0,f,INDIVIDUAL,4.0,0.0,0,10.0,0,14.5,0.183
13000.0,60,9.99,276.15,B3,RENT,70000.0,Not Verified,2015-11-01,debt_consolidation,17.54,2004-10-01,9.0,1.0,907.0,5.0,21.0,w,INDIVIDUAL,0.0,1.0,1,4.0,0,11.1,0.186
18000.0,60,10.99,391.28,B3,OWN,70000.0,Source Verified,2014-08-01,debt_consolidation,16.15,2004-03-01,13.0,0.0,13574.0,47.8,35.0,w,INDIVIDUAL,1.0,0.0,0,4.0,0,10.4,0.257
13000.0,36,13.67,442.23,B5,MORTGAGE,79000.0,Source Verified,2013-11-01,credit_card,3.51,2005-12-01,7.0,0.0,5491.0,56.0,12.0,f,INDIVIDUAL,2.0,0.0,0,10.0,0,7.9,0.165
7000.0,36,11.99,232.47,B3,RENT,35000.0,Not Verified,2013-11-01,debt_consolidation,7.37,2005-06-01,9.0,0.0,7131.0,62.0,12.0,w,INDIVIDUAL,0.0,0.0,0,1.0,0,8.4,0.2
20000.0,36,19.99,743.17,E1,RENT,107000.0,Verified,2012-06-01,debt_consolidation,15.61,1998-04-01,13.0,0.0,19491.0,63.6,34.0,f,INDIVIDUAL,0.0,0.0,0,3.0,0,14.2,0.187
13475.0,36,17.1,481.1,C5,MORTGAGE,37000.0,Verified,2013-11-01,debt_consolidation,29.87,2001-08-01,10.0,0.0,7424.0,75.0,18.0,f,INDIVIDUAL,1.0,0.0,1,10.0,0,12.3,0.364
4525.0,36,14.99,156.84,C5,MORTGAGE,86000.0,Not Verified,2014-06-01,debt_consolidation,33.69,2002-10-01,19.0,0.0,17987.0,70.5,41.0,w,INDIVIDUAL,7.0,0.0,0,10.0,0,11.7,0.053
9250.0,36,15.99,325.16,D2,MORTGAGE,36000.0,Source Verified,2015-02-01,debt_consolidation,22.3,2001-10-01,6.0,0.0,6362.0,58.9,19.0,w,INDIVIDUAL,3.0,0.0,0,10.0,0,13.3,0.257
2750.0,36,11.55,90.75,B3,RENT,12000.0,Verified,2013-09-01,credit_card,21.22,1999-01-01,3.0,1.0,4334.0,76.0,10.0,f,INDIVIDUAL,0.0,1.0,0,6.0,1,14.7,0.229
23675.0,36,17.77,853.18,D1,OWN,76788.0,Verified,2012-08-01,credit_card,29.94,1985-03-01,21.0,0.0,21920.0,43.8,42.0,f,INDIVIDUAL,0.0,0.0,0,10.0,0,27.4,0.308
24000.0,60,15.61,578.68,C4,MORTGAGE,68000.0,Source Verified,2014-02-01,debt_consolidation,10.66,1989-11-01,12.0,0.0,15189.0,30.1,29.0,f,INDIVIDUAL,6.0,0.0,0,10.0,0,24.3,0.353
21600.0,60,14.99,513.75,C5,MORTGAGE,61000.0,Source Verified,2014-10-01,credit_card,13.18,2000-12-01,8.0,0.0,27820.0,53.8,22.0,w,INDIVIDUAL,6.0,0.0,0,0.0,0,13.8,0.354
8875.0,36,14.33,304.76,C1,RENT,26000.0,Source Verified,2013-02-01,credit_card,24.18,1982-11-01,13.0,0.0,10314.0,63.7,21.0,w,INDIVIDUAL,0.0,0.0,0,2.0,0,30.3,0.341
6000.0,36,14.65,206.97,C2,MORTGAGE,50000.0,Not Verified,2012-06-01,credit_card,7.37,2004-10-01,8.0,0.0,12890.0,81.1,14.0,f,INDIVIDUAL,3.0,0.0,0,9.0,0,7.7,0.12
2200.0,36,15.65,76.97,D4,RENT,50004.0,Not Verified,2011-02-01,other,2.4,1996-10-01,2.0,0.0,4925.0,98.5,5.0,f,INDIVIDUAL,0.0,0.0,0,5.0,0,14.3,0.044
20000.0,36,11.67,661.14,B4,MORTGAGE,70000.0,Source Verified,2014-08-01,home_improvement,8.81,1998-12-01,14.0,0.0,12976.0,24.3,29.0,w,INDIVIDUAL,1.0,0.0,0,0.0,0,15.7,0.286
21000.0,36,13.11,708.69,B4,MORTGAGE,52000.0,Verified,2013-05-01,credit_card,17.61,1989-12-01,18.0,0.0,24689.0,56.4,52.0,f,INDIVIDUAL,3.0,0.0,0,10.0,0,23.4,0.404
25000.0,36,8.9,793.84,A5,RENT,81700.0,Verified,2012-10-01,debt_consolidation,12.57,1987-05-01,12.0,0.0,49876.0,34.9,18.0,f,INDIVIDUAL,0.0,0.0,0,10.0,0,25.4,0.306
1500.0,36,19.72,55.54,D5,MORTGAGE,38000.0,Verified,2013-06-01,other,20.49,1979-05-01,9.0,0.0,19128.0,90.2,17.0,f,INDIVIDUAL,1.0,0.0,0,10.0,0,34.1,0.039
20000.0,60,17.14,498.56,D4,MORTGAGE,90000.0,Source Verified,2015-01-01,debt_consolidation,17.04,2004-12-01,9.0,0.0,24699.0,92.2,16.0,w,INDIVIDUAL,3.0,0.0,1,2.0,0,10.1,0.222
15000.0,36,13.11,506.21,B4,RENT,72000.0,Verified,2013-05-01,debt_consolidation,25.23,1997-07-01,13.0,0.0,29480.0,67.0,17.0,f,INDIVIDUAL,0.0,0.0,0,4.0,0,15.8,0.208
24000.0,60,10.99,521.7,B4,MORTGAGE,85000.0,Source Verified,2015-05-01,debt_consolidation,22.6,1990-01-01,11.0,0.0,21745.0,68.8,39.0,w,INDIVIDUAL,2.0,0.0,0,10.0,0,25.3,0.282
31000.0,60,19.72,816.49,D5,MORTGAGE,72000.0,Verified,2012-12-01,credit_card,22.57,1996-01-01,8.0,0.0,21626.0,61.8,24.0,f,INDIVIDUAL,2.0,0.0,1,10.0,0,16.9,0.431
14000.0,36,6.03,426.1,A1,RENT,80226.0,Verified,2014-02-01,debt_consolidation,19.13,1992-06-01,6.0,0.0,15358.0,41.7,17.0,w,INDIVIDUAL,0.0,0.0,0,10.0,0,21.7,0.175
10000.0,36,13.35,338.63,C2,MORTGAGE,30000.0,Source Verified,2014-08-01,credit_card,30.52,2003-09-01,9.0,1.0,4837.0,56.2,16.0,w,INDIVIDUAL,0.0,1.0,1,7.0,0,10.9,0.333
10000.0,36,8.9,317.54,A5,OWN,79500.0,Verified,2013-09-01,major_purchase,17.87,1991-11-01,15.0,0.0,22487.0,48.9,27.0,f,INDIVIDUAL,0.0,0.0,0,10.0,0,21.8,0.126
5000.0,36,6.39,153.0,A2,MORTGAGE,165000.0,Not Verified,2015-04-01,debt_consolidation,18.6,1992-01-01,16.0,0.0,24958.0,61.9,55.0,w,INDIVIDUAL,3.0,0.0,0,1.0,0,23.2,0.03
22500.0,36,15.61,786.71,C4,MORTGAGE,125000.0,Source Verified,2013-12-01,debt_consolidation,22.64,2003-04-01,12.0,0.0,21358.0,85.2,28.0,w,INDIVIDUAL,3.0,0.0,1,10.0,0,10.7,0.18
1500.0,36,14.46,51.61,C4,RENT,31267.51,Source Verified,2016-03-01,debt_consolidation,31.21,2001-03-01,15.0,0.0,5854.0,31.6,20.0,f,INDIVIDUAL,0.0,0.0,0,2.0,0,15.0,0.048
4500.0,36,10.16,145.55,B1,OWN,30000.0,Not Verified,2012-10-01,home_improvement,11.32,1972-10-01,7.0,0.0,7544.0,65.0,10.0,f,INDIVIDUAL,0.0,0.0,0,10.0,0,40.0,0.15
5800.0,36,10.16,187.59,B1,RENT,75000.0,Not Verified,2012-11-01,debt_consolidation,23.57,1996-04-01,5.0,0.0,565.0,4.2,24.0,f,INDIVIDUAL,5.0,0.0,1,10.0,0,16.6,0.077
1500.0,36,20.49,56.13,E1,RENT,15000.0,Source Verified,2012-12-01,debt_consolidation,16.8,1999-07-01,15.0,0.0,4070.0,79.8,25.0,f,INDIVIDUAL,0.0,0.0,0,0.0,0,13.4,0.1
20000.0,60,12.69,451.9,B5,OWN,102000.0,Verified,2011-11-01,debt_consolidation,23.87,1986-09-01,19.0,0.0,24796.0,31.2,48.0,f,INDIVIDUAL,3.0,0.0,0,10.0,0,25.2,0.196
11675.0,60,20.2,310.62,E3,RENT,26000.0,Source Verified,2014-10-01,debt_consolidation,24.97,2001-05-01,8.0,0.0,11072.0,49.0,21.0,f,INDIVIDUAL,1.0,0.0,1,5.0,0,13.4,0.449
17500.0,36,12.99,589.56,C1,MORTGAGE,40000.0,Not Verified,2014-08-01,debt_consolidation,33.15,2004-07-01,20.0,0.0,23515.0,90.1,43.0,w,INDIVIDUAL,3.0,0.0,0,5.0,0,10.1,0.438
10000.0,36,13.18,337.81,C3,RENT,72800.0,Source Verified,2015-12-01,debt_consolidation,12.94,2004-07-01,12.0,0.0,7797.0,50.3,21.0,w,INDIVIDUAL,0.0,0.0,0,7.0,0,11.4,0.137
15000.0,36,11.14,492.08,B2,MORTGAGE,102204.0,Verified,2013-06-01,credit_card,14.05,1995-03-01,17.0,1.0,13977.0,48.9,27.0,w,INDIVIDUAL,2.0,1.0,0,6.0,1,18.3,0.147
10000.0,36,15.8,350.59,C3,MORTGAGE,60000.0,Verified,2013-02-01,credit_card,23.48,1996-10-01,13.0,0.0,14889.0,59.6,24.0,f,INDIVIDUAL,3.0,0.0,1,8.0,0,16.3,0.167
19000.0,60,18.55,488.18,D4,RENT,38578.0,Verified,2012-03-01,major_purchase,8.92,2005-11-01,6.0,0.0,6673.0,69.0,15.0,f,INDIVIDUAL,0.0,0.0,0,8.0,0,6.3,0.493
9100.0,36,15.61,318.18,D1,MORTGAGE,55000.0,Not Verified,2015-04-01,debt_consolidation,22.91,2002-10-01,21.0,0.0,6326.0,25.3,31.0,f,INDIVIDUAL,1.0,0.0,0,8.0,0,12.5,0.165
15000.0,36,13.98,512.52,C3,MORTGAGE,75000.0,Not Verified,2014-06-01,credit_card,27.15,2001-02-01,23.0,0.0,22927.0,84.6,39.0,f,INDIVIDUAL,1.0,0.0,1,3.0,0,13.3,0.2
12000.0,36,7.91,375.54,A5,OWN,33000.0,Verified,2016-01-01,debt_consolidation,25.64,1996-09-01,14.0,0.0,103.0,0.5,25.0,w,INDIVIDUAL,3.0,0.0,0,6.0,1,19.3,0.364
6025.0,36,30.99,259.05,G5,OWN,20112.0,Verified,2016-11-01,home_improvement,10.98,2002-08-01,5.0,1.0,4493.0,52.2,9.0,w,INDIVIDUAL,0.0,1.0,0,5.0,0,14.3,0.3
9000.0,36,6.03,273.92,A1,MORTGAGE,144000.0,Not Verified,2012-12-01,credit_card,2.99,1994-06-01,10.0,0.0,10460.0,7.9,47.0,f,INDIVIDUAL,6.0,0.0,0,7.0,0,18.5,0.062
5500.0,36,7.62,171.39,A3,MORTGAGE,84000.0,Not Verified,2013-11-01,credit_card,16.17,1996-09-01,7.0,0.0,5211.0,68.6,21.0,f,INDIVIDUAL,2.0,0.0,0,10.0,0,17.2,0.065
10000.0,36,12.12,332.72,B3,RENT,34000.0,Not Verified,2013-06-01,credit_card,10.52,2005-11-01,4.0,0.0,10643.0,68.7,6.0,f,INDIVIDUAL,0.0,0.0,0,6.0,0,7.6,0.294
15000.0,36,15.99,527.29,D2,RENT,80000.0,Not Verified,2015-01-01,medical,9.9,2000-01-01,9.0,0.0,35457.0,45.2,14.0,f,INDIVIDUAL,0.0,0.0,1,8.0,0,15.0,0.188
12875.0,36,21.0,485.07,E1,MORTGAGE,45400.0,Verified,2013-11-01,credit_card,23.05,1990-05-01,14.0,0.0,9236.0,79.6,25.0,f,INDIVIDUAL,0.0,0.0,1,6.0,1,23.5,0.284
3500.0,36,7.89,109.5,A5,RENT,84000.0,Not Verified,2015-07-01,debt_consolidation,24.51,1998-05-01,13.0,0.0,10908.0,60.6,32.0,w,INDIVIDUAL,2.0,0.0,0,10.0,0,17.2,0.042
4000.0,36,13.35,135.46,C2,RENT,40000.0,Not Verified,2014-05-01,debt_consolidation,18.12,2007-12-01,7.0,0.0,7690.0,92.7,11.0,f,INDIVIDUAL,0.0,0.0,0,2.0,0,6.4,0.1
20950.0,60,18.99,543.34,E1,OWN,50000.0,Verified,2014-08-01,debt_consolidation,18.09,1976-10-01,19.0,0.0,32973.0,29.5,42.0,w,INDIVIDUAL,1.0,0.0,0,2.0,0,37.8,0.419
7200.0,36,6.03,219.14,A1,MORTGAGE,56000.0,Not Verified,2011-11-01,medical,1.2,1980-06-01,6.0,0.0,2546.0,30.3,13.0,f,INDIVIDUAL,0.0,0.0,0,9.0,0,31.4,0.129
7000.0,36,8.39,220.62,A5,OWN,66000.0,Not Verified,2014-06-01,debt_consolidation,18.13,2006-08-01,7.0,0.0,11253.0,75.0,25.0,w,INDIVIDUAL,2.0,0.0,0,3.0,0,7.8,0.106
4800.0,36,13.98,164.01,C3,RENT,30000.0,Not Verified,2014-08-01,debt_consolidation,32.03,1977-06-01,13.0,0.0,6016.0,58.4,38.0,f,INDIVIDUAL,0.0,0.0,1,0.0,0,37.2,0.16
35000.0,60,16.55,861.4,D2,MORTGAGE,115000.0,Source Verified,2015-08-01,debt_consolidation,19.28,2000-05-01,10.0,0.0,32132.0,70.3,19.0,f,INDIVIDUAL,3.0,0.0,0,10.0,0,15.2,0.304
4575.0,36,17.57,164.42,D4,MORTGAGE,52000.0,Not Verified,2015-06-01,debt_consolidation,38.15,2000-07-01,10.0,0.0,35033.0,57.3,20.0,f,INDIVIDUAL,3.0,0.0,0,1.0,0,14.9,0.088
8800.0,36,10.99,288.06,B3,MORTGAGE,54000.0,Verified,2011-05-01,credit_card,19.15,1998-11-01,11.0,0.0,4824.0,25.3,20.0,f,INDIVIDUAL,1.0,0.0,0,9.0,0,12.5,0.163
32475.0,36,26.14,1310.87,F4,OWN,85500.0,Verified,2016-05-01,debt_consolidation,12.19,2008-06-01,3.0,0.0,2233.0,24.8,13.0,w,INDIVIDUAL,1.0,0.0,1,6.0,1,7.9,0.38
6000.0,36,14.64,206.94,C3,OWN,18000.0,Not Verified,2014-03-01,debt_consolidation,15.8,2009-12-01,10.0,0.0,6613.0,51.7,11.0,f,INDIVIDUAL,0.0,0.0,0,2.0,0,4.2,0.333
19425.0,60,20.5,520.07,E1,RENT,49000.0,Verified,2013-12-01,debt_consolidation,19.5,1999-04-01,19.0,0.0,17467.0,42.2,45.0,f,INDIVIDUAL,0.0,0.0,1,9.0,0,14.7,0.396
16000.0,36,5.32,481.84,A1,MORTGAGE,350000.0,Source Verified,2015-10-01,credit_card,3.85,1988-10-01,7.0,0.0,13773.0,72.5,18.0,w,INDIVIDUAL,3.0,0.0,0,6.0,0,27.0,0.046
12000.0,36,8.9,381.04,A5,RENT,67055.0,Verified,2013-05-01,debt_consolidation,32.77,2000-02-01,13.0,0.0,6615.0,31.8,42.0,f,INDIVIDUAL,2.0,0.0,0,10.0,0,13.2,0.179
10000.0,36,12.49,334.49,B5,MORTGAGE,42000.0,Not Verified,2014-06-01,debt_consolidation,16.4,2001-09-01,10.0,0.0,26981.0,95.3,25.0,w,INDIVIDUAL,1.0,0.0,0,1.0,0,12.7,0.238
9500.0,36,10.16,307.26,B1,MORTGAGE,52000.0,Not Verified,2013-02-01,credit_card,11.77,1999-09-01,4.0,0.0,20998.0,70.0,17.0,f,INDIVIDUAL,5.0,0.0,0,10.0,0,13.4,0.183
15000.0,60,13.67,346.47,B5,MORTGAGE,52000.0,Source Verified,2013-11-01,credit_card,26.96,1996-02-01,18.0,0.0,27021.0,40.2,45.0,w,INDIVIDUAL,3.0,0.0,0,10.0,0,17.7,0.288
1200.0,36,16.2,42.31,C4,RENT,33600.0,Verified,2013-09-01,moving,18.32,1978-04-01,10.0,0.0,14712.0,71.4,19.0,f,INDIVIDUAL,3.0,0.0,1,6.0,1,35.4,0.036
12000.0,36,12.05,398.86,C1,MORTGAGE,160000.0,Verified,2015-11-01,medical,25.68,1993-09-01,10.0,0.0,16524.0,66.6,26.0,w,INDIVIDUAL,1.0,0.0,0,10.0,0,22.2,0.075
25000.0,60,8.18,509.07,B1,MORTGAGE,90000.0,Source Verified,2015-03-01,credit_card,25.31,1990-05-01,22.0,0.0,28906.0,51.1,42.0,f,INDIVIDUAL,5.0,0.0,0,10.0,0,24.8,0.278
10000.0,60,12.69,225.95,C2,MORTGAGE,25487.0,Not Verified,2015-09-01,debt_consolidation,21.48,1967-01-01,5.0,1.0,15792.0,77.0,14.0,f,INDIVIDUAL,0.0,1.0,0,6.0,1,48.7,0.392
6400.0,36,16.2,225.64,C4,RENT,82000.0,Verified,2013-10-01,credit_card,7.37,2004-06-01,10.0,0.0,21009.0,77.2,14.0,w,INDIVIDUAL,0.0,0.0,0,10.0,0,9.3,0.078
6400.0,36,15.61,223.78,D1,MORTGAGE,46671.0,Not Verified,2015-06-01,debt_consolidation,23.34,2000-12-01,14.0,0.0,11149.0,33.1,58.0,f,INDIVIDUAL,2.0,0.0,0,10.0,0,14.5,0.137
10000.0,36,12.99,336.9,C1,RENT,55000.0,Source Verified,2014-10-01,other,23.35,2004-07-01,15.0,0.0,10818.0,67.6,24.0,w,INDIVIDUAL,0.0,0.0,0,10.0,0,10.3,0.182
15400.0,60,16.99,382.65,D3,RENT,35000.0,Source Verified,2015-05-01,debt_consolidation,19.0,2004-10-01,9.0,0.0,6025.0,30.4,12.0,w,INDIVIDUAL,0.0,0.0,1,2.0,0,10.6,0.44
21000.0,36,13.99,717.63,C1,RENT,136709.0,Verified,2012-03-01,credit_card,15.85,1996-03-01,6.0,0.0,18120.0,94.9,13.0,f,INDIVIDUAL,1.0,0.0,0,6.0,0,16.0,0.154
21000.0,36,6.62,644.78,A2,RENT,95000.0,Verified,2013-06-01,debt_consolidation,18.49,1993-07-01,19.0,0.0,28937.0,26.2,46.0,w,INDIVIDUAL,4.0,0.0,0,10.0,0,19.9,0.221
13900.0,60,16.99,345.38,D3,MORTGAGE,39700.0,Source Verified,2015-07-01,debt_consolidation,34.67,1999-06-01,9.0,0.0,12056.0,74.4,19.0,w,INDIVIDUAL,2.0,0.0,0,10.0,0,16.1,0.35
3625.0,36,20.31,135.3,D5,RENT,36000.0,Not Verified,2013-07-01,debt_consolidation,15.93,2004-09-01,8.0,0.0,3068.0,55.8,12.0,w,INDIVIDUAL,0.0,0.0,0,3.0,0,8.8,0.101
9000.0,36,12.39,300.61,C1,RENT,25000.0,Not Verified,2014-11-01,debt_consolidation,25.25,2000-09-01,17.0,1.0,3822.0,25.1,29.0,f,INDIVIDUAL,0.0,1.0,0,0.0,0,14.2,0.36
9000.0,36,9.63,288.85,A5,RENT,85004.0,Verified,2009-07-01,moving,7.19,2001-12-01,9.0,0.0,11.0,0.1,28.0,f,INDIVIDUAL,2.0,0.0,1,5.0,0,7.6,0.106
17625.0,36,15.1,611.84,C2,RENT,90000.0,Verified,2013-11-01,debt_consolidation,14.97,1968-06-01,16.0,0.0,20070.0,66.2,25.0,f,INDIVIDUAL,0.0,0.0,0,0.0,0,45.4,0.196
2000.0,36,13.99,68.35,C3,MORTGAGE,120000.0,Source Verified,2016-11-01,other,12.56,2001-12-01,11.0,0.0,20909.0,65.5,24.0,f,INDIVIDUAL,4.0,0.0,0,5.0,0,14.9,0.017
12000.0,60,17.57,301.93,D4,RENT,34000.0,Source Verified,2015-11-01,debt_consolidation,18.53,2002-01-01,29.0,0.0,4549.0,20.1,51.0,w,INDIVIDUAL,0.0,0.0,0,2.0,0,13.8,0.353
16000.0,60,14.33,375.04,C1,RENT,60000.0,Verified,2012-07-01,debt_consolidation,28.72,2005-01-01,15.0,0.0,18620.0,36.2,18.0,f,INDIVIDUAL,0.0,0.0,0,3.0,0,7.5,0.267
12000.0,36,7.9,375.49,A4,MORTGAGE,71500.0,Not Verified,2014-05-01,credit_card,25.11,2000-03-01,10.0,0.0,13352.0,69.2,21.0,f,INDIVIDUAL,1.0,0.0,0,7.0,0,14.2,0.168
19025.0,36,18.55,693.06,E2,RENT,70000.0,Verified,2015-09-01,small_business,1.89,2006-03-01,3.0,0.0,4923.0,42.8,11.0,f,INDIVIDUAL,0.0,0.0,0,10.0,0,9.5,0.272
26400.0,36,24.5,1042.7,F3,RENT,94000.0,Verified,2014-07-01,debt_consolidation,10.88,1986-06-01,7.0,0.0,37186.0,73.5,10.0,w,INDIVIDUAL,0.0,0.0,0,6.0,0,28.1,0.281
7200.0,36,6.03,219.14,A1,MORTGAGE,60000.0,Not Verified,2011-12-01,other,2.54,1996-05-01,6.0,0.0,3859.0,6.0,20.0,f,INDIVIDUAL,1.0,0.0,0,5.0,0,15.6,0.12
10000.0,36,9.67,321.13,B1,RENT,70000.0,Verified,2014-05-01,credit_card,11.91,2003-06-01,8.0,0.0,3750.0,28.8,12.0,w,INDIVIDUAL,0.0,0.0,1,4.0,0,10.9,0.143
9000.0,36,10.16,291.09,B1,MORTGAGE,36000.0,Not Verified,2013-07-01,credit_card,7.17,2006-06-01,9.0,1.0,5108.0,40.2,13.0,f,INDIVIDUAL,1.0,1.0,0,6.0,0,7.1,0.25
4250.0,36,14.33,145.94,C1,RENT,54000.0,Verified,2013-04-01,debt_consolidation,28.69,2002-10-01,14.0,0.0,31904.0,84.0,25.0,f,INDIVIDUAL,1.0,0.0,1,4.0,0,10.5,0.079
16000.0,60,17.88,405.26,E5,OWN,75500.0,Verified,2011-04-01,other,19.35,1998-12-01,9.0,1.0,8979.0,85.5,27.0,f,INDIVIDUAL,2.0,0.0,0,7.0,0,12.3,0.212
5550.0,36,14.99,192.37,C5,RENT,31000.0,Source Verified,2014-11-01,debt_consolidation,32.75,1996-03-01,9.0,0.0,16548.0,64.1,23.0,w,INDIVIDUAL,1.0,0.0,0,9.0,0,18.7,0.179
8000.0,36,8.19,251.4,A5,MORTGAGE,49000.0,Source Verified,2015-01-01,home_improvement,20.74,1994-07-01,9.0,1.0,10710.0,69.5,25.0,w,INDIVIDUAL,2.0,1.0,1,6.0,1,20.5,0.163
27500.0,60,12.99,625.57,C1,MORTGAGE,101400.0,Source Verified,2014-06-01,credit_card,12.85,1994-09-01,11.0,0.0,22481.0,71.6,24.0,f,INDIVIDUAL,6.0,0.0,0,10.0,0,19.7,0.271
20000.0,36,15.61,699.3,C3,RENT,55000.0,Verified,2013-12-01,debt_consolidation,33.95,1993-08-01,16.0,0.0,17218.0,69.4,25.0,f,INDIVIDUAL,0.0,0.0,0,10.0,0,20.3,0.364
6000.0,36,6.92,185.05,A4,RENT,38000.0,Source Verified,2015-04-01,debt_consolidation,17.69,1998-09-01,19.0,1.0,9080.0,33.6,53.0,f,INDIVIDUAL,5.0,1.0,0,2.0,0,16.6,0.158
9800.0,36,14.65,338.05,C5,MORTGAGE,35300.0,Source Verified,2015-10-01,debt_consolidation,21.46,2002-09-01,5.0,0.0,8424.0,82.6,24.0,w,INDIVIDUAL,3.0,0.0,0,10.0,0,13.1,0.278
15000.0,60,10.74,324.2,B4,MORTGAGE,80000.0,Verified,2011-03-01,credit_card,22.39,1992-06-01,13.0,0.0,36087.0,65.7,47.0,f,INDIVIDUAL,3.0,0.0,0,4.0,0,18.7,0.188
3500.0,36,12.99,117.92,C2,OWN,48000.0,Source Verified,2016-02-01,car,7.48,2002-05-01,9.0,0.0,6802.0,53.1,12.0,w,INDIVIDUAL,1.0,0.0,0,4.0,0,13.8,0.073
2800.0,60,11.49,61.57,B4,RENT,24000.0,Not Verified,2010-08-01,debt_consolidation,4.0,2000-12-01,7.0,1.0,2183.0,19.5,23.0,f,INDIVIDUAL,1.0,1.0,0,0.0,0,9.7,0.117
2500.0,36,14.99,86.66,C5,MORTGAGE,52000.0,Not Verified,2015-01-01,vacation,28.02,2001-11-01,10.0,0.0,5254.0,54.7,25.0,w,INDIVIDUAL,2.0,0.0,0,8.0,0,13.2,0.048
28000.0,36,8.9,889.09,A5,MORTGAGE,100000.0,Source Verified,2014-02-01,credit_card,27.64,2001-04-01,25.0,0.0,57886.0,66.8,49.0,w,INDIVIDUAL,2.0,0.0,1,5.0,0,12.8,0.28
2400.0,36,9.99,77.43,B3,MORTGAGE,83712.0,Source Verified,2015-03-01,debt_consolidation,13.73,1987-03-01,9.0,0.0,14446.0,96.3,26.0,f,INDIVIDUAL,3.0,0.0,0,10.0,0,28.0,0.029
6000.0,36,15.61,209.79,D1,RENT,86000.0,Verified,2015-07-01,debt_consolidation,21.52,2003-09-01,17.0,0.0,17342.0,72.6,42.0,w,INDIVIDUAL,0.0,0.0,0,10.0,0,11.8,0.07
28000.0,60,10.49,601.7,B3,RENT,65000.0,Source Verified,2014-11-01,debt_consolidation,17.63,2010-05-01,11.0,0.0,9561.0,20.3,16.0,w,INDIVIDUAL,0.0,0.0,0,3.0,0,4.5,0.431
19650.0,60,17.86,497.49,D5,MORTGAGE,68500.0,Source Verified,2015-07-01,debt_consolidation,19.64,1991-10-01,6.0,0.0,5157.0,53.7,24.0,w,INDIVIDUAL,5.0,0.0,0,2.0,0,23.7,0.287
3000.0,36,11.44,98.85,B4,RENT,80185.0,Not Verified,2015-01-01,debt_consolidation,14.98,2004-10-01,8.0,0.0,12462.0,70.4,24.0,f,INDIVIDUAL,0.0,0.0,0,5.0,0,10.3,0.037
15000.0,60,14.49,352.85,C4,MORTGAGE,68000.0,Verified,2014-06-01,credit_card,20.61,1982-07-01,11.0,0.0,39381.0,82.9,34.0,w,INDIVIDUAL,2.0,0.0,0,10.0,0,31.9,0.221
4700.0,36,16.99,167.55,D3,MORTGAGE,120000.0,Source Verified,2015-04-01,debt_consolidation,13.34,2005-08-01,17.0,1.0,17439.0,52.6,22.0,f,INDIVIDUAL,0.0,0.0,0,4.0,0,9.7,0.039
7500.0,36,10.51,243.81,B2,OWN,42000.0,Not Verified,2008-10-01,debt_consolidation,16.23,1999-01-01,9.0,0.0,26784.0,63.6,24.0,f,INDIVIDUAL,1.0,0.0,0,1.0,0,9.7,0.179
14000.0,60,12.79,317.05,C1,MORTGAGE,40000.0,Not Verified,2016-10-01,debt_consolidation,29.55,2001-11-01,8.0,0.0,6210.0,20.5,23.0,w,INDIVIDUAL,5.0,0.0,0,6.0,1,14.9,0.35
16000.0,36,8.9,508.06,A5,MORTGAGE,50000.0,Not Verified,2014-04-01,debt_consolidation,21.89,1998-11-01,8.0,0.0,7014.0,60.5,25.0,w,INDIVIDUAL,4.0,0.0,0,10.0,0,15.4,0.32
13000.0,60,13.49,299.07,C2,RENT,75000.0,Verified,2011-09-01,car,3.52,1997-01-01,6.0,0.0,3944.0,32.0,14.0,f,INDIVIDUAL,0.0,0.0,1,10.0,0,14.7,0.173
12000.0,36,10.99,392.81,B4,MORTGAGE,78000.0,Not Verified,2015-06-01,home_improvement,8.22,2005-02-01,6.0,0.0,1670.0,13.6,20.0,w,INDIVIDUAL,2.0,0.0,0,10.0,0,10.3,0.154
10000.0,36,10.75,326.21,B4,MORTGAGE,10560.0,Verified,2016-02-01,credit_card,77.95,2003-07-01,5.0,0.0,13021.0,85.7,20.0,w,JOINT,2.0,0.0,0,6.0,1,12.6,0.947
6000.0,36,14.33,206.03,C1,RENT,48000.0,Source Verified,2013-02-01,debt_consolidation,18.33,1994-03-01,14.0,0.0,12526.0,76.8,22.0,f,INDIVIDUAL,0.0,0.0,0,10.0,0,18.9,0.125
18000.0,60,18.55,462.49,D2,MORTGAGE,57000.0,Verified,2013-11-01,debt_consolidation,7.05,2001-01-01,13.0,0.0,10883.0,73.0,17.0,f,INDIVIDUAL,1.0,0.0,0,10.0,0,12.8,0.316
4000.0,36,14.33,137.36,C2,RENT,75000.0,Verified,2013-07-01,car,16.74,2001-01-01,11.0,0.0,11241.0,56.5,21.0,f,INDIVIDUAL,0.0,0.0,0,5.0,0,12.5,0.053
6500.0,36,9.91,209.47,B1,MORTGAGE,65400.0,Not Verified,2012-01-01,car,11.93,1997-04-01,9.0,0.0,14659.0,58.2,36.0,f,INDIVIDUAL,2.0,0.0,0,1.0,0,14.8,0.099
19950.0,60,23.63,569.65,F3,MORTGAGE,56000.0,Verified,2013-05-01,debt_consolidation,26.98,2001-11-01,8.0,0.0,9216.0,64.4,12.0,f,INDIVIDUAL,1.0,0.0,1,0.0,0,11.5,0.356
25000.0,36,6.49,766.12,A2,RENT,76700.0,Source Verified,2014-09-01,credit_card,15.38,2004-04-01,9.0,0.0,17026.0,88.2,9.0,f,INDIVIDUAL,0.0,0.0,0,6.0,0,10.4,0.326
25000.0,36,16.29,882.51,D2,MORTGAGE,96000.0,Source Verified,2014-08-01,credit_card,14.86,2000-03-01,11.0,0.0,36498.0,76.0,14.0,w,INDIVIDUAL,1.0,0.0,0,2.0,0,14.4,0.26
3150.0,36,9.17,100.42,B2,MORTGAGE,35000.0,Source Verified,2015-09-01,debt_consolidation,15.53,2002-12-01,9.0,0.0,3299.0,8.4,36.0,f,INDIVIDUAL,1.0,0.0,0,10.0,0,12.8,0.09
35000.0,36,18.85,1280.31,D3,MORTGAGE,106000.0,Verified,2013-09-01,debt_consolidation,23.33,1990-11-01,16.0,0.0,72643.0,91.7,28.0,f,INDIVIDUAL,1.0,0.0,0,4.0,0,22.8,0.33
16000.0,36,7.62,498.59,A3,MORTGAGE,67000.0,Verified,2013-05-01,debt_consolidation,15.92,1995-04-01,13.0,0.0,0.0,0.0,24.0,w,INDIVIDUAL,4.0,0.0,0,10.0,0,18.1,0.239
15000.0,36,14.65,517.42,C5,MORTGAGE,65000.0,Verified,2015-04-01,credit_card,24.54,2008-05-01,26.0,1.0,13885.0,33.5,31.0,f,INDIVIDUAL,1.0,1.0,0,3.0,0,6.9,0.231
13000.0,60,12.49,292.41,B5,MORTGAGE,40000.0,Not Verified,2014-07-01,debt_consolidation,28.62,2006-07-01,9.0,0.0,9223.0,29.2,16.0,w,INDIVIDUAL,1.0,0.0,0,8.0,0,8.0,0.325
10875.0,36,13.99,371.63,C4,MORTGAGE,85000.0,Not Verified,2015-04-01,debt_consolidation,32.71,1997-06-01,22.0,0.0,30465.0,68.2,50.0,f,INDIVIDUAL,2.0,0.0,0,7.0,0,17.8,0.128
15000.0,36,9.67,481.69,B1,MORTGAGE,52000.0,Verified,2013-10-01,credit_card,21.62,1997-12-01,8.0,0.0,12916.0,40.6,19.0,w,INDIVIDUAL,4.0,0.0,1,6.0,1,15.8,0.288
16950.0,60,18.84,438.21,E2,MORTGAGE,53000.0,Source Verified,2015-05-01,debt_consolidation,31.07,2003-08-01,8.0,0.0,4516.0,85.2,17.0,f,INDIVIDUAL,2.0,0.0,0,10.0,0,11.7,0.32
12000.0,36,7.88,375.38,A5,MORTGAGE,28800.0,Verified,2010-07-01,debt_consolidation,11.19,1999-10-01,5.0,0.0,11439.0,49.1,7.0,f,INDIVIDUAL,0.0,0.0,0,5.0,0,10.7,0.417
11000.0,36,17.77,396.41,D1,RENT,55000.0,Verified,2013-04-01,debt_consolidation,31.88,1999-12-01,19.0,0.0,10980.0,49.2,41.0,f,INDIVIDUAL,0.0,0.0,1,10.0,0,13.3,0.2
10000.0,36,14.33,343.39,C1,RENT,45000.0,Not Verified,2013-02-01,debt_consolidation,20.41,2007-05-01,13.0,0.0,7566.0,56.5,24.0,f,INDIVIDUAL,0.0,0.0,0,10.0,0,5.8,0.222
30000.0,60,15.31,718.59,C2,MORTGAGE,85000.0,Verified,2013-02-01,debt_consolidation,30.61,1990-12-01,11.0,0.0,76145.0,76.7,29.0,f,INDIVIDUAL,1.0,0.0,1,0.0,0,22.2,0.353
35000.0,36,19.72,1295.74,D5,MORTGAGE,105000.0,Source Verified,2012-08-01,debt_consolidation,24.71,1998-08-01,13.0,0.0,19937.0,69.7,46.0,f,INDIVIDUAL,0.0,0.0,0,10.0,0,14.0,0.333
7000.0,36,7.69,218.36,A4,MORTGAGE,100000.0,Not Verified,2014-08-01,debt_consolidation,16.81,2001-07-01,15.0,0.0,8828.0,43.7,57.0,f,INDIVIDUAL,5.0,0.0,0,10.0,0,13.1,0.07
15400.0,36,7.9,481.87,A4,MORTGAGE,50000.0,Source Verified,2014-05-01,debt_consolidation,13.59,2001-06-01,9.0,0.0,5163.0,24.2,24.0,w,INDIVIDUAL,0.0,0.0,0,6.0,0,12.9,0.308
15000.0,60,18.54,385.33,E1,RENT,48000.0,Source Verified,2015-01-01,credit_card,23.48,2009-04-01,7.0,0.0,7272.0,75.7,13.0,w,INDIVIDUAL,0.0,0.0,1,3.0,0,5.8,0.312
35000.0,36,17.27,1252.56,C5,RENT,94300.0,Source Verified,2013-04-01,debt_consolidation,17.24,1997-05-01,6.0,0.0,40005.0,92.6,12.0,f,INDIVIDUAL,0.0,0.0,0,2.0,0,15.9,0.371
24000.0,36,8.39,756.4,A5,RENT,100000.0,Source Verified,2014-06-01,debt_consolidation,10.2,1996-10-01,7.0,0.0,43895.0,84.4,27.0,w,INDIVIDUAL,0.0,0.0,0,2.0,0,17.7,0.24
10000.0,36,12.99,336.9,C2,RENT,80000.0,Source Verified,2016-06-01,debt_consolidation,17.44,1996-06-01,9.0,0.0,7199.0,33.8,21.0,w,INDIVIDUAL,2.0,0.0,0,0.0,0,20.0,0.125
8000.0,36,13.67,272.15,B5,MORTGAGE,145000.0,Not Verified,2013-11-01,debt_consolidation,15.09,2003-07-01,10.0,0.0,4227.0,20.5,31.0,f,INDIVIDUAL,4.0,0.0,0,3.0,0,10.3,0.055
5700.0,36,13.35,193.02,C2,MORTGAGE,61520.0,Not Verified,2014-07-01,credit_card,16.78,2004-01-01,9.0,1.0,11081.0,67.0,19.0,w,INDIVIDUAL,1.0,1.0,1,7.0,0,10.5,0.093
13250.0,36,12.12,440.85,B3,MORTGAGE,69000.0,Source Verified,2012-10-01,debt_consolidation,32.33,1999-11-01,20.0,0.0,30620.0,64.1,44.0,f,INDIVIDUAL,4.0,0.0,0,10.0,0,12.9,0.192
14400.0,60,14.99,342.5,C5,OWN,48000.0,Not Verified,2014-11-01,debt_consolidation,14.58,1992-01-01,13.0,0.0,8265.0,58.8,37.0,w,INDIVIDUAL,6.0,0.0,0,10.0,0,22.8,0.3
5700.0,36,6.99,175.98,A3,OWN,40000.0,Not Verified,2014-12-01,debt_consolidation,12.0,2004-03-01,10.0,0.0,1942.0,9.1,22.0,w,INDIVIDUAL,0.0,0.0,0,10.0,0,10.8,0.142
21000.0,36,14.33,721.11,C1,RENT,60000.0,Verified,2012-11-01,debt_consolidation,11.43,2001-12-01,8.0,0.0,23038.0,62.8,15.0,f,INDIVIDUAL,0.0,0.0,0,5.0,0,10.9,0.35
12000.0,60,11.49,263.86,B4,OWN,28800.0,Source Verified,2011-08-01,other,8.33,2001-06-01,2.0,0.0,0.0,10.61,12.0,f,INDIVIDUAL,0.0,0.0,0,3.0,0,10.2,0.417
10850.0,60,18.25,277.0,E1,RENT,51000.0,Not Verified,2015-02-01,debt_consolidation,37.76,2000-01-01,22.0,0.0,20388.0,49.8,44.0,w,INDIVIDUAL,4.0,0.0,0,8.0,0,15.1,0.213
19200.0,36,7.9,600.78,A4,MORTGAGE,132000.0,Not Verified,2013-11-01,debt_consolidation,10.9,1983-02-01,15.0,0.0,25782.0,52.9,36.0,f,INDIVIDUAL,4.0,0.0,0,10.0,0,30.7,0.145
4800.0,36,13.05,161.85,B5,OWN,40000.0,Source Verified,2013-07-01,debt_consolidation,21.21,1999-03-01,10.0,0.0,6297.0,84.0,24.0,f,INDIVIDUAL,0.0,0.0,0,10.0,0,14.3,0.12
5000.0,36,15.61,174.83,D1,MORTGAGE,75000.0,Verified,2015-09-01,other,5.74,1982-12-01,16.0,0.0,9327.0,46.9,28.0,w,INDIVIDUAL,2.0,0.0,0,5.0,0,32.8,0.067
14600.0,36,10.16,472.2,B1,RENT,56000.0,Not Verified,2012-07-01,debt_consolidation,13.63,2002-02-01,5.0,0.0,7267.0,71.2,10.0,f,INDIVIDUAL,0.0,0.0,0,7.0,0,10.4,0.261
1200.0,36,19.52,44.31,D4,RENT,24960.0,Not Verified,2013-08-01,other,20.77,2006-01-01,9.0,0.0,4718.0,26.5,16.0,f,INDIVIDUAL,0.0,0.0,0,0.0,0,7.6,0.048
13500.0,36,12.12,449.17,B3,MORTGAGE,28000.0,Verified,2012-06-01,small_business,3.34,1994-11-01,5.0,0.0,2871.0,30.2,8.0,f,INDIVIDUAL,2.0,0.0,0,1.0,0,17.6,0.482
4400.0,36,11.14,144.35,B2,MORTGAGE,110000.0,Source Verified,2013-05-01,home_improvement,24.19,1978-08-01,18.0,0.0,16861.0,19.0,43.0,f,INDIVIDUAL,5.0,0.0,0,2.0,0,34.7,0.04
24000.0,36,11.14,787.33,B2,MORTGAGE,105000.0,Verified,2013-02-01,debt_consolidation,31.54,1988-05-01,24.0,0.0,84239.0,61.9,44.0,w,INDIVIDUAL,5.0,0.0,0,10.0,0,24.8,0.229
7600.0,36,14.99,263.42,C5,MORTGAGE,40000.0,Verified,2014-11-01,credit_card,29.19,1999-06-01,9.0,0.0,5926.0,59.9,25.0,w,INDIVIDUAL,2.0,0.0,1,3.0,0,15.4,0.19
20625.0,60,18.24,526.44,D5,OWN,47000.0,Source Verified,2014-08-01,debt_consolidation,25.89,1995-06-01,7.0,0.0,33306.0,71.2,15.0,f,INDIVIDUAL,0.0,0.0,1,10.0,0,19.2,0.439
12000.0,36,12.69,402.54,C2,OWN,60000.0,Not Verified,2015-04-01,home_improvement,6.14,1992-09-01,6.0,1.0,8588.0,62.0,22.0,w,INDIVIDUAL,7.0,1.0,0,1.0,0,22.6,0.2
28000.0,60,15.31,670.69,C4,MORTGAGE,120000.0,Not Verified,2014-04-01,credit_card,14.43,2003-04-01,14.0,0.0,22132.0,83.8,27.0,f,INDIVIDUAL,1.0,0.0,1,6.0,0,11.0,0.233
14000.0,36,7.49,435.43,A4,OWN,80000.0,Verified,2014-11-01,debt_consolidation,25.19,1996-12-01,18.0,0.0,13110.0,14.7,38.0,f,INDIVIDUAL,0.0,0.0,0,4.0,0,17.9,0.175
6000.0,36,11.14,196.84,B2,OWN,25000.0,Not Verified,2013-06-01,debt_consolidation,15.36,1998-06-01,10.0,0.0,10338.0,32.7,26.0,f,INDIVIDUAL,0.0,0.0,0,10.0,0,15.0,0.24
20000.0,36,7.26,619.93,A4,RENT,65000.0,Source Verified,2015-07-01,debt_consolidation,17.97,1985-02-01,10.0,1.0,9999.0,27.2,24.0,w,INDIVIDUAL,0.0,1.0,1,10.0,0,30.4,0.308
5000.0,60,13.99,116.32,C3,MORTGAGE,78000.0,Verified,2011-05-01,major_purchase,17.22,1982-05-01,13.0,1.0,8981.0,61.1,26.0,f,INDIVIDUAL,2.0,1.0,0,2.0,0,29.0,0.064
23000.0,36,10.99,752.89,B2,RENT,105612.0,Not Verified,2014-04-01,credit_card,18.24,1993-12-01,29.0,0.0,16772.0,64.5,53.0,f,INDIVIDUAL,1.0,0.0,1,2.0,0,20.3,0.218
15000.0,36,12.99,505.34,B5,RENT,55000.0,Verified,2014-03-01,debt_consolidation,21.36,2007-11-01,11.0,0.0,9537.0,60.4,19.0,f,INDIVIDUAL,0.0,0.0,1,4.0,0,6.3,0.273
8000.0,36,9.99,258.1,B3,MORTGAGE,36000.0,Not Verified,2015-08-01,debt_consolidation,26.23,2007-05-01,9.0,0.0,8167.0,38.5,19.0,f,INDIVIDUAL,0.0,0.0,0,7.0,0,8.3,0.222
6500.0,36,6.62,199.58,A2,MORTGAGE,42460.0,Source Verified,2014-04-01,credit_card,26.6,2001-05-01,23.0,0.0,6598.0,30.3,49.0,f,INDIVIDUAL,0.0,0.0,0,9.0,0,12.9,0.153
25000.0,60,17.27,624.95,D2,OWN,82000.0,Source Verified,2016-02-01,debt_consolidation,22.76,2005-01-01,13.0,0.0,22294.0,69.7,25.0,w,INDIVIDUAL,0.0,0.0,1,10.0,0,11.1,0.305
18150.0,60,18.54,466.24,E1,MORTGAGE,117000.0,Not Verified,2014-11-01,debt_consolidation,16.66,2002-06-01,12.0,0.0,8375.0,65.4,27.0,f,INDIVIDUAL,4.0,0.0,0,6.0,0,12.4,0.155
8000.0,36,10.99,261.88,B4,RENT,60000.0,Verified,2015-05-01,debt_consolidation,22.32,2007-09-01,18.0,0.0,7826.0,54.7,20.0,w,INDIVIDUAL,0.0,0.0,0,2.0,0,7.7,0.133
6075.0,36,18.75,221.92,D3,OWN,25000.0,Verified,2013-04-01,debt_consolidation,8.26,1990-12-01,5.0,0.0,5245.0,54.6,10.0,f,INDIVIDUAL,1.0,0.0,0,10.0,0,22.3,0.243
15000.0,36,10.99,491.01,B4,MORTGAGE,75000.0,Verified,2015-10-01,debt_consolidation,29.18,2005-06-01,20.0,1.0,12330.0,30.7,39.0,f,INDIVIDUAL,1.0,0.0,0,10.0,0,10.3,0.2
16000.0,60,15.23,382.58,C5,MORTGAGE,45000.0,Not Verified,2011-08-01,small_business,8.67,2006-01-01,5.0,0.0,0.0,0.0,9.0,f,INDIVIDUAL,0.0,0.0,0,7.0,0,5.6,0.356
17500.0,36,10.16,566.0,B1,MORTGAGE,60840.0,Verified,2013-01-01,credit_card,24.44,1991-02-01,10.0,0.0,35022.0,49.1,36.0,w,INDIVIDUAL,7.0,0.0,1,6.0,1,21.9,0.288
29175.0,60,17.1,726.65,C5,MORTGAGE,80600.0,Verified,2013-09-01,debt_consolidation,22.35,2005-10-01,21.0,0.0,14276.0,40.3,28.0,f,INDIVIDUAL,1.0,0.0,0,5.0,0,7.9,0.362
12000.0,36,9.67,385.35,B1,MORTGAGE,35800.0,Not Verified,2014-01-01,credit_card,22.86,2001-03-01,7.0,0.0,9047.0,64.6,24.0,w,INDIVIDUAL,0.0,0.0,0,10.0,0,12.8,0.335
2000.0,36,11.71,66.16,B3,MORTGAGE,36000.0,Not Verified,2012-02-01,home_improvement,19.07,2001-01-01,7.0,0.0,14825.0,85.7,10.0,f,INDIVIDUAL,0.0,0.0,0,10.0,0,11.1,0.056
4000.0,36,19.72,148.09,D5,RENT,16000.0,Verified,2013-04-01,debt_consolidation,27.3,2001-02-01,11.0,0.0,10480.0,48.5,13.0,w,INDIVIDUAL,0.0,0.0,0,2.0,0,12.2,0.25
9450.0,60,22.06,261.33,F4,MORTGAGE,70000.0,Verified,2011-11-01,small_business,16.51,2005-02-01,17.0,0.0,14114.0,54.9,20.0,f,INDIVIDUAL,1.0,0.0,0,2.0,0,6.7,0.135
10000.0,36,13.11,337.47,B4,RENT,30000.0,Verified,2013-06-01,debt_consolidation,28.92,2007-07-01,9.0,0.0,15013.0,76.2,11.0,f,INDIVIDUAL,0.0,0.0,0,6.0,0,5.9,0.333
13200.0,60,13.65,304.76,C1,MORTGAGE,60000.0,Source Verified,2014-04-01,debt_consolidation,14.5,1998-04-01,14.0,0.0,18993.0,40.7,36.0,w,INDIVIDUAL,3.0,0.0,0,10.0,0,16.0,0.22
7725.0,36,11.53,254.85,B5,MORTGAGE,72720.0,Not Verified,2015-09-01,debt_consolidation,32.87,1981-09-01,14.0,0.0,73829.0,53.8,23.0,f,INDIVIDUAL,3.0,0.0,0,9.0,0,34.0,0.106
7550.0,36,27.49,310.22,G2,OWN,72000.0,Not Verified,2016-01-01,home_improvement,3.63,2011-04-01,4.0,0.0,8165.0,61.4,5.0,f,INDIVIDUAL,0.0,0.0,1,6.0,1,4.8,0.105
21000.0,36,14.65,724.38,C5,MORTGAGE,105000.0,Source Verified,2015-07-01,debt_consolidation,13.03,1992-11-01,21.0,0.0,37127.0,79.5,33.0,w,INDIVIDUAL,2.0,0.0,0,2.0,0,22.7,0.2
10000.0,36,10.99,327.34,B2,MORTGAGE,59900.0,Not Verified,2014-01-01,credit_card,14.99,2004-08-01,18.0,1.0,7587.0,37.6,34.0,f,INDIVIDUAL,2.0,1.0,0,5.0,0,9.4,0.167
10000.0,36,18.49,363.99,D2,RENT,62000.0,Not Verified,2012-12-01,moving,21.89,1997-01-01,11.0,0.0,8066.0,71.4,26.0,w,INDIVIDUAL,0.0,0.0,0,5.0,0,15.9,0.161
8500.0,36,19.72,314.68,D5,MORTGAGE,62000.0,Not Verified,2012-09-01,home_improvement,3.74,2006-01-01,3.0,0.0,3446.0,86.1,4.0,f,INDIVIDUAL,0.0,0.0,0,2.0,0,6.7,0.137
14350.0,36,14.99,497.38,C5,RENT,39920.0,Not Verified,2014-07-01,debt_consolidation,24.38,1992-04-01,10.0,1.0,20447.0,68.4,17.0,f,INDIVIDUAL,0.0,1.0,1,10.0,0,22.2,0.359
6000.0,36,15.22,208.64,C3,RENT,60000.0,Not Verified,2013-08-01,debt_consolidation,22.04,1987-06-01,9.0,0.0,12832.0,82.8,16.0,w,INDIVIDUAL,0.0,0.0,0,10.0,0,26.2,0.1
10000.0,36,11.99,332.1,B5,RENT,52000.0,Verified,2011-07-01,debt_consolidation,9.23,2003-08-01,5.0,0.0,11809.0,40.9,8.0,f,INDIVIDUAL,0.0,0.0,0,5.0,0,7.9,0.192
10200.0,36,10.99,333.89,B4,RENT,64000.0,Not Verified,2016-09-01,debt_consolidation,17.03,2002-06-01,13.0,1.0,4784.0,29.0,20.0,f,INDIVIDUAL,2.0,0.0,0,10.0,0,14.3,0.159
24000.0,60,8.18,488.71,B1,MORTGAGE,90000.0,Verified,2015-03-01,credit_card,6.97,1978-02-01,8.0,1.0,21692.0,71.4,26.0,f,INDIVIDUAL,3.0,0.0,0,10.0,0,37.1,0.267
35000.0,60,21.99,966.47,F1,OWN,130000.0,Source Verified,2015-12-01,debt_consolidation,18.03,1994-06-01,14.0,4.0,38476.0,83.3,25.0,f,INDIVIDUAL,2.0,0.0,0,2.0,0,21.5,0.269
10000.0,36,12.85,336.22,B4,RENT,55000.0,Not Verified,2014-02-01,debt_consolidation,6.76,2006-06-01,6.0,1.0,8945.0,77.8,9.0,f,INDIVIDUAL,0.0,1.0,1,1.0,0,7.7,0.182
21000.0,60,21.48,573.81,E2,RENT,96000.0,Verified,2013-12-01,debt_consolidation,20.84,1991-08-01,17.0,0.0,23767.0,62.9,26.0,f,INDIVIDUAL,1.0,0.0,1,10.0,0,22.3,0.219
35000.0,60,17.1,871.73,C5,MORTGAGE,80000.0,Verified,2013-09-01,debt_consolidation,22.91,1995-02-01,15.0,0.0,15921.0,47.4,63.0,f,INDIVIDUAL,2.0,0.0,1,8.0,0,18.6,0.438
15000.0,36,12.69,503.18,C2,MORTGAGE,54752.0,Verified,2015-06-01,debt_consolidation,6.53,1997-06-01,5.0,1.0,6090.0,64.8,11.0,f,INDIVIDUAL,1.0,1.0,0,2.0,0,18.0,0.274
35000.0,60,21.99,966.47,F1,MORTGAGE,160000.0,Verified,2015-10-01,debt_consolidation,18.04,1996-10-01,16.0,0.0,162982.0,96.6,37.0,w,INDIVIDUAL,5.0,0.0,0,10.0,0,19.0,0.219
9000.0,36,6.03,273.92,A1,MORTGAGE,109000.0,Source Verified,2013-11-01,debt_consolidation,7.87,2004-01-01,10.0,0.0,2310.0,7.6,49.0,f,INDIVIDUAL,3.0,0.0,0,1.0,0,9.8,0.083
10400.0,60,21.99,287.18,F1,MORTGAGE,63450.0,Verified,2015-10-01,other,18.86,2001-01-01,12.0,2.0,2471.0,17.2,22.0,w,INDIVIDUAL,4.0,1.0,0,4.0,0,14.7,0.164
17000.0,60,14.98,404.26,C3,MORTGAGE,120000.0,Not Verified,2014-02-01,credit_card,7.36,2007-09-01,13.0,0.0,22026.0,49.6,16.0,f,INDIVIDUAL,2.0,0.0,0,2.0,0,6.4,0.142
11200.0,36,8.67,354.44,B1,RENT,50000.0,Source Verified,2015-02-01,vacation,17.47,2001-04-01,13.0,1.0,4114.0,20.2,34.0,f,INDIVIDUAL,0.0,1.0,0,10.0,0,13.8,0.224
20000.0,36,7.89,625.72,A5,MORTGAGE,87500.0,Source Verified,2015-07-01,other,12.67,1999-07-01,10.0,0.0,11941.0,27.7,21.0,f,INDIVIDUAL,1.0,0.0,0,9.0,0,16.0,0.229
3600.0,36,19.05,132.06,D4,RENT,36000.0,Source Verified,2013-02-01,other,26.77,2005-02-01,4.0,0.0,1021.0,40.8,17.0,f,INDIVIDUAL,0.0,0.0,0,8.0,0,8.0,0.1
5000.0,60,10.65,107.85,B2,MORTGAGE,79200.0,Verified,2011-11-01,car,22.53,1983-10-01,13.0,0.0,17495.0,46.0,37.0,f,INDIVIDUAL,2.0,0.0,0,10.0,0,28.1,0.063
7200.0,36,16.29,254.17,C4,RENT,30160.0,Verified,2013-05-01,debt_consolidation,23.4,1998-02-01,10.0,1.0,6413.0,63.5,35.0,f,INDIVIDUAL,4.0,1.0,1,0.0,0,15.2,0.239
16000.0,60,10.49,343.83,B3,RENT,62500.0,Source Verified,2016-08-01,debt_consolidation,22.85,2006-07-01,12.0,0.0,6687.0,14.9,20.0,w,INDIVIDUAL,0.0,0.0,0,2.0,0,10.1,0.256
28000.0,36,6.24,854.87,A2,OWN,150000.0,Not Verified,2015-11-01,credit_card,15.11,1997-02-01,18.0,0.0,61192.0,38.4,33.0,w,INDIVIDUAL,4.0,0.0,0,5.0,0,18.7,0.187
10325.0,60,17.57,259.78,D2,RENT,57000.0,Verified,2014-03-01,debt_consolidation,29.05,2002-04-01,10.0,1.0,4170.0,34.0,28.0,f,INDIVIDUAL,0.0,1.0,0,1.0,0,11.9,0.181
7250.0,36,8.49,228.84,A5,RENT,39750.0,Source Verified,2011-08-01,credit_card,15.97,2004-12-01,5.0,0.0,5674.0,56.7,7.0,f,INDIVIDUAL,0.0,0.0,0,5.0,0,6.7,0.182
10500.0,60,14.99,249.74,C5,RENT,42500.0,Verified,2015-01-01,debt_consolidation,17.17,1995-10-01,4.0,1.0,5446.0,55.0,25.0,f,INDIVIDUAL,0.0,1.0,1,7.0,0,19.3,0.247
10725.0,36,12.29,357.72,C1,RENT,73000.0,Source Verified,2015-03-01,other,22.32,2000-08-01,18.0,0.0,10544.0,40.7,32.0,f,INDIVIDUAL,0.0,0.0,1,6.0,0,14.6,0.147
8525.0,36,11.44,280.88,B4,OWN,36000.0,Source Verified,2015-01-01,debt_consolidation,15.97,2008-07-01,6.0,0.0,6397.0,95.7,7.0,f,INDIVIDUAL,0.0,0.0,1,0.0,0,6.5,0.237
10000.0,36,10.99,327.34,B4,MORTGAGE,80000.0,Source Verified,2015-08-01,debt_consolidation,14.67,1996-02-01,14.0,1.0,6493.0,30.6,27.0,w,INDIVIDUAL,2.0,1.0,0,10.0,0,19.5,0.125
22000.0,36,6.49,674.18,A2,OWN,145000.0,Source Verified,2014-09-01,debt_consolidation,10.92,1983-06-01,8.0,0.0,11717.0,25.6,21.0,w,INDIVIDUAL,2.0,0.0,0,10.0,0,31.3,0.152
28000.0,36,7.49,870.85,A4,MORTGAGE,200000.0,Source Verified,2015-01-01,debt_consolidation,16.75,1992-08-01,17.0,0.0,31952.0,26.4,45.0,w,INDIVIDUAL,6.0,0.0,0,7.0,0,22.4,0.14
35000.0,36,12.29,1167.36,C1,MORTGAGE,160000.0,Source Verified,2015-04-01,debt_consolidation,14.24,1998-06-01,14.0,0.0,32854.0,29.0,45.0,f,INDIVIDUAL,11.0,0.0,0,5.0,0,16.8,0.219
9600.0,36,12.39,320.65,C1,RENT,45000.0,Source Verified,2014-11-01,debt_consolidation,23.23,2001-06-01,11.0,1.0,11544.0,49.5,23.0,w,INDIVIDUAL,0.0,0.0,0,6.0,0,13.4,0.213
23550.0,36,22.45,904.88,E5,OWN,73100.0,Not Verified,2016-03-01,debt_consolidation,42.26,2002-11-01,28.0,0.0,27094.0,63.5,37.0,f,DIRECT_PAY,0.0,0.0,1,3.0,0,13.3,0.322
15000.0,36,13.11,506.21,B4,RENT,84000.0,Verified,2012-12-01,home_improvement,11.61,2004-02-01,5.0,0.0,13952.0,75.0,14.0,w,INDIVIDUAL,2.0,0.0,0,2.0,0,8.8,0.179
15000.0,60,14.49,352.85,C4,RENT,87600.0,Source Verified,2014-10-01,debt_consolidation,16.92,1995-07-01,10.0,0.0,8983.0,84.0,25.0,w,INDIVIDUAL,0.0,0.0,1,7.0,0,19.3,0.171
30000.0,60,18.25,765.89,D3,RENT,100000.0,Verified,2014-01-01,debt_consolidation,6.46,1994-06-01,9.0,0.0,4950.0,56.9,19.0,f,INDIVIDUAL,3.0,0.0,0,10.0,0,19.6,0.3
3000.0,36,14.27,102.93,C2,MORTGAGE,120000.0,Verified,2011-10-01,home_improvement,16.86,1998-07-01,22.0,0.0,14135.0,54.2,54.0,f,INDIVIDUAL,3.0,0.0,0,1.0,0,13.3,0.025
13000.0,36,10.49,422.48,B3,MORTGAGE,55000.0,Verified,2014-12-01,debt_consolidation,18.41,2003-08-01,8.0,0.0,13620.0,59.5,35.0,f,INDIVIDUAL,4.0,0.0,0,10.0,0,11.3,0.236
8650.0,36,20.99,325.85,E4,MORTGAGE,30000.0,Not Verified,2014-11-01,debt_consolidation,28.24,1991-10-01,6.0,1.0,3255.0,52.5,16.0,w,INDIVIDUAL,3.0,0.0,1,1.0,0,23.1,0.288
5000.0,36,13.23,169.03,C1,RENT,57692.16,Source Verified,2010-08-01,major_purchase,1.44,2007-01-01,5.0,0.0,1801.0,50.4,5.0,f,INDIVIDUAL,0.0,0.0,0,2.0,0,3.6,0.087
8500.0,36,20.2,316.76,D5,RENT,35000.0,Not Verified,2013-10-01,debt_consolidation,9.22,1999-05-01,7.0,0.0,7996.0,78.4,26.0,f,INDIVIDUAL,2.0,0.0,0,0.0,0,14.4,0.243
9000.0,36,12.12,299.45,B3,MORTGAGE,450000.0,Source Verified,2013-01-01,credit_card,2.69,2002-01-01,11.0,0.0,10122.0,65.3,15.0,w,INDIVIDUAL,1.0,0.0,0,6.0,1,11.0,0.02
12800.0,60,16.2,312.64,C4,MORTGAGE,55000.0,Source Verified,2013-11-01,debt_consolidation,11.08,2001-01-01,9.0,1.0,6384.0,49.9,29.0,f,INDIVIDUAL,3.0,1.0,1,10.0,0,12.8,0.233
3500.0,36,14.99,121.32,C5,MORTGAGE,71000.0,Source Verified,2014-07-01,vacation,29.77,1998-04-01,16.0,1.0,37298.0,21.5,42.0,w,INDIVIDUAL,3.0,0.0,0,10.0,0,16.2,0.049
14400.0,36,7.9,450.58,A4,MORTGAGE,50000.0,Not Verified,2012-10-01,debt_consolidation,11.57,2000-09-01,8.0,0.0,5758.0,21.1,19.0,f,INDIVIDUAL,2.0,0.0,0,0.0,0,12.1,0.288
9000.0,36,12.29,300.18,C1,MORTGAGE,48000.0,Verified,2015-05-01,debt_consolidation,19.72,2003-05-01,7.0,0.0,4782.0,48.8,16.0,w,INDIVIDUAL,6.0,0.0,0,6.0,1,12.0,0.188
12000.0,60,9.49,251.97,B2,RENT,73000.0,Source Verified,2014-11-01,debt_consolidation,23.36,1993-04-01,17.0,0.0,11439.0,29.3,33.0,w,INDIVIDUAL,0.0,0.0,0,3.0,0,21.6,0.164
10000.0,60,11.53,220.08,B5,MORTGAGE,37000.0,Source Verified,2015-02-01,credit_card,8.63,1983-11-01,10.0,3.0,8655.0,49.7,33.0,f,INDIVIDUAL,2.0,3.0,0,7.0,0,31.3,0.27
28000.0,36,10.99,916.56,B3,MORTGAGE,110900.0,Source Verified,2014-05-01,debt_consolidation,12.24,2002-05-01,6.0,0.0,10020.0,50.1,25.0,w,INDIVIDUAL,5.0,0.0,0,10.0,0,12.0,0.252
25200.0,60,22.15,698.15,E5,MORTGAGE,60000.0,Source Verified,2014-07-01,debt_consolidation,17.34,2001-05-01,9.0,1.0,21117.0,62.8,22.0,w,INDIVIDUAL,2.0,0.0,1,0.0,0,13.2,0.42
5600.0,36,17.57,201.25,D4,RENT,30000.0,Source Verified,2014-10-01,debt_consolidation,16.15,2007-09-01,8.0,0.0,10470.0,63.5,8.0,w,INDIVIDUAL,0.0,0.0,0,3.0,0,7.1,0.187
12500.0,60,13.35,286.66,C2,OWN,40000.0,Source Verified,2014-08-01,debt_consolidation,16.83,1989-11-01,18.0,1.0,10321.0,35.7,55.0,w,INDIVIDUAL,5.0,1.0,0,1.0,0,24.7,0.312
24000.0,60,18.25,612.72,D3,RENT,60000.0,Source Verified,2014-02-01,credit_card,25.02,1998-09-01,14.0,0.0,18331.0,82.9,32.0,f,INDIVIDUAL,0.0,0.0,1,6.0,0,15.4,0.4
1000.0,36,19.72,37.03,D5,OWN,32000.0,Not Verified,2012-12-01,other,13.43,1991-01-01,2.0,0.0,427.0,17.1,15.0,w,INDIVIDUAL,1.0,0.0,0,10.0,0,21.9,0.031
30000.0,36,8.9,952.6,A5,MORTGAGE,100000.0,Source Verified,2013-11-01,debt_consolidation,15.43,1994-04-01,16.0,0.0,23249.0,34.5,42.0,f,INDIVIDUAL,5.0,0.0,0,10.0,0,19.6,0.3
18000.0,36,10.99,589.22,B2,MORTGAGE,135000.0,Source Verified,2013-11-01,debt_consolidation,11.09,1988-06-01,11.0,0.0,13351.0,76.7,33.0,f,INDIVIDUAL,4.0,0.0,0,2.0,0,25.4,0.133
18000.0,60,13.67,415.76,B5,MORTGAGE,195000.0,Verified,2013-12-01,credit_card,14.21,1988-09-01,8.0,0.0,30919.0,97.5,29.0,f,INDIVIDUAL,6.0,0.0,0,10.0,0,25.2,0.092
3000.0,36,8.18,94.26,B1,RENT,19320.0,Verified,2015-03-01,credit_card,28.26,1995-06-01,6.0,1.0,2367.0,42.3,10.0,w,INDIVIDUAL,0.0,1.0,0,6.0,1,19.7,0.155
5000.0,36,11.44,164.74,B4,RENT,35000.0,Verified,2014-11-01,debt_consolidation,27.67,1999-11-01,15.0,1.0,6575.0,29.9,56.0,f,INDIVIDUAL,0.0,1.0,0,10.0,0,15.0,0.143
10000.0,36,9.67,321.13,B1,MORTGAGE,130000.0,Not Verified,2014-04-01,home_improvement,18.61,1997-11-01,8.0,0.0,5783.0,90.4,22.0,w,INDIVIDUAL,3.0,0.0,0,6.0,0,16.4,0.077
18900.0,36,6.03,575.24,A1,RENT,175000.0,Not Verified,2015-02-01,debt_consolidation,3.11,1995-08-01,7.0,0.0,10745.0,69.3,13.0,w,INDIVIDUAL,0.0,0.0,0,0.0,0,19.5,0.108
23250.0,36,13.33,787.09,C3,MORTGAGE,110000.0,Verified,2015-04-01,small_business,25.98,1985-07-01,16.0,0.0,31628.0,38.0,34.0,f,INDIVIDUAL,6.0,0.0,0,1.0,0,29.7,0.211
7350.0,36,18.49,267.54,D2,RENT,35000.0,Not Verified,2013-05-01,debt_consolidation,11.11,2000-11-01,7.0,1.0,9646.0,77.8,11.0,f,INDIVIDUAL,0.0,1.0,1,2.0,0,12.5,0.21
11250.0,36,17.57,404.3,D4,RENT,67000.0,Source Verified,2015-08-01,small_business,3.89,2003-07-01,5.0,0.0,566.0,3.8,19.0,f,INDIVIDUAL,3.0,0.0,0,8.0,0,12.1,0.168
9900.0,36,13.33,335.15,C3,MORTGAGE,60000.0,Not Verified,2015-07-01,debt_consolidation,20.12,1993-10-01,14.0,0.0,3836.0,20.1,37.0,w,INDIVIDUAL,2.0,0.0,0,3.0,0,21.7,0.165
9200.0,36,13.11,310.48,B4,OWN,33600.0,Not Verified,2013-01-01,debt_consolidation,24.89,1998-06-01,9.0,0.0,14159.0,71.9,29.0,w,INDIVIDUAL,1.0,0.0,1,5.0,0,14.6,0.274
6000.0,36,14.33,206.03,C2,RENT,45000.0,Not Verified,2013-07-01,debt_consolidation,17.44,1998-01-01,8.0,0.0,7360.0,56.2,27.0,f,INDIVIDUAL,3.0,0.0,0,2.0,0,15.5,0.133
5000.0,36,11.55,165.0,B3,RENT,53000.0,Not Verified,2013-08-01,debt_consolidation,6.57,2001-06-01,24.0,0.0,3174.0,59.9,57.0,f,INDIVIDUAL,0.0,0.0,0,1.0,0,12.2,0.094
24000.0,36,8.18,754.07,B1,MORTGAGE,89000.0,Verified,2015-10-01,debt_consolidation,14.99,2008-11-01,18.0,0.0,26826.0,44.0,36.0,w,INDIVIDUAL,2.0,0.0,0,6.0,0,6.9,0.27
25000.0,36,7.9,782.26,A4,MORTGAGE,120000.0,Verified,2013-09-01,debt_consolidation,14.91,1998-12-01,17.0,0.0,24882.0,51.9,29.0,w,INDIVIDUAL,2.0,0.0,0,2.0,0,14.8,0.208
15000.0,36,9.67,481.69,B1,RENT,71000.0,Source Verified,2014-05-01,major_purchase,10.95,1997-10-01,11.0,1.0,4625.0,9.5,29.0,w,INDIVIDUAL,0.0,1.0,0,10.0,0,16.6,0.211
14575.0,36,14.64,502.69,C3,RENT,50752.0,Verified,2014-04-01,debt_consolidation,15.63,2003-12-01,6.0,0.0,4599.0,97.9,23.0,w,INDIVIDUAL,0.0,0.0,1,3.0,0,10.3,0.287
13500.0,36,6.89,416.17,A3,OWN,65000.0,Source Verified,2015-06-01,credit_card,13.58,2004-04-01,7.0,0.0,14091.0,77.9,29.0,w,INDIVIDUAL,0.0,0.0,0,0.0,0,11.2,0.208
12000.0,36,15.61,419.58,C5,MORTGAGE,43000.0,Not Verified,2014-05-01,debt_consolidation,20.65,1998-01-01,8.0,0.0,11894.0,88.1,20.0,w,INDIVIDUAL,3.0,0.0,0,10.0,0,16.3,0.279
5400.0,60,18.39,138.28,E2,RENT,18996.0,Source Verified,2011-07-01,other,9.29,2004-08-01,7.0,0.0,1823.0,46.7,16.0,f,INDIVIDUAL,0.0,0.0,1,2.0,0,6.9,0.284
8225.0,36,10.99,269.24,B3,RENT,41000.0,Source Verified,2014-10-01,debt_consolidation,39.43,2001-03-01,12.0,0.0,3821.0,39.8,28.0,w,INDIVIDUAL,0.0,0.0,0,10.0,0,13.6,0.201
4500.0,36,11.67,148.76,B4,MORTGAGE,83000.0,Verified,2014-06-01,credit_card,8.13,1999-02-01,4.0,0.0,4816.0,96.3,10.0,f,INDIVIDUAL,2.0,0.0,0,5.0,0,15.3,0.054
10500.0,36,12.39,350.71,C1,RENT,58000.0,Source Verified,2014-11-01,debt_consolidation,17.29,1995-05-01,8.0,2.0,9930.0,54.3,22.0,f,INDIVIDUAL,2.0,2.0,0,9.0,0,19.5,0.181
6000.0,36,18.75,219.18,D3,OWN,36000.0,Not Verified,2013-01-01,house,17.1,1998-12-01,11.0,0.0,3375.0,59.2,17.0,w,INDIVIDUAL,0.0,0.0,0,4.0,0,14.1,0.167
12000.0,36,12.49,401.39,B5,RENT,50000.0,Not Verified,2014-05-01,debt_consolidation,20.38,2002-03-01,21.0,0.0,11261.0,38.7,32.0,f,INDIVIDUAL,0.0,0.0,0,10.0,0,12.2,0.24
14000.0,60,14.49,329.33,C4,RENT,58000.0,Source Verified,2016-08-01,credit_card,23.75,2006-09-01,10.0,1.0,8616.0,53.5,25.0,f,INDIVIDUAL,0.0,0.0,0,4.0,0,9.9,0.241
14400.0,36,11.14,472.4,B2,OWN,50000.0,Not Verified,2012-07-01,credit_card,24.05,1998-02-01,16.0,0.0,16956.0,59.7,47.0,f,INDIVIDUAL,0.0,0.0,0,6.0,0,14.4,0.288
21100.0,36,17.86,761.34,D5,RENT,60000.0,Verified,2015-05-01,debt_consolidation,36.62,1999-07-01,13.0,0.0,15622.0,74.0,44.0,w,INDIVIDUAL,0.0,0.0,1,2.0,0,15.8,0.352
12250.0,60,23.4,348.16,E5,MORTGAGE,39051.0,Verified,2013-10-01,debt_consolidation,30.54,2007-11-01,13.0,0.0,15942.0,72.5,24.0,f,INDIVIDUAL,6.0,0.0,0,0.0,0,5.9,0.314
15000.0,36,20.2,558.99,D5,MORTGAGE,80000.0,Source Verified,2013-11-01,home_improvement,21.77,1985-01-01,11.0,0.0,14450.0,66.9,26.0,w,INDIVIDUAL,1.0,0.0,0,9.0,0,28.8,0.188
18700.0,36,18.25,678.4,D3,MORTGAGE,45000.0,Verified,2014-03-01,debt_consolidation,34.61,2001-01-01,7.0,0.0,11967.0,94.0,10.0,w,INDIVIDUAL,1.0,0.0,0,10.0,0,13.2,0.416
14000.0,60,13.33,320.92,C3,RENT,52800.0,Source Verified,2015-09-01,debt_consolidation,18.27,2000-02-01,7.0,0.0,13092.0,71.5,35.0,w,INDIVIDUAL,5.0,0.0,0,9.0,0,15.6,0.265
35000.0,36,7.49,1088.56,A4,OWN,150000.0,Not Verified,2016-01-01,other,7.08,1996-10-01,10.0,0.0,204058.0,28.2,22.0,w,INDIVIDUAL,2.0,0.0,0,0.0,0,19.2,0.233
17775.0,60,14.99,422.78,C5,MORTGAGE,71000.0,Verified,2015-01-01,debt_consolidation,32.01,1996-11-01,8.0,0.0,5848.0,55.7,30.0,f,INDIVIDUAL,4.0,0.0,0,10.0,0,18.2,0.25
25000.0,36,6.39,764.98,A2,MORTGAGE,139523.0,Source Verified,2015-02-01,debt_consolidation,9.2,1982-11-01,12.0,0.0,18187.0,52.9,32.0,w,INDIVIDUAL,4.0,0.0,0,10.0,0,32.3,0.179
5000.0,36,6.24,152.66,A2,RENT,42000.0,Not Verified,2015-10-01,debt_consolidation,21.4,2002-09-01,12.0,1.0,4417.0,14.9,19.0,w,INDIVIDUAL,0.0,1.0,0,10.0,0,13.1,0.119
12000.0,36,11.99,398.52,B3,MORTGAGE,60000.0,Source Verified,2013-10-01,credit_card,8.94,2002-12-01,10.0,0.0,14100.0,63.8,19.0,f,INDIVIDUAL,4.0,0.0,0,10.0,0,10.8,0.2
8400.0,36,17.27,300.62,D2,RENT,36000.0,Verified,2016-04-01,debt_consolidation,23.87,2008-05-01,8.0,0.0,3938.0,75.7,12.0,w,INDIVIDUAL,0.0,0.0,1,4.0,0,7.9,0.233
14125.0,36,7.62,440.16,A3,RENT,52000.0,Not Verified,2013-06-01,debt_consolidation,14.49,1995-08-01,20.0,0.0,2181.0,4.6,34.0,f,INDIVIDUAL,0.0,0.0,0,4.0,0,17.8,0.272
6000.0,36,11.67,198.35,B4,MORTGAGE,80000.0,Not Verified,2014-08-01,home_improvement,28.5,2000-11-01,10.0,0.0,22065.0,91.6,31.0,f,INDIVIDUAL,8.0,0.0,0,10.0,0,13.7,0.075
24000.0,36,7.9,750.97,A4,MORTGAGE,140000.0,Not Verified,2013-02-01,debt_consolidation,9.59,1994-10-01,11.0,0.0,30683.0,42.4,40.0,f,INDIVIDUAL,5.0,0.0,0,10.0,0,18.3,0.171
20000.0,60,15.57,481.81,D5,MORTGAGE,75000.0,Verified,2010-12-01,credit_card,15.86,2001-10-01,19.0,0.0,22155.0,50.4,34.0,f,INDIVIDUAL,2.0,0.0,0,5.0,0,9.2,0.267
12600.0,60,18.49,323.33,E2,RENT,35000.0,Verified,2015-11-01,house,7.0,1997-02-01,7.0,1.0,987.0,16.4,14.0,f,INDIVIDUAL,0.0,1.0,0,5.0,0,18.7,0.36
25000.0,60,19.05,649.21,D4,MORTGAGE,70000.0,Verified,2012-10-01,debt_consolidation,26.35,1999-11-01,12.0,0.0,20112.0,52.1,28.0,f,INDIVIDUAL,2.0,0.0,1,10.0,0,12.9,0.357
4950.0,36,19.97,183.89,D5,MORTGAGE,60000.0,Source Verified,2014-02-01,debt_consolidation,18.26,2002-09-01,11.0,1.0,8440.0,86.1,37.0,f,INDIVIDUAL,3.0,1.0,1,10.0,0,11.4,0.082
25000.0,36,15.33,870.71,D3,RENT,72000.0,Not Verified,2010-02-01,small_business,18.05,1983-12-01,10.0,0.0,35998.0,87.4,14.0,f,INDIVIDUAL,0.0,0.0,1,10.0,0,26.2,0.347
9000.0,36,11.99,298.89,B3,MORTGAGE,95000.0,Not Verified,2013-11-01,debt_consolidation,9.97,1988-01-01,8.0,0.0,4885.0,45.2,14.0,f,INDIVIDUAL,1.0,0.0,0,10.0,0,25.8,0.095
15000.0,36,8.94,476.58,A5,RENT,40000.0,Not Verified,2009-12-01,major_purchase,20.4,1992-02-01,6.0,0.0,3823.0,9.0,18.0,f,INDIVIDUAL,1.0,0.0,0,0.0,0,17.8,0.375
3500.0,36,12.69,117.41,C2,RENT,75000.0,Not Verified,2015-03-01,debt_consolidation,11.52,1965-11-01,15.0,1.0,15114.0,74.5,41.0,w,INDIVIDUAL,0.0,1.0,0,8.0,0,49.3,0.047
23850.0,36,14.49,820.83,C4,RENT,54416.0,Not Verified,2014-09-01,debt_consolidation,27.0,2003-05-01,20.0,0.0,27498.0,64.9,23.0,w,INDIVIDUAL,0.0,0.0,1,7.0,0,11.3,0.438
15000.0,36,10.99,491.01,B4,MORTGAGE,65000.0,Verified,2016-06-01,credit_card,15.25,1992-07-01,7.0,0.0,16354.0,65.4,12.0,w,INDIVIDUAL,1.0,0.0,0,5.0,0,23.9,0.231
11625.0,36,14.33,399.19,C1,RENT,40000.0,Not Verified,2013-05-01,home_improvement,14.61,1989-09-01,7.0,1.0,5447.0,72.6,19.0,f,INDIVIDUAL,2.0,1.0,0,7.0,0,23.7,0.291
25600.0,36,6.24,781.59,A2,MORTGAGE,225000.0,Verified,2015-06-01,debt_consolidation,12.58,1997-10-01,10.0,0.0,4373.0,18.9,21.0,w,INDIVIDUAL,4.0,0.0,0,1.0,0,17.7,0.114
14000.0,36,10.99,458.28,B3,MORTGAGE,125000.0,Not Verified,2011-09-01,home_improvement,17.4,1997-12-01,4.0,0.0,0.0,25.33,22.0,f,INDIVIDUAL,1.0,0.0,0,2.0,0,13.7,0.112
30400.0,36,17.27,1087.94,D2,OWN,93100.0,Source Verified,2016-04-01,debt_consolidation,23.71,1981-07-01,16.0,0.0,32701.0,70.3,77.0,f,INDIVIDUAL,0.0,0.0,0,10.0,0,34.8,0.327
26500.0,36,16.99,944.67,D3,MORTGAGE,70000.0,Source Verified,2014-10-01,debt_consolidation,15.7,1988-06-01,10.0,1.0,13689.0,47.5,22.0,f,INDIVIDUAL,2.0,1.0,0,10.0,0,26.3,0.379
8200.0,36,7.69,255.79,A4,RENT,60000.0,Verified,2014-10-01,credit_card,19.76,1996-06-01,8.0,0.0,4198.0,41.6,15.0,f,INDIVIDUAL,0.0,0.0,0,6.0,1,18.3,0.137
12000.0,36,14.33,412.06,C1,RENT,58000.0,Verified,2012-08-01,debt_consolidation,21.68,2001-06-01,17.0,0.0,10583.0,49.9,25.0,f,INDIVIDUAL,0.0,0.0,0,10.0,0,11.2,0.207
31000.0,36,14.33,1064.49,C1,RENT,110000.0,Verified,2013-01-01,credit_card,25.05,1999-02-01,16.0,0.0,42653.0,84.7,38.0,f,INDIVIDUAL,2.0,0.0,1,0.0,0,13.9,0.282
25000.0,36,12.88,840.91,C2,RENT,102000.0,Not Verified,2016-01-01,credit_card,18.87,1995-06-01,8.0,0.0,30030.0,89.6,30.0,w,INDIVIDUAL,2.0,0.0,0,10.0,0,20.6,0.245
37500.0,36,11.47,1236.07,B5,MORTGAGE,75000.0,Source Verified,2016-03-01,home_improvement,18.19,2001-05-01,17.0,0.0,3134.0,18.5,58.0,w,INDIVIDUAL,2.0,0.0,0,10.0,0,14.8,0.5
30000.0,36,15.41,1046.0,D1,MORTGAGE,120000.0,Verified,2015-11-01,debt_consolidation,18.11,1999-01-01,11.0,0.0,13935.0,49.8,37.0,f,INDIVIDUAL,4.0,0.0,1,10.0,0,16.8,0.25
5000.0,36,19.52,184.6,D4,RENT,35000.0,Not Verified,2013-10-01,medical,22.27,2009-02-01,9.0,0.0,10503.0,67.3,13.0,w,INDIVIDUAL,0.0,0.0,1,3.0,0,4.7,0.143
10000.0,36,18.25,362.78,D2,MORTGAGE,75000.0,Source Verified,2013-09-01,other,15.98,2004-01-01,13.0,0.0,8237.0,49.6,22.0,f,INDIVIDUAL,1.0,0.0,0,5.0,0,9.7,0.133
22075.0,36,15.61,771.85,D1,MORTGAGE,60000.0,Source Verified,2015-06-01,debt_consolidation,10.98,1993-06-01,5.0,0.0,17771.0,98.7,8.0,f,INDIVIDUAL,1.0,0.0,0,3.0,0,22.0,0.368
8000.0,36,6.92,246.73,A4,RENT,57000.0,Source Verified,2015-04-01,debt_consolidation,21.64,1985-01-01,11.0,0.0,12782.0,15.6,11.0,w,INDIVIDUAL,0.0,0.0,0,5.0,0,30.2,0.14
28000.0,36,8.9,889.09,A5,MORTGAGE,73000.0,Not Verified,2014-04-01,home_improvement,9.59,1995-10-01,5.0,0.0,11559.0,55.3,13.0,w,INDIVIDUAL,5.0,0.0,0,10.0,0,18.5,0.384
21000.0,60,13.33,481.37,C3,MORTGAGE,105000.0,Verified,2015-09-01,debt_consolidation,30.91,1984-11-01,18.0,0.0,37311.0,91.0,37.0,w,INDIVIDUAL,2.0,0.0,1,1.0,0,30.8,0.2
10000.0,60,19.99,264.89,E4,RENT,35500.0,Verified,2015-10-01,debt_consolidation,18.39,2001-02-01,6.0,0.0,4956.0,36.4,9.0,w,INDIVIDUAL,0.0,0.0,1,10.0,0,14.7,0.282
8000.0,36,10.64,260.55,B2,RENT,32000.0,Not Verified,2013-08-01,debt_consolidation,21.23,2000-01-01,14.0,0.0,8732.0,34.8,23.0,w,INDIVIDUAL,0.0,0.0,1,4.0,0,13.6,0.25
12000.0,36,10.99,392.81,B3,OWN,48000.0,Source Verified,2014-10-01,debt_consolidation,29.58,2003-09-01,14.0,1.0,9743.0,62.9,31.0,f,INDIVIDUAL,0.0,0.0,0,2.0,0,11.1,0.25
10000.0,36,10.16,323.43,B1,OWN,42700.0,Not Verified,2013-05-01,debt_consolidation,8.35,1985-10-01,8.0,0.0,6067.0,31.1,17.0,f,INDIVIDUAL,0.0,0.0,0,5.0,0,27.6,0.234
17800.0,60,20.49,476.46,E1,RENT,50000.0,Verified,2013-06-01,debt_consolidation,22.49,2001-07-01,11.0,0.0,16168.0,54.1,20.0,w,INDIVIDUAL,0.0,0.0,1,5.0,0,11.9,0.356
15000.0,36,15.65,524.8,D4,MORTGAGE,160000.0,Not Verified,2009-11-01,debt_consolidation,3.41,2003-01-01,7.0,0.0,65872.0,59.0,10.0,f,INDIVIDUAL,0.0,0.0,1,0.0,0,6.8,0.094
24000.0,36,8.39,756.4,A5,MORTGAGE,136000.0,Source Verified,2014-10-01,debt_consolidation,13.35,1993-01-01,11.0,0.0,18322.0,61.5,39.0,w,INDIVIDUAL,5.0,0.0,0,10.0,0,21.7,0.176
2000.0,36,18.49,72.8,D2,OWN,26461.0,Verified,2013-05-01,debt_consolidation,23.94,1995-04-01,7.0,0.0,5378.0,27.4,17.0,f,INDIVIDUAL,0.0,0.0,1,10.0,0,18.1,0.076
30000.0,36,6.99,926.18,A3,MORTGAGE,105000.0,Source Verified,2016-01-01,home_improvement,7.38,1999-10-01,15.0,0.0,773.0,1.9,60.0,w,INDIVIDUAL,1.0,0.0,0,8.0,0,16.3,0.286
16000.0,60,20.2,425.69,E3,MORTGAGE,127000.0,Verified,2014-08-01,debt_consolidation,22.51,1991-04-01,22.0,0.0,19584.0,78.0,32.0,w,INDIVIDUAL,1.0,0.0,1,9.0,0,23.3,0.126
30000.0,60,12.69,677.85,C2,RENT,91000.0,Source Verified,2015-04-01,debt_consolidation,14.18,1999-12-01,5.0,0.0,25139.0,80.3,13.0,w,INDIVIDUAL,0.0,0.0,0,10.0,0,15.3,0.33
18000.0,36,12.99,606.41,B5,MORTGAGE,65000.0,Verified,2014-04-01,other,29.0,2001-08-01,24.0,0.0,9828.0,23.3,49.0,w,INDIVIDUAL,4.0,0.0,0,10.0,0,12.7,0.277
24000.0,36,8.9,762.08,A5,MORTGAGE,90000.0,Source Verified,2013-11-01,debt_consolidation,16.05,2005-10-01,10.0,0.0,4123.0,20.5,28.0,f,INDIVIDUAL,5.0,0.0,0,4.0,0,8.1,0.267
24600.0,36,10.99,805.26,B4,RENT,80000.0,Source Verified,2016-06-01,debt_consolidation,12.64,2006-05-01,9.0,0.0,17075.0,94.9,20.0,w,INDIVIDUAL,1.0,0.0,0,5.0,0,10.1,0.308
10000.0,36,12.12,332.72,B3,MORTGAGE,51000.0,Not Verified,2012-11-01,other,11.08,2003-11-01,9.0,0.0,11875.0,60.6,17.0,f,INDIVIDUAL,1.0,0.0,1,8.0,0,9.0,0.196
5800.0,36,12.49,194.01,B5,OWN,79456.0,Not Verified,2014-05-01,home_improvement,11.51,1997-08-01,7.0,1.0,1977.0,19.0,34.0,w,INDIVIDUAL,0.0,1.0,0,0.0,0,16.7,0.073
4375.0,36,15.61,152.98,C4,RENT,55000.0,Not Verified,2013-12-01,debt_consolidation,15.88,2008-07-01,7.0,0.0,1566.0,37.3,13.0,f,INDIVIDUAL,0.0,0.0,1,1.0,0,5.4,0.08
11750.0,60,18.25,299.98,D3,MORTGAGE,32000.0,Source Verified,2016-06-01,debt_consolidation,26.31,1994-01-01,5.0,0.0,3031.0,19.3,23.0,w,INDIVIDUAL,1.0,0.0,0,9.0,0,22.4,0.367
1400.0,36,11.53,46.19,B5,RENT,62000.0,Not Verified,2015-03-01,debt_consolidation,17.13,2010-08-01,10.0,0.0,12672.0,71.2,11.0,f,INDIVIDUAL,0.0,0.0,0,2.0,0,4.6,0.023
24000.0,60,15.61,578.68,D1,MORTGAGE,86000.0,Verified,2014-05-01,debt_consolidation,31.33,1991-05-01,12.0,0.0,13873.0,75.8,34.0,f,INDIVIDUAL,4.0,0.0,0,10.0,0,23.0,0.279
10000.0,36,12.49,334.49,B5,RENT,36000.0,Not Verified,2014-09-01,debt_consolidation,25.97,1988-10-01,24.0,0.0,7273.0,21.0,53.0,f,INDIVIDUAL,0.0,0.0,0,10.0,0,25.9,0.278
8750.0,36,16.29,308.88,D2,MORTGAGE,31600.0,Verified,2014-10-01,debt_consolidation,12.0,2000-01-01,11.0,4.0,848.0,12.8,47.0,w,INDIVIDUAL,5.0,4.0,1,6.0,1,14.7,0.277
4800.0,36,21.0,180.85,E2,MORTGAGE,90000.0,Source Verified,2013-06-01,other,23.76,2002-05-01,13.0,2.0,12723.0,68.4,22.0,f,INDIVIDUAL,3.0,1.0,1,10.0,0,11.1,0.053
32000.0,60,12.29,716.53,C1,OWN,80000.0,Verified,2015-06-01,debt_consolidation,11.9,2002-12-01,12.0,0.0,6318.0,12.7,22.0,w,INDIVIDUAL,2.0,0.0,0,9.0,0,12.5,0.4
10000.0,36,6.62,307.04,A2,OWN,72000.0,Verified,2011-09-01,debt_consolidation,16.8,2002-08-01,10.0,0.0,7649.0,26.8,11.0,f,INDIVIDUAL,0.0,0.0,0,2.0,0,9.1,0.139
12600.0,36,14.33,432.67,C5,RENT,60000.0,Not Verified,2015-12-01,debt_consolidation,12.88,1991-11-01,6.0,1.0,3158.0,56.0,15.0,w,INDIVIDUAL,0.0,1.0,0,9.0,0,24.1,0.21
16000.0,36,13.11,539.96,B4,RENT,110000.0,Not Verified,2012-07-01,debt_consolidation,5.35,1978-02-01,7.0,0.0,15774.0,56.3,12.0,f,INDIVIDUAL,0.0,0.0,0,8.0,0,34.4,0.145
8400.0,36,7.26,260.37,A4,RENT,155000.0,Source Verified,2015-08-01,other,9.78,2003-03-01,5.0,0.0,11644.0,66.2,18.0,w,INDIVIDUAL,1.0,0.0,0,9.0,0,12.4,0.054
6000.0,36,16.55,212.58,D2,RENT,36000.0,Verified,2015-07-01,moving,34.13,2000-11-01,13.0,0.0,5410.0,70.3,17.0,f,INDIVIDUAL,0.0,0.0,0,0.0,0,14.7,0.167
13000.0,36,13.11,438.72,B4,MORTGAGE,65000.0,Not Verified,2013-06-01,debt_consolidation,19.92,2002-02-01,8.0,1.0,19861.0,75.8,13.0,f,INDIVIDUAL,2.0,1.0,0,5.0,0,11.3,0.2
5525.0,36,6.03,168.16,A1,MORTGAGE,70000.0,Verified,2012-09-01,debt_consolidation,2.64,1986-08-01,12.0,0.0,950.0,1.7,48.0,f,INDIVIDUAL,6.0,0.0,0,6.0,1,26.1,0.079
4800.0,36,15.31,167.13,C2,RENT,49000.0,Source Verified,2012-08-01,debt_consolidation,21.62,2002-01-01,9.0,0.0,2759.0,42.4,29.0,f,INDIVIDUAL,3.0,0.0,0,10.0,0,10.6,0.098
35000.0,60,19.99,927.1,E1,MORTGAGE,119759.0,Verified,2014-03-01,debt_consolidation,15.88,1990-03-01,10.0,0.0,105742.0,88.6,26.0,f,INDIVIDUAL,4.0,0.0,1,10.0,0,24.0,0.292
7400.0,36,12.12,246.22,B3,RENT,50000.0,Not Verified,2013-04-01,debt_consolidation,19.69,2000-12-01,3.0,0.0,3659.0,91.5,13.0,w,INDIVIDUAL,0.0,0.0,0,3.0,0,12.3,0.148
22525.0,60,17.57,566.74,D2,RENT,150000.0,Verified,2014-05-01,debt_consolidation,23.34,1998-12-01,18.0,0.0,13808.0,39.0,22.0,f,INDIVIDUAL,0.0,0.0,0,6.0,0,15.4,0.15
10000.0,36,6.49,306.45,A2,OWN,26000.0,Verified,2016-02-01,debt_consolidation,22.3,2010-11-01,7.0,0.0,858.0,7.3,9.0,w,INDIVIDUAL,0.0,0.0,0,2.0,0,5.3,0.385
9000.0,36,15.8,315.53,C3,MORTGAGE,60000.0,Verified,2012-09-01,debt_consolidation,18.52,1992-05-01,14.0,0.0,23465.0,60.2,31.0,f,INDIVIDUAL,4.0,0.0,1,10.0,0,20.3,0.15
14400.0,60,12.88,326.77,C2,MORTGAGE,90000.0,Not Verified,2016-01-01,credit_card,22.45,1994-07-01,18.0,0.0,27691.0,46.3,47.0,w,INDIVIDUAL,6.0,0.0,0,8.0,0,21.5,0.16
14000.0,36,12.12,465.81,B3,MORTGAGE,70000.0,Not Verified,2012-05-01,debt_consolidation,15.99,1996-10-01,4.0,0.0,10045.0,93.9,29.0,f,INDIVIDUAL,1.0,0.0,0,10.0,0,15.6,0.2
25150.0,60,16.99,624.91,D3,MORTGAGE,80000.0,Not Verified,2015-11-01,debt_consolidation,33.14,1988-05-01,15.0,0.0,12440.0,42.7,28.0,f,INDIVIDUAL,1.0,0.0,1,3.0,0,27.5,0.314
1000.0,36,12.99,33.69,C2,RENT,34000.0,Not Verified,2015-01-01,debt_consolidation,19.24,2007-07-01,10.0,0.0,13177.0,81.3,12.0,f,INDIVIDUAL,0.0,0.0,1,10.0,0,7.5,0.029
24000.0,36,7.62,747.88,A3,MORTGAGE,235000.0,Verified,2013-05-01,home_improvement,3.96,1986-01-01,17.0,0.0,23934.0,35.9,31.0,f,INDIVIDUAL,7.0,0.0,0,2.0,0,27.3,0.102
21250.0,60,14.99,505.43,C5,MORTGAGE,91794.0,Verified,2014-09-01,debt_consolidation,26.47,1990-09-01,16.0,0.0,42443.0,71.7,33.0,w,INDIVIDUAL,6.0,0.0,0,10.0,0,24.0,0.231
35000.0,36,9.76,1125.42,B3,OWN,120000.0,Verified,2015-12-01,debt_consolidation,24.0,1991-11-01,8.0,0.0,30062.0,62.4,25.0,w,INDIVIDUAL,1.0,0.0,0,10.0,0,24.1,0.292
15000.0,36,10.15,485.07,B2,MORTGAGE,78000.0,Not Verified,2014-08-01,credit_card,16.18,2003-10-01,21.0,0.0,17480.0,35.1,43.0,f,INDIVIDUAL,2.0,0.0,0,10.0,0,10.8,0.192
30000.0,36,13.05,1011.55,B5,MORTGAGE,84000.0,Verified,2013-09-01,debt_consolidation,26.1,2001-03-01,16.0,0.0,40119.0,74.6,30.0,w,INDIVIDUAL,1.0,0.0,0,8.0,0,12.5,0.357
15000.0,60,14.31,351.44,C4,RENT,60000.0,Source Verified,2014-11-01,major_purchase,17.3,2005-07-01,7.0,0.0,7732.0,34.5,26.0,w,INDIVIDUAL,0.0,0.0,1,2.0,0,9.3,0.25
4300.0,36,10.16,139.08,B1,MORTGAGE,106000.0,Not Verified,2012-10-01,debt_consolidation,12.39,2001-09-01,9.0,0.0,37612.0,72.7,13.0,w,INDIVIDUAL,1.0,0.0,0,1.0,0,11.1,0.041
8000.0,36,14.64,275.92,C3,RENT,75000.0,Not Verified,2014-03-01,debt_consolidation,11.18,1994-08-01,17.0,0.0,16461.0,45.0,25.0,f,INDIVIDUAL,0.0,0.0,1,10.0,0,19.6,0.107
16000.0,36,16.29,564.81,C4,RENT,85000.0,Not Verified,2012-10-01,other,9.56,1991-12-01,10.0,0.0,11707.0,49.2,32.0,f,INDIVIDUAL,12.0,0.0,0,9.0,0,20.8,0.188
8000.0,36,8.39,252.14,A5,MORTGAGE,47000.0,Not Verified,2014-07-01,debt_consolidation,20.39,2006-04-01,15.0,0.0,14013.0,63.4,29.0,w,INDIVIDUAL,1.0,0.0,0,1.0,0,8.2,0.17
26500.0,60,23.83,759.74,F5,RENT,60000.0,Verified,2013-06-01,debt_consolidation,16.15,2001-10-01,10.0,0.0,6401.0,74.4,16.0,f,INDIVIDUAL,0.0,0.0,1,7.0,0,11.7,0.442
10000.0,36,16.78,355.44,C5,RENT,40000.0,Not Verified,2013-08-01,debt_consolidation,12.15,2000-06-01,5.0,0.0,4175.0,83.5,6.0,f,INDIVIDUAL,0.0,0.0,0,10.0,0,13.2,0.25
2100.0,60,19.05,54.54,D4,RENT,33000.0,Verified,2012-07-01,major_purchase,27.6,2008-04-01,21.0,0.0,6934.0,44.4,23.0,f,INDIVIDUAL,0.0,0.0,1,2.0,0,4.2,0.064
12000.0,36,9.99,387.15,B1,RENT,45000.0,Source Verified,2013-09-01,debt_consolidation,16.83,1983-03-01,9.0,0.0,12380.0,47.8,16.0,f,INDIVIDUAL,0.0,0.0,0,2.0,0,30.5,0.267
3600.0,36,7.9,112.65,A4,MORTGAGE,90000.0,Not Verified,2011-10-01,other,16.28,1987-04-01,23.0,0.0,12325.0,9.6,45.0,f,INDIVIDUAL,3.0,0.0,0,10.0,0,24.5,0.04
20000.0,36,15.62,699.4,D1,MORTGAGE,80000.0,Source Verified,2011-05-01,debt_consolidation,7.95,1995-10-01,11.0,0.0,11147.0,36.9,36.0,f,INDIVIDUAL,2.0,0.0,0,3.0,0,15.6,0.25
7025.0,36,10.74,229.13,B2,MORTGAGE,60000.0,Source Verified,2012-03-01,small_business,18.38,1990-01-01,7.0,0.0,21486.0,62.5,31.0,f,INDIVIDUAL,2.0,0.0,0,4.0,0,22.2,0.117
35000.0,60,13.99,814.21,C4,MORTGAGE,186000.0,Source Verified,2015-08-01,home_improvement,13.99,1993-09-01,17.0,0.0,18655.0,26.8,53.0,w,INDIVIDUAL,7.0,0.0,1,3.0,0,21.9,0.188
20000.0,60,13.66,461.85,C3,RENT,110000.0,Source Verified,2015-02-01,debt_consolidation,4.78,2004-04-01,8.0,0.0,10722.0,44.3,15.0,w,INDIVIDUAL,0.0,0.0,0,0.0,0,10.8,0.182
20000.0,36,6.03,608.72,A1,OWN,85000.0,Verified,2013-10-01,debt_consolidation,17.72,1987-12-01,8.0,0.0,19210.0,49.5,24.0,f,INDIVIDUAL,3.0,0.0,0,0.0,0,25.8,0.235
35000.0,36,11.67,1157.0,B4,RENT,130000.0,Verified,2014-05-01,major_purchase,0.69,2010-09-01,5.0,0.0,790.0,3.6,5.0,f,INDIVIDUAL,0.0,0.0,0,3.0,0,3.7,0.269
28000.0,60,11.71,618.75,B3,MORTGAGE,75000.0,Source Verified,2011-12-01,small_business,6.16,1998-08-01,11.0,0.0,62427.0,20.6,29.0,f,INDIVIDUAL,2.0,0.0,0,10.0,0,13.3,0.373
8000.0,36,15.61,279.72,C5,RENT,44760.0,Source Verified,2014-03-01,debt_consolidation,20.0,2005-06-01,7.0,0.0,4880.0,35.9,7.0,w,INDIVIDUAL,0.0,0.0,0,2.0,0,8.7,0.179
23825.0,60,20.2,633.88,E3,RENT,52000.0,Source Verified,2014-10-01,debt_consolidation,29.98,1999-12-01,10.0,0.0,36362.0,53.2,37.0,w,INDIVIDUAL,0.0,0.0,0,5.0,0,14.8,0.458
16000.0,60,13.99,372.21,C4,RENT,125000.0,Source Verified,2015-02-01,debt_consolidation,12.59,2001-04-01,9.0,3.0,6069.0,59.5,23.0,w,INDIVIDUAL,4.0,1.0,1,0.0,0,13.8,0.128
10000.0,60,13.67,230.98,C3,MORTGAGE,52523.0,Not Verified,2016-02-01,credit_card,31.26,2004-06-01,9.0,0.0,16394.0,59.8,30.0,w,INDIVIDUAL,4.0,0.0,1,10.0,0,11.7,0.19
13250.0,36,17.27,474.19,C5,MORTGAGE,38000.0,Verified,2013-03-01,credit_card,29.43,1997-06-01,13.0,0.0,18348.0,51.1,33.0,f,INDIVIDUAL,2.0,0.0,0,6.0,0,15.7,0.349
23800.0,60,19.52,624.22,E3,RENT,76500.0,Source Verified,2015-05-01,debt_consolidation,18.89,2004-05-01,15.0,0.0,12577.0,45.1,21.0,w,INDIVIDUAL,2.0,0.0,1,1.0,0,11.0,0.311
9000.0,36,16.95,320.65,E5,MORTGAGE,237000.0,Verified,2009-07-01,debt_consolidation,11.67,1998-11-01,12.0,1.0,22353.0,99.3,28.0,f,INDIVIDUAL,2.0,0.0,1,10.0,0,10.7,0.038
3000.0,36,6.03,91.31,A1,OWN,32000.0,Not Verified,2012-08-01,debt_consolidation,16.76,1986-01-01,6.0,0.0,2192.0,14.6,29.0,f,INDIVIDUAL,4.0,0.0,0,3.0,0,26.6,0.094
15000.0,60,17.86,379.76,D5,RENT,45000.0,Not Verified,2015-10-01,credit_card,15.39,2002-10-01,9.0,0.0,18877.0,91.6,19.0,w,INDIVIDUAL,0.0,0.0,0,9.0,0,13.0,0.333
29100.0,60,17.1,724.78,C5,MORTGAGE,65000.0,Verified,2013-10-01,debt_consolidation,14.33,1990-02-01,8.0,0.0,32908.0,74.0,31.0,f,INDIVIDUAL,2.0,0.0,0,4.0,0,23.7,0.448
10800.0,60,17.14,269.23,D4,MORTGAGE,50000.0,Verified,2014-11-01,debt_consolidation,25.59,1987-08-01,13.0,2.0,7284.0,43.9,26.0,w,INDIVIDUAL,3.0,0.0,1,10.0,0,27.3,0.216
5600.0,36,6.99,172.89,A2,RENT,82000.0,Source Verified,2016-07-01,home_improvement,2.08,1995-11-01,11.0,1.0,4100.0,12.3,40.0,f,INDIVIDUAL,2.0,1.0,0,1.0,0,20.7,0.068
14000.0,36,12.12,465.81,B3,MORTGAGE,45000.0,Not Verified,2012-04-01,credit_card,19.66,2006-05-01,7.0,0.0,14748.0,85.7,8.0,f,INDIVIDUAL,1.0,0.0,0,3.0,0,5.9,0.311
8000.0,36,11.14,262.45,B2,RENT,32000.0,Verified,2012-07-01,debt_consolidation,28.05,1998-08-01,9.0,0.0,14645.0,82.3,19.0,f,INDIVIDUAL,1.0,0.0,0,7.0,0,13.9,0.25
7025.0,36,16.59,249.03,D1,MORTGAGE,43000.0,Verified,2014-05-01,debt_consolidation,15.52,1998-08-01,15.0,1.0,15919.0,62.4,26.0,w,INDIVIDUAL,2.0,1.0,0,7.0,0,15.7,0.163
35000.0,60,24.99,1027.1,F4,OWN,105000.0,Source Verified,2015-04-01,debt_consolidation,27.26,2003-08-01,14.0,0.0,28271.0,73.4,24.0,f,INDIVIDUAL,3.0,0.0,0,10.0,0,11.7,0.333
7000.0,36,13.98,239.18,C3,RENT,46000.0,Verified,2014-06-01,debt_consolidation,27.08,2004-07-01,8.0,0.0,974.0,32.5,20.0,w,INDIVIDUAL,0.0,0.0,1,8.0,0,9.9,0.152
15500.0,36,12.99,522.19,C1,RENT,55000.0,Not Verified,2014-10-01,medical,18.14,2002-12-01,8.0,0.0,14236.0,63.0,12.0,w,INDIVIDUAL,0.0,0.0,0,7.0,0,11.8,0.282
5700.0,36,13.67,193.91,C4,OWN,40000.0,Source Verified,2015-11-01,debt_consolidation,9.87,2002-05-01,11.0,0.0,5057.0,46.8,23.0,w,INDIVIDUAL,2.0,0.0,0,10.0,0,13.5,0.142
15000.0,60,16.99,372.71,D3,RENT,43000.0,Source Verified,2014-06-01,debt_consolidation,24.44,2008-01-01,26.0,0.0,15889.0,81.1,37.0,f,INDIVIDUAL,0.0,0.0,1,3.0,0,6.4,0.349
7000.0,36,10.64,227.98,B2,MORTGAGE,65000.0,Source Verified,2013-08-01,home_improvement,21.8,1999-02-01,15.0,0.0,6135.0,23.2,25.0,f,INDIVIDUAL,0.0,0.0,0,5.0,0,14.5,0.108
11000.0,36,7.62,342.78,A3,MORTGAGE,110000.0,Verified,2013-09-01,credit_card,15.13,2004-09-01,16.0,0.0,9625.0,22.4,28.0,f,INDIVIDUAL,2.0,0.0,0,1.0,0,9.0,0.1
14000.0,36,13.11,472.46,B4,RENT,42000.0,Not Verified,2013-06-01,debt_consolidation,9.29,2004-01-01,9.0,0.0,14202.0,71.0,28.0,f,INDIVIDUAL,0.0,0.0,0,3.0,0,9.4,0.333
15000.0,60,14.99,356.78,C5,MORTGAGE,49000.0,Source Verified,2014-08-01,home_improvement,27.65,1983-05-01,8.0,0.0,14760.0,85.3,26.0,w,INDIVIDUAL,4.0,0.0,0,6.0,1,31.3,0.306
1000.0,36,15.61,34.97,D1,MORTGAGE,27000.0,Not Verified,2015-04-01,vacation,18.4,2001-06-01,11.0,1.0,10690.0,61.1,30.0,f,INDIVIDUAL,5.0,1.0,0,4.0,0,13.8,0.037
25000.0,36,13.99,854.32,C4,RENT,72000.0,Source Verified,2015-05-01,credit_card,12.63,1974-12-01,8.0,0.0,12419.0,96.3,12.0,w,INDIVIDUAL,0.0,0.0,0,6.0,0,40.4,0.347
18000.0,36,14.49,619.49,C4,RENT,74000.0,Source Verified,2014-06-01,debt_consolidation,11.71,2000-07-01,4.0,0.0,1947.0,54.1,7.0,f,INDIVIDUAL,2.0,0.0,0,2.0,0,13.9,0.243
6000.0,36,11.44,197.69,B4,OWN,21500.0,Verified,2014-11-01,debt_consolidation,33.11,1973-11-01,8.0,1.0,7681.0,42.0,18.0,w,INDIVIDUAL,1.0,1.0,0,6.0,1,41.0,0.279
12000.0,36,11.99,398.52,B3,MORTGAGE,60000.0,Not Verified,2013-09-01,credit_card,9.72,2003-03-01,6.0,0.0,19772.0,84.6,23.0,f,INDIVIDUAL,4.0,0.0,0,2.0,0,10.5,0.2
18000.0,36,13.68,612.41,C1,RENT,60000.0,Source Verified,2013-09-01,debt_consolidation,25.55,2005-06-01,11.0,0.0,9700.0,26.8,19.0,f,INDIVIDUAL,3.0,0.0,0,5.0,0,8.3,0.3
15000.0,36,9.17,478.19,B1,RENT,51000.0,Verified,2014-10-01,debt_consolidation,33.28,1989-07-01,19.0,0.0,18973.0,43.6,23.0,w,INDIVIDUAL,0.0,0.0,0,10.0,0,25.3,0.294
20000.0,36,13.99,683.46,C4,MORTGAGE,85000.0,Verified,2015-06-01,debt_consolidation,4.76,2006-11-01,5.0,0.0,5125.0,45.4,10.0,w,INDIVIDUAL,4.0,0.0,0,4.0,0,8.6,0.235
12000.0,60,13.66,277.11,C3,RENT,60000.0,Not Verified,2015-01-01,debt_consolidation,9.26,1997-09-01,7.0,0.0,6959.0,38.0,26.0,w,INDIVIDUAL,0.0,0.0,0,1.0,0,17.3,0.2
14400.0,36,12.99,485.13,C2,MORTGAGE,57000.0,Source Verified,2016-03-01,debt_consolidation,12.67,2002-10-01,10.0,4.0,10763.0,37.9,20.0,w,INDIVIDUAL,4.0,4.0,0,0.0,0,13.4,0.253
3200.0,36,14.09,109.51,B5,RENT,54000.0,Verified,2012-10-01,moving,25.44,1995-02-01,8.0,0.0,5345.0,66.8,13.0,f,INDIVIDUAL,1.0,0.0,1,3.0,0,17.7,0.059
8000.0,36,7.89,250.29,A5,MORTGAGE,60000.0,Not Verified,2015-11-01,credit_card,14.12,2004-11-01,14.0,0.0,9055.0,34.7,39.0,w,INDIVIDUAL,1.0,0.0,0,2.0,0,11.0,0.133
7500.0,36,18.49,273.0,D2,OWN,65000.0,Not Verified,2013-05-01,credit_card,10.08,2008-03-01,12.0,0.0,7735.0,41.6,14.0,f,INDIVIDUAL,0.0,0.0,1,3.0,0,5.2,0.115
5000.0,36,8.94,158.86,A5,RENT,35004.0,Not Verified,2009-09-01,debt_consolidation,15.02,2003-07-01,9.0,0.0,3657.0,10.0,19.0,f,INDIVIDUAL,1.0,0.0,0,3.0,0,6.2,0.143
28000.0,36,7.12,866.1,A3,RENT,152000.0,Not Verified,2014-05-01,credit_card,19.29,2000-01-01,13.0,0.0,45674.0,73.3,34.0,w,INDIVIDUAL,0.0,0.0,1,1.0,0,14.3,0.184
14400.0,36,14.27,494.05,C2,RENT,78000.0,Source Verified,2011-10-01,debt_consolidation,20.52,1998-10-01,7.0,0.0,16172.0,53.0,12.0,f,INDIVIDUAL,0.0,0.0,0,6.0,0,13.0,0.185
20000.0,60,21.28,544.23,F2,RENT,55000.0,Verified,2012-02-01,debt_consolidation,17.14,1991-04-01,8.0,0.0,12853.0,99.6,10.0,f,INDIVIDUAL,0.0,0.0,1,0.0,0,20.8,0.364
5000.0,36,17.76,180.17,D1,MORTGAGE,38000.0,Not Verified,2013-09-01,other,5.05,2009-04-01,6.0,0.0,5361.0,85.1,7.0,f,INDIVIDUAL,1.0,0.0,0,5.0,0,4.4,0.132
15000.0,36,18.25,544.17,D3,RENT,55000.0,Verified,2012-03-01,credit_card,21.92,2001-09-01,19.0,0.0,22773.0,80.8,23.0,f,INDIVIDUAL,1.0,0.0,0,2.0,0,10.5,0.273
15000.0,36,17.14,535.84,D4,MORTGAGE,48000.0,Source Verified,2014-11-01,home_improvement,13.48,1998-02-01,8.0,0.0,3151.0,31.2,31.0,w,INDIVIDUAL,2.0,0.0,0,9.0,0,16.7,0.312
12375.0,36,15.61,432.69,C3,RENT,227000.0,Source Verified,2013-11-01,debt_consolidation,5.85,2007-10-01,16.0,0.0,9187.0,29.6,26.0,f,INDIVIDUAL,0.0,0.0,0,6.0,1,6.1,0.055
20400.0,36,14.91,706.28,D2,MORTGAGE,40700.0,Verified,2011-03-01,major_purchase,1.21,2002-07-01,3.0,0.0,1198.0,5.9,4.0,f,INDIVIDUAL,0.0,0.0,0,8.0,0,8.7,0.501
30000.0,36,10.99,982.02,B2,RENT,95000.0,Verified,2014-01-01,credit_card,5.98,2008-02-01,11.0,0.0,27033.0,48.2,14.0,f,INDIVIDUAL,0.0,0.0,0,4.0,0,5.9,0.316
28500.0,60,19.19,742.29,E3,MORTGAGE,75000.0,Verified,2015-09-01,debt_consolidation,27.33,2006-05-01,12.0,0.0,37078.0,69.6,22.0,w,INDIVIDUAL,3.0,0.0,0,9.0,0,9.3,0.38
24000.0,60,15.8,581.09,C3,RENT,115000.0,Verified,2013-01-01,debt_consolidation,11.0,2000-10-01,7.0,0.0,22492.0,62.1,13.0,w,INDIVIDUAL,0.0,0.0,1,5.0,0,12.3,0.209
9600.0,36,9.67,308.28,B1,OWN,30000.0,Source Verified,2014-02-01,credit_card,27.24,2003-03-01,10.0,1.0,9206.0,44.9,22.0,f,INDIVIDUAL,0.0,1.0,0,8.0,0,10.9,0.32
20000.0,36,12.12,665.44,B3,MORTGAGE,105000.0,Verified,2012-03-01,debt_consolidation,20.91,1994-10-01,11.0,0.0,37960.0,64.6,40.0,f,INDIVIDUAL,3.0,0.0,0,10.0,0,17.4,0.19
6000.0,36,12.99,202.14,C1,RENT,20000.0,Not Verified,2014-06-01,credit_card,27.37,2004-09-01,6.0,1.0,3244.0,21.0,12.0,w,INDIVIDUAL,0.0,1.0,0,1.0,0,9.7,0.3
10000.0,36,10.15,323.38,B2,MORTGAGE,60000.0,Not Verified,2014-06-01,debt_consolidation,8.12,1991-03-01,13.0,0.0,19951.0,22.6,28.0,w,INDIVIDUAL,8.0,0.0,0,7.0,0,23.3,0.167
11100.0,36,18.85,406.05,D3,MORTGAGE,84500.0,Verified,2013-09-01,home_improvement,26.1,1997-07-01,9.0,0.0,11730.0,72.4,18.0,f,INDIVIDUAL,3.0,0.0,0,10.0,0,16.2,0.131
9900.0,36,14.16,339.13,C2,RENT,31000.0,Not Verified,2014-02-01,debt_consolidation,15.54,2005-02-01,11.0,0.0,11333.0,53.2,23.0,f,INDIVIDUAL,0.0,0.0,1,4.0,0,9.0,0.319
8000.0,60,15.1,190.74,C2,OWN,85000.0,Verified,2013-10-01,home_improvement,17.21,2000-07-01,8.0,0.0,11418.0,38.2,50.0,f,INDIVIDUAL,5.0,0.0,0,10.0,0,13.3,0.094
8000.0,36,16.29,282.41,D2,MORTGAGE,80000.0,Not Verified,2014-06-01,debt_consolidation,27.33,1991-08-01,12.0,0.0,45069.0,79.3,35.0,w,INDIVIDUAL,3.0,0.0,0,3.0,0,22.8,0.1
35000.0,60,25.89,1045.64,G3,RENT,103000.0,Verified,2014-12-01,debt_consolidation,13.55,1998-09-01,13.0,0.0,17049.0,28.5,36.0,f,INDIVIDUAL,3.0,0.0,1,10.0,0,16.2,0.34
13175.0,36,7.9,412.25,A4,RENT,43000.0,Not Verified,2013-11-01,debt_consolidation,11.81,1995-12-01,8.0,0.0,13120.0,50.9,22.0,f,INDIVIDUAL,0.0,0.0,0,6.0,0,17.9,0.306
23000.0,36,13.99,785.98,C4,OWN,50000.0,Source Verified,2015-07-01,debt_consolidation,21.12,1982-09-01,10.0,0.0,28816.0,69.5,22.0,f,INDIVIDUAL,2.0,0.0,0,1.0,0,32.8,0.46
21000.0,60,15.88,509.35,C4,MORTGAGE,92000.0,Source Verified,2013-07-01,credit_card,14.48,1995-06-01,12.0,0.0,21229.0,34.6,27.0,w,INDIVIDUAL,0.0,0.0,0,8.0,0,18.1,0.228
10000.0,36,16.24,352.76,C5,RENT,50000.0,Not Verified,2014-01-01,debt_consolidation,20.48,2007-01-01,8.0,1.0,4523.0,38.0,11.0,f,INDIVIDUAL,0.0,1.0,0,10.0,0,7.0,0.2
5800.0,36,24.5,229.08,F3,OWN,80000.0,Not Verified,2013-12-01,major_purchase,20.37,1992-10-01,9.0,0.0,7533.0,90.8,23.0,f,INDIVIDUAL,0.0,0.0,0,10.0,0,21.2,0.072
9600.0,36,9.67,308.28,B1,MORTGAGE,48000.0,Not Verified,2014-04-01,debt_consolidation,18.33,1994-08-01,10.0,0.0,8623.0,63.4,18.0,f,INDIVIDUAL,2.0,0.0,0,10.0,0,19.7,0.2
30000.0,60,10.49,644.67,B3,OWN,122000.0,Verified,2014-12-01,debt_consolidation,7.06,1988-12-01,21.0,0.0,26566.0,26.7,39.0,w,INDIVIDUAL,4.0,0.0,0,9.0,0,26.0,0.246
8400.0,36,10.15,271.64,B2,RENT,60000.0,Verified,2014-08-01,credit_card,7.8,2000-01-01,15.0,1.0,5238.0,60.2,49.0,w,INDIVIDUAL,3.0,1.0,0,10.0,0,14.6,0.14
12000.0,36,8.9,381.04,A5,RENT,85000.0,Verified,2013-12-01,debt_consolidation,25.1,2001-04-01,5.0,0.0,17465.0,82.8,28.0,w,INDIVIDUAL,2.0,0.0,0,9.0,0,12.7,0.141
7200.0,36,5.79,218.36,A2,RENT,22000.0,Source Verified,2011-02-01,small_business,24.11,1988-10-01,9.0,0.0,5029.0,11.6,9.0,f,INDIVIDUAL,0.0,0.0,0,3.0,0,22.3,0.327
12000.0,36,6.03,365.23,A1,MORTGAGE,66360.0,Source Verified,2012-01-01,debt_consolidation,1.68,1993-07-01,8.0,0.0,3997.0,13.4,31.0,f,INDIVIDUAL,2.0,0.0,0,10.0,0,18.5,0.181
8000.0,36,10.49,259.99,B3,MORTGAGE,60000.0,Verified,2014-11-01,other,2.42,2000-02-01,4.0,0.0,4037.0,36.4,23.0,w,INDIVIDUAL,2.0,0.0,0,10.0,0,14.7,0.133
1000.0,36,23.28,38.86,F2,OWN,49000.0,Not Verified,2013-04-01,other,2.55,2001-07-01,1.0,0.0,2062.0,82.5,5.0,f,INDIVIDUAL,0.0,0.0,1,2.0,0,11.8,0.02
17000.0,36,7.9,531.94,A4,MORTGAGE,102000.0,Verified,2013-12-01,debt_consolidation,21.56,1992-05-01,13.0,0.0,22087.0,51.4,48.0,w,INDIVIDUAL,4.0,0.0,0,0.0,0,21.6,0.167
18000.0,36,13.67,612.32,B5,RENT,45000.0,Source Verified,2013-09-01,small_business,16.14,1996-01-01,8.0,0.0,21408.0,34.7,15.0,f,INDIVIDUAL,0.0,0.0,1,2.0,0,17.7,0.4
22500.0,36,7.62,701.14,A3,MORTGAGE,88000.0,Verified,2013-03-01,debt_consolidation,16.79,1996-01-01,12.0,0.0,51175.0,44.3,28.0,f,INDIVIDUAL,4.0,0.0,0,10.0,0,17.2,0.256
5000.0,36,13.99,170.87,C1,RENT,35000.0,Source Verified,2012-05-01,credit_card,21.6,1996-11-01,6.0,0.0,19502.0,87.8,17.0,f,INDIVIDUAL,0.0,0.0,0,0.0,0,15.5,0.143
15000.0,36,10.99,491.01,B2,MORTGAGE,126000.0,Verified,2014-02-01,debt_consolidation,23.22,1984-03-01,15.0,0.0,15957.0,57.8,52.0,f,INDIVIDUAL,6.0,0.0,0,10.0,0,29.9,0.119
17000.0,36,7.89,531.86,A5,RENT,70000.0,Source Verified,2015-07-01,debt_consolidation,14.83,2003-08-01,12.0,0.0,5276.0,17.9,32.0,w,INDIVIDUAL,2.0,0.0,0,0.0,0,11.9,0.243
10000.0,36,15.1,347.15,C2,MORTGAGE,220000.0,Verified,2013-09-01,debt_consolidation,3.11,2001-06-01,12.0,1.0,6171.0,35.1,46.0,w,INDIVIDUAL,10.0,1.0,0,7.0,0,12.3,0.045
14000.0,36,6.97,432.09,A2,RENT,90000.0,Not Verified,2013-10-01,debt_consolidation,20.33,2001-10-01,15.0,0.0,14551.0,22.0,27.0,f,INDIVIDUAL,0.0,0.0,0,0.0,0,12.0,0.156
10000.0,36,15.59,349.55,D1,RENT,28500.0,Source Verified,2014-12-01,other,18.74,1990-09-01,13.0,0.0,5371.0,40.1,18.0,f,INDIVIDUAL,0.0,0.0,1,2.0,0,24.2,0.351
9000.0,36,7.12,278.39,A3,RENT,65000.0,Not Verified,2014-10-01,debt_consolidation,13.15,1993-06-01,6.0,1.0,9423.0,42.6,11.0,w,INDIVIDUAL,0.0,1.0,1,0.0,0,21.3,0.138
7000.0,36,14.31,240.3,C4,MORTGAGE,76000.0,Verified,2015-01-01,debt_consolidation,19.3,1995-08-01,16.0,0.0,5741.0,34.6,33.0,f,INDIVIDUAL,1.0,0.0,0,10.0,0,19.4,0.092
7000.0,36,12.99,235.83,C1,RENT,180000.0,Not Verified,2014-10-01,moving,16.43,1998-08-01,6.0,0.0,5572.0,39.8,44.0,w,INDIVIDUAL,0.0,0.0,0,0.0,0,16.2,0.039
3825.0,36,19.52,141.22,D4,RENT,23000.0,Not Verified,2013-10-01,debt_consolidation,6.16,2007-11-01,3.0,0.0,4532.0,88.9,4.0,f,INDIVIDUAL,0.0,0.0,0,3.0,0,5.9,0.166
15250.0,60,15.88,369.88,C4,MORTGAGE,52000.0,Verified,2013-08-01,debt_consolidation,27.45,1994-03-01,14.0,0.0,15691.0,29.4,30.0,f,INDIVIDUAL,4.0,0.0,1,10.0,0,19.4,0.293
4000.0,36,11.67,132.23,B4,MORTGAGE,65000.0,Not Verified,2014-07-01,debt_consolidation,17.08,1985-05-01,10.0,0.0,4278.0,72.5,23.0,f,INDIVIDUAL,3.0,0.0,0,9.0,0,29.2,0.062
3000.0,36,9.16,95.63,B2,MORTGAGE,23040.0,Not Verified,2016-02-01,home_improvement,2.6,2001-03-01,8.0,0.0,9943.0,41.4,24.0,w,INDIVIDUAL,1.0,0.0,0,0.0,0,14.9,0.13
6000.0,36,8.9,190.52,A5,RENT,113000.0,Not Verified,2012-07-01,debt_consolidation,1.82,1993-02-01,6.0,0.0,3982.0,81.3,16.0,f,INDIVIDUAL,2.0,0.0,0,10.0,0,19.4,0.053
8500.0,36,13.65,289.07,C1,RENT,60000.0,Source Verified,2014-04-01,other,22.9,2000-05-01,8.0,0.0,3330.0,64.0,17.0,f,INDIVIDUAL,0.0,0.0,1,4.0,0,13.9,0.142
23525.0,60,15.41,564.74,D1,MORTGAGE,69700.0,Not Verified,2015-12-01,debt_consolidation,36.43,2000-09-01,12.0,0.0,15069.0,36.4,26.0,w,INDIVIDUAL,4.0,0.0,0,10.0,0,15.2,0.338
35000.0,36,8.9,1111.37,A5,OWN,110000.0,Verified,2012-02-01,home_improvement,1.36,1997-12-01,6.0,0.0,3493.0,13.9,17.0,f,INDIVIDUAL,1.0,0.0,0,6.0,0,14.2,0.318
5825.0,36,14.33,200.02,C1,RENT,30000.0,Source Verified,2012-07-01,debt_consolidation,29.32,2004-07-01,8.0,0.0,8556.0,54.8,11.0,f,INDIVIDUAL,0.0,0.0,0,7.0,0,8.0,0.194
15100.0,36,16.99,538.29,D3,RENT,42000.0,Verified,2015-08-01,debt_consolidation,16.69,2007-02-01,7.0,0.0,15773.0,44.0,10.0,w,INDIVIDUAL,0.0,0.0,0,2.0,0,8.5,0.36
30500.0,60,24.99,895.04,F4,MORTGAGE,75233.6,Source Verified,2014-02-01,debt_consolidation,27.47,1995-10-01,22.0,1.0,26081.0,81.8,47.0,f,INDIVIDUAL,6.0,1.0,1,10.0,0,18.3,0.405
12225.0,36,19.99,454.27,D5,OWN,40000.0,Not Verified,2016-05-01,debt_consolidation,12.99,2003-05-01,8.0,0.0,6957.0,57.0,15.0,f,INDIVIDUAL,1.0,0.0,0,1.0,0,13.0,0.306
13000.0,60,13.35,298.13,C2,MORTGAGE,50000.0,Not Verified,2014-05-01,debt_consolidation,28.04,2003-01-01,9.0,0.0,8853.0,36.4,22.0,f,INDIVIDUAL,6.0,0.0,1,5.0,0,11.3,0.26
17600.0,36,10.99,576.12,B3,MORTGAGE,72000.0,Not Verified,2014-07-01,credit_card,17.27,1993-11-01,12.0,0.0,22617.0,47.1,40.0,f,INDIVIDUAL,4.0,0.0,0,6.0,0,20.7,0.244
28000.0,60,9.99,594.78,B3,MORTGAGE,70000.0,Source Verified,2015-08-01,debt_consolidation,8.23,1993-09-01,7.0,0.0,14688.0,32.6,23.0,w,INDIVIDUAL,4.0,0.0,0,5.0,0,21.9,0.4
19875.0,60,15.61,479.22,D1,RENT,132000.0,Source Verified,2015-08-01,debt_consolidation,9.27,1996-09-01,19.0,3.0,9827.0,54.3,26.0,w,INDIVIDUAL,0.0,1.0,0,5.0,0,18.9,0.151
4800.0,36,10.65,156.36,B2,MORTGAGE,72000.0,Source Verified,2011-09-01,credit_card,10.22,1990-11-01,12.0,1.0,6382.0,49.1,35.0,f,INDIVIDUAL,2.0,1.0,0,10.0,0,20.8,0.067
10000.0,36,19.99,371.59,E1,RENT,48000.0,Source Verified,2016-03-01,small_business,25.65,2005-10-01,11.0,0.0,6941.0,29.0,18.0,f,INDIVIDUAL,0.0,0.0,0,1.0,0,10.4,0.208
20000.0,36,14.65,689.89,C2,MORTGAGE,585000.0,Source Verified,2012-04-01,debt_consolidation,0.74,1997-11-01,5.0,0.0,9693.0,49.0,11.0,f,INDIVIDUAL,1.0,0.0,0,7.0,0,14.4,0.034
21000.0,36,8.9,666.82,A5,MORTGAGE,196000.0,Verified,2013-04-01,credit_card,9.61,1999-03-01,12.0,0.0,15579.0,37.8,36.0,f,INDIVIDUAL,3.0,0.0,0,6.0,0,14.1,0.107
5000.0,36,16.45,176.9,E1,RENT,43000.0,Verified,2010-09-01,major_purchase,13.51,2005-12-01,4.0,0.0,275.0,21.2,5.0,f,INDIVIDUAL,0.0,0.0,1,3.0,0,4.8,0.116
6500.0,36,9.99,209.71,B3,MORTGAGE,55000.0,Verified,2015-11-01,debt_consolidation,10.58,2003-07-01,9.0,0.0,5357.0,54.7,12.0,w,INDIVIDUAL,1.0,0.0,0,4.0,0,12.3,0.118
35000.0,36,15.61,1223.77,C3,OWN,114000.0,Verified,2013-12-01,other,11.64,1999-09-01,6.0,0.0,20516.0,84.1,23.0,f,INDIVIDUAL,0.0,0.0,0,10.0,0,14.3,0.307
9900.0,36,5.99,301.14,A2,MORTGAGE,90000.0,Not Verified,2011-06-01,debt_consolidation,21.87,1988-12-01,12.0,0.0,38887.0,56.5,28.0,f,INDIVIDUAL,2.0,0.0,0,4.0,0,22.5,0.11
11200.0,60,15.61,270.05,D1,RENT,40800.0,Source Verified,2015-08-01,credit_card,33.35,1999-11-01,13.0,0.0,17275.0,64.9,15.0,w,INDIVIDUAL,0.0,0.0,1,10.0,0,15.7,0.275
14000.0,36,15.61,489.51,C4,RENT,46652.0,Source Verified,2014-01-01,debt_consolidation,24.18,2001-12-01,8.0,0.0,21086.0,78.7,19.0,f,INDIVIDUAL,0.0,0.0,1,2.0,0,12.1,0.3
10000.0,36,13.67,340.18,B5,RENT,70000.0,Not Verified,2013-12-01,debt_consolidation,7.32,1998-09-01,6.0,0.0,4521.0,44.8,20.0,w,INDIVIDUAL,0.0,0.0,0,0.0,0,15.2,0.143
12500.0,60,13.99,290.79,C4,MORTGAGE,70000.0,Not Verified,2015-07-01,credit_card,12.52,1991-05-01,8.0,0.0,7459.0,76.1,28.0,w,INDIVIDUAL,5.0,0.0,0,10.0,0,24.2,0.179
18000.0,36,12.99,606.41,C2,MORTGAGE,48000.0,Not Verified,2015-02-01,credit_card,17.94,2003-05-01,13.0,0.0,18262.0,66.6,20.0,f,INDIVIDUAL,2.0,0.0,0,10.0,0,11.8,0.375
5000.0,36,14.33,171.7,C1,RENT,21000.0,Verified,2012-10-01,debt_consolidation,31.54,2008-10-01,10.0,0.0,5814.0,78.6,17.0,f,INDIVIDUAL,0.0,0.0,0,5.0,0,4.0,0.238
3000.0,36,15.8,105.18,C3,RENT,65000.0,Not Verified,2013-05-01,debt_consolidation,26.22,1993-03-01,23.0,0.0,24872.0,61.7,42.0,w,INDIVIDUAL,0.0,0.0,0,10.0,0,20.2,0.046
15000.0,36,7.88,469.22,A5,MORTGAGE,78000.0,Verified,2010-08-01,debt_consolidation,11.09,1993-09-01,7.0,0.0,40665.0,61.3,16.0,f,INDIVIDUAL,0.0,0.0,0,10.0,0,16.9,0.192
13000.0,36,12.12,432.54,B3,MORTGAGE,26000.0,Verified,2012-05-01,debt_consolidation,12.46,1999-12-01,5.0,0.0,13158.0,67.8,19.0,f,INDIVIDUAL,0.0,0.0,1,1.0,0,12.4,0.5
10000.0,36,13.11,337.47,B4,OWN,42000.0,Not Verified,2012-08-01,debt_consolidation,20.37,2004-01-01,8.0,0.0,4896.0,56.9,18.0,f,INDIVIDUAL,0.0,0.0,1,4.0,0,8.6,0.238
2000.0,36,19.99,74.32,D4,RENT,50000.0,Source Verified,2016-06-01,major_purchase,31.52,2004-06-01,11.0,0.0,5257.0,99.2,14.0,w,INDIVIDUAL,0.0,0.0,0,10.0,0,12.0,0.04
11000.0,36,11.44,362.43,B4,OWN,50000.0,Not Verified,2014-11-01,debt_consolidation,20.74,2003-05-01,14.0,0.0,10816.0,34.3,34.0,f,INDIVIDUAL,0.0,0.0,0,10.0,0,11.5,0.22
16000.0,60,26.57,484.47,F5,MORTGAGE,48000.0,Verified,2016-03-01,debt_consolidation,25.4,2000-10-01,16.0,0.0,10871.0,54.6,23.0,w,INDIVIDUAL,0.0,0.0,0,2.0,0,15.4,0.333
25000.0,60,13.35,475.28,C4,RENT,63600.0,Verified,2010-12-01,credit_card,12.74,2002-10-01,9.0,0.0,3843.0,58.4,19.0,f,INDIVIDUAL,1.0,0.0,0,4.0,0,8.2,0.393
5000.0,36,11.99,166.05,C1,OWN,22000.0,Verified,2016-02-01,debt_consolidation,13.42,1988-04-01,7.0,0.0,12077.0,74.5,14.0,w,INDIVIDUAL,0.0,0.0,0,6.0,1,27.8,0.227
30000.0,36,19.52,1107.59,D4,RENT,67200.0,Verified,2013-07-01,debt_consolidation,17.16,2003-10-01,5.0,0.0,25964.0,94.8,5.0,f,INDIVIDUAL,0.0,0.0,0,7.0,0,9.7,0.446
8000.0,36,8.39,252.14,A5,MORTGAGE,120000.0,Source Verified,2014-09-01,home_improvement,20.72,2001-01-01,5.0,0.0,0.0,0.0,22.0,f,INDIVIDUAL,2.0,0.0,0,9.0,0,13.7,0.067
15000.0,36,5.32,451.73,A1,MORTGAGE,57000.0,Not Verified,2015-07-01,credit_card,19.31,1999-11-01,5.0,0.0,10423.0,46.7,9.0,w,INDIVIDUAL,0.0,0.0,0,8.0,0,15.7,0.263
4000.0,36,14.98,138.63,C3,RENT,53000.0,Source Verified,2014-01-01,debt_consolidation,15.87,1995-02-01,8.0,1.0,4356.0,50.1,35.0,f,INDIVIDUAL,5.0,1.0,0,4.0,0,18.9,0.075
16475.0,60,18.25,420.61,E1,MORTGAGE,46000.0,Not Verified,2015-04-01,debt_consolidation,18.86,1999-09-01,12.0,0.0,15906.0,70.7,25.0,f,INDIVIDUAL,4.0,0.0,1,9.0,0,15.6,0.358
10000.0,36,15.58,349.51,D3,RENT,48000.0,Source Verified,2010-09-01,house,20.1,2003-08-01,8.0,1.0,3246.0,56.0,12.0,f,INDIVIDUAL,0.0,1.0,1,0.0,0,7.1,0.208
24000.0,36,6.89,739.85,A3,MORTGAGE,127000.0,Not Verified,2015-07-01,credit_card,8.52,1999-07-01,18.0,0.0,28448.0,24.3,39.0,w,INDIVIDUAL,5.0,0.0,0,3.0,0,16.0,0.189
7000.0,36,10.64,227.98,B2,MORTGAGE,33000.0,Not Verified,2013-07-01,credit_card,21.75,2006-09-01,14.0,0.0,8317.0,62.5,17.0,f,INDIVIDUAL,1.0,0.0,0,3.0,0,6.8,0.212
6625.0,36,21.0,249.6,E1,RENT,35000.0,Source Verified,2013-11-01,debt_consolidation,11.39,2006-03-01,6.0,0.0,3198.0,53.3,10.0,f,INDIVIDUAL,0.0,0.0,0,7.0,0,7.7,0.189
4000.0,36,13.65,136.04,C1,MORTGAGE,68000.0,Not Verified,2014-04-01,debt_consolidation,10.31,1995-12-01,9.0,1.0,1402.0,8.2,24.0,f,INDIVIDUAL,1.0,1.0,0,1.0,0,18.3,0.059
9600.0,36,14.91,332.37,D2,RENT,36000.0,Source Verified,2011-03-01,debt_consolidation,23.0,2002-02-01,7.0,0.0,13414.0,95.2,19.0,f,INDIVIDUAL,1.0,0.0,0,0.0,0,9.1,0.267
3000.0,36,10.99,98.21,B4,RENT,19200.0,Not Verified,2010-03-01,other,17.94,2006-10-01,14.0,0.0,566.0,12.9,14.0,f,INDIVIDUAL,0.0,0.0,0,0.0,0,3.4,0.156
15000.0,60,12.29,335.87,C1,MORTGAGE,54000.0,Not Verified,2015-07-01,debt_consolidation,8.16,1991-03-01,5.0,0.0,21156.0,41.8,22.0,w,INDIVIDUAL,5.0,0.0,0,10.0,0,24.3,0.278
10625.0,60,25.83,317.05,G2,RENT,60000.0,Verified,2014-02-01,small_business,15.34,1998-03-01,14.0,1.0,6969.0,44.1,41.0,f,INDIVIDUAL,7.0,1.0,0,0.0,0,15.9,0.177
7000.0,36,20.99,263.69,E4,MORTGAGE,55000.0,Source Verified,2014-08-01,home_improvement,18.35,2000-03-01,6.0,0.0,2956.0,75.8,18.0,f,INDIVIDUAL,6.0,0.0,0,1.0,0,14.4,0.127
20000.0,36,6.03,608.72,A1,MORTGAGE,110000.0,Not Verified,2014-04-01,credit_card,11.37,1986-03-01,12.0,0.0,19231.0,37.2,34.0,w,INDIVIDUAL,2.0,0.0,0,2.0,0,28.1,0.182
15000.0,36,18.25,544.17,D3,OWN,142000.0,Verified,2014-05-01,major_purchase,12.78,1985-10-01,14.0,0.0,17557.0,62.0,30.0,f,INDIVIDUAL,3.0,0.0,0,7.0,0,28.6,0.106
5000.0,36,11.58,165.07,B3,RENT,38000.0,Not Verified,2009-07-01,wedding,13.52,1996-11-01,4.0,0.0,323.0,1.8,9.0,f,INDIVIDUAL,0.0,0.0,0,0.0,0,12.7,0.132
15000.0,36,12.12,499.08,B3,MORTGAGE,62000.0,Verified,2013-06-01,debt_consolidation,15.72,1998-09-01,10.0,0.0,16638.0,90.9,16.0,f,INDIVIDUAL,2.0,0.0,0,10.0,0,14.7,0.242
35000.0,60,14.65,826.24,C5,RENT,89000.0,Verified,2015-03-01,debt_consolidation,20.98,1998-04-01,15.0,0.0,46460.0,76.0,27.0,w,INDIVIDUAL,0.0,0.0,0,10.0,0,16.9,0.393
32000.0,60,9.99,679.75,B3,OWN,81000.0,Verified,2015-03-01,other,19.7,1999-10-01,11.0,0.0,7319.0,11.6,22.0,w,INDIVIDUAL,4.0,0.0,0,1.0,0,15.4,0.395
24000.0,36,6.62,736.89,A2,RENT,141000.0,Verified,2013-05-01,debt_consolidation,24.35,1988-08-01,9.0,0.0,26529.0,42.2,28.0,f,INDIVIDUAL,0.0,0.0,0,8.0,0,24.7,0.17
12000.0,36,11.99,398.52,C1,RENT,50000.0,Verified,2015-12-01,debt_consolidation,18.96,1995-11-01,12.0,0.0,16892.0,72.2,21.0,f,INDIVIDUAL,0.0,0.0,1,10.0,0,20.1,0.24
3600.0,36,7.88,112.62,A5,MORTGAGE,81204.0,Not Verified,2010-08-01,other,13.77,1996-11-01,19.0,0.0,1739.0,7.9,29.0,f,INDIVIDUAL,2.0,0.0,0,6.0,0,13.7,0.044
24000.0,60,19.99,635.72,E3,MORTGAGE,115000.0,Verified,2015-01-01,debt_consolidation,23.53,2000-11-01,13.0,0.0,18572.0,79.7,25.0,w,INDIVIDUAL,2.0,0.0,1,9.0,0,14.2,0.209
16000.0,36,6.49,490.32,A2,MORTGAGE,200000.0,Source Verified,2014-09-01,credit_card,2.13,2006-01-01,4.0,0.0,20718.0,34.2,11.0,w,INDIVIDUAL,3.0,0.0,0,1.0,0,8.7,0.08
23000.0,60,15.59,554.32,D1,MORTGAGE,65000.0,Source Verified,2015-02-01,credit_card,14.73,2005-08-01,15.0,0.0,9232.0,81.0,32.0,w,INDIVIDUAL,3.0,0.0,0,0.0,0,9.5,0.354
15125.0,60,18.49,388.12,E2,RENT,45000.0,Source Verified,2015-12-01,debt_consolidation,27.84,2006-09-01,7.0,0.0,15751.0,70.6,11.0,w,INDIVIDUAL,0.0,0.0,0,1.0,0,9.2,0.336
12000.0,60,16.49,294.96,D3,MORTGAGE,57000.0,Not Verified,2011-07-01,debt_consolidation,15.54,1995-09-01,6.0,0.0,17710.0,75.7,18.0,f,INDIVIDUAL,1.0,0.0,0,10.0,0,15.8,0.211
35000.0,60,18.84,904.85,E2,MORTGAGE,180000.0,Verified,2015-04-01,debt_consolidation,12.63,2000-06-01,17.0,0.0,25581.0,61.6,38.0,w,INDIVIDUAL,4.0,0.0,0,9.0,0,14.8,0.194
13450.0,36,17.86,485.31,D5,MORTGAGE,40000.0,Verified,2015-06-01,debt_consolidation,21.45,1993-10-01,15.0,1.0,9837.0,46.2,40.0,f,INDIVIDUAL,3.0,1.0,1,7.0,0,21.7,0.336
7900.0,36,13.68,268.78,C1,RENT,58000.0,Not Verified,2013-07-01,debt_consolidation,21.74,2004-02-01,18.0,0.0,11619.0,42.6,26.0,f,INDIVIDUAL,0.0,0.0,0,7.0,0,9.4,0.136
7350.0,36,25.83,295.48,G2,RENT,14869.8,Verified,2015-01-01,house,22.52,2003-02-01,5.0,0.0,3960.0,94.3,12.0,f,INDIVIDUAL,0.0,0.0,1,6.0,1,11.9,0.494
10800.0,36,16.55,382.64,D2,RENT,36000.0,Verified,2015-07-01,debt_consolidation,10.15,2005-01-01,8.0,0.0,11520.0,67.8,13.0,w,INDIVIDUAL,0.0,0.0,0,4.0,0,10.5,0.3
10125.0,36,17.77,364.88,D1,RENT,90000.0,Not Verified,2012-07-01,debt_consolidation,4.64,1991-03-01,5.0,0.0,10142.0,76.8,8.0,f,INDIVIDUAL,2.0,0.0,0,5.0,0,21.3,0.112
35000.0,36,7.99,1096.62,A4,MORTGAGE,100000.0,Source Verified,2016-07-01,credit_card,10.25,1992-01-01,17.0,0.0,33388.0,22.3,34.0,w,INDIVIDUAL,2.0,0.0,0,10.0,0,24.5,0.35
17000.0,36,21.98,649.07,E4,RENT,44000.0,Verified,2013-05-01,vacation,11.66,2000-12-01,9.0,1.0,12864.0,78.4,22.0,f,INDIVIDUAL,0.0,0.0,0,5.0,0,12.4,0.386
2300.0,36,12.12,76.53,B3,MORTGAGE,123000.0,Not Verified,2013-05-01,major_purchase,16.74,1996-05-01,13.0,0.0,3139.0,89.7,24.0,f,INDIVIDUAL,4.0,0.0,0,10.0,0,17.0,0.019
10375.0,60,20.2,276.03,E3,MORTGAGE,45000.0,Source Verified,2014-07-01,debt_consolidation,12.99,2003-09-01,10.0,1.0,4087.0,57.6,16.0,w,INDIVIDUAL,2.0,1.0,0,10.0,0,10.8,0.231
11200.0,60,16.24,273.8,C5,OWN,34560.0,Verified,2014-01-01,credit_card,29.76,1998-09-01,5.0,0.0,12373.0,76.4,9.0,f,INDIVIDUAL,0.0,0.0,1,1.0,0,15.3,0.324
1800.0,36,17.57,64.69,D4,MORTGAGE,45000.0,Verified,2014-10-01,debt_consolidation,28.24,1999-11-01,10.0,1.0,2557.0,30.8,28.0,f,INDIVIDUAL,1.0,1.0,1,10.0,0,14.9,0.04
5000.0,36,13.49,169.66,C2,RENT,84000.0,Verified,2016-08-01,other,19.36,1998-09-01,16.0,0.0,7122.0,33.6,40.0,w,INDIVIDUAL,2.0,0.0,0,5.0,0,17.9,0.06
8875.0,36,13.98,303.25,C3,MORTGAGE,34500.0,Verified,2014-06-01,debt_consolidation,25.81,1999-09-01,8.0,0.0,6559.0,36.0,27.0,w,INDIVIDUAL,10.0,0.0,1,6.0,1,14.7,0.257
20000.0,60,19.24,521.46,E2,MORTGAGE,85000.0,Source Verified,2015-01-01,debt_consolidation,18.69,1984-12-01,15.0,1.0,15177.0,54.8,39.0,w,INDIVIDUAL,8.0,0.0,0,6.0,0,30.1,0.235
20000.0,36,8.9,635.07,A5,MORTGAGE,60000.0,Source Verified,2014-01-01,debt_consolidation,21.6,1993-12-01,11.0,0.0,25164.0,79.1,33.0,w,INDIVIDUAL,2.0,0.0,0,10.0,0,20.1,0.333
10000.0,36,8.9,317.54,A5,OWN,30000.0,Verified,2013-12-01,debt_consolidation,21.68,1994-03-01,12.0,0.0,10800.0,35.1,21.0,f,INDIVIDUAL,0.0,0.0,0,6.0,1,19.8,0.333
5000.0,36,6.99,154.37,A3,MORTGAGE,70000.0,Verified,2016-01-01,debt_consolidation,1.27,2007-02-01,4.0,0.0,5786.0,23.1,12.0,w,INDIVIDUAL,2.0,0.0,0,2.0,0,8.9,0.071
18000.0,36,9.17,573.83,B1,MORTGAGE,72000.0,Not Verified,2014-07-01,debt_consolidation,23.57,1977-11-01,16.0,0.0,28076.0,46.0,20.0,w,INDIVIDUAL,0.0,0.0,0,3.0,0,36.7,0.25
18000.0,36,6.68,553.16,A3,MORTGAGE,140000.0,Not Verified,2015-02-01,credit_card,5.85,1997-12-01,9.0,0.0,31692.0,54.5,20.0,f,INDIVIDUAL,2.0,0.0,0,10.0,0,17.2,0.129
24000.0,60,20.5,642.55,E2,MORTGAGE,70600.0,Verified,2012-03-01,debt_consolidation,16.3,1996-12-01,12.0,1.0,17500.0,62.1,23.0,f,INDIVIDUAL,1.0,1.0,1,7.0,0,15.2,0.34
8000.0,36,15.99,281.22,C5,MORTGAGE,56465.0,Not Verified,2016-11-01,debt_consolidation,29.84,2001-08-01,7.0,1.0,6988.0,87.3,27.0,w,INDIVIDUAL,3.0,1.0,0,10.0,0,15.3,0.142
15000.0,36,17.1,535.54,C5,MORTGAGE,90000.0,Source Verified,2013-12-01,debt_consolidation,19.84,2005-07-01,7.0,0.0,10544.0,98.5,11.0,w,INDIVIDUAL,1.0,0.0,0,10.0,0,8.4,0.167
6000.0,36,11.67,198.35,B4,MORTGAGE,50430.0,Source Verified,2014-05-01,credit_card,10.92,1994-09-01,7.0,1.0,5820.0,63.0,10.0,w,INDIVIDUAL,1.0,1.0,0,6.0,0,19.7,0.119
7000.0,36,18.25,253.95,D2,MORTGAGE,75000.0,Not Verified,2013-08-01,other,20.83,2003-11-01,15.0,0.0,16862.0,59.7,49.0,f,INDIVIDUAL,2.0,0.0,0,0.0,0,9.7,0.093
3000.0,36,10.16,97.03,B1,RENT,45000.0,Not Verified,2013-05-01,home_improvement,21.12,2006-11-01,8.0,0.0,5656.0,34.5,15.0,w,INDIVIDUAL,0.0,0.0,0,10.0,0,6.5,0.067
12375.0,36,10.15,400.18,B2,RENT,95519.0,Not Verified,2014-08-01,debt_consolidation,3.77,1995-04-01,11.0,0.0,6677.0,26.9,29.0,f,INDIVIDUAL,0.0,0.0,0,10.0,0,19.3,0.13
15000.0,36,11.99,498.15,B3,MORTGAGE,76165.0,Source Verified,2014-01-01,credit_card,12.35,1982-07-01,16.0,1.0,11606.0,54.4,53.0,f,INDIVIDUAL,4.0,1.0,0,6.0,1,31.5,0.197
8000.0,36,13.35,270.91,C2,RENT,72000.0,Verified,2014-09-01,credit_card,34.72,1998-10-01,14.0,0.0,2497.0,9.5,36.0,f,INDIVIDUAL,2.0,0.0,1,10.0,0,15.9,0.111
2500.0,36,5.99,76.05,A2,MORTGAGE,81000.0,Not Verified,2011-06-01,other,15.44,1997-01-01,11.0,0.0,17494.0,34.3,31.0,f,INDIVIDUAL,2.0,0.0,0,6.0,0,14.4,0.031
20125.0,60,15.99,489.3,D2,MORTGAGE,93000.0,Source Verified,2014-11-01,debt_consolidation,27.32,1980-12-01,23.0,0.0,40834.0,54.4,56.0,w,INDIVIDUAL,7.0,0.0,0,1.0,0,33.9,0.216
28000.0,36,10.64,911.92,B2,OWN,97100.0,Verified,2013-07-01,credit_card,9.2,1994-04-01,7.0,0.0,29013.0,62.3,28.0,f,INDIVIDUAL,0.0,0.0,0,10.0,0,19.2,0.288
30000.0,60,12.39,673.27,C1,MORTGAGE,130000.0,Verified,2015-02-01,credit_card,30.42,1983-12-01,33.0,0.0,30126.0,54.9,85.0,w,INDIVIDUAL,9.0,0.0,1,0.0,0,31.2,0.231
8300.0,36,12.39,277.23,C1,RENT,56227.0,Source Verified,2014-11-01,debt_consolidation,11.46,2001-08-01,7.0,0.0,7872.0,65.6,11.0,w,INDIVIDUAL,0.0,0.0,0,6.0,1,13.3,0.148
12500.0,60,16.29,305.91,D2,RENT,52000.0,Not Verified,2014-09-01,debt_consolidation,21.74,2001-02-01,8.0,0.0,29602.0,82.9,24.0,f,INDIVIDUAL,0.0,0.0,0,2.0,0,13.6,0.24
30000.0,36,13.68,1020.68,C1,RENT,106000.0,Source Verified,2013-09-01,debt_consolidation,14.99,1998-04-01,13.0,0.0,31735.0,79.3,30.0,f,INDIVIDUAL,0.0,0.0,0,7.0,0,15.4,0.283
7550.0,36,7.62,235.27,A3,MORTGAGE,48000.0,Not Verified,2013-05-01,car,16.24,2001-10-01,5.0,0.0,2384.0,33.6,11.0,w,INDIVIDUAL,2.0,0.0,0,4.0,0,11.6,0.157
4800.0,36,11.99,159.41,B5,MORTGAGE,80000.0,Not Verified,2014-11-01,car,13.58,2005-04-01,7.0,1.0,17792.0,88.5,12.0,f,INDIVIDUAL,0.0,0.0,0,10.0,0,9.6,0.06
10000.0,36,8.19,314.25,A5,MORTGAGE,108400.0,Source Verified,2014-11-01,credit_card,8.74,2008-09-01,11.0,0.0,14570.0,69.4,15.0,w,INDIVIDUAL,1.0,0.0,0,10.0,0,6.2,0.092
1500.0,36,8.9,47.63,A5,MORTGAGE,54500.0,Source Verified,2012-05-01,vacation,20.98,1983-01-01,11.0,0.0,7002.0,32.9,28.0,f,INDIVIDUAL,3.0,0.0,0,10.0,0,29.3,0.028
11600.0,60,12.99,263.88,C1,OWN,32400.0,Verified,2011-06-01,major_purchase,7.04,2004-02-01,8.0,0.0,7727.0,27.4,21.0,f,INDIVIDUAL,1.0,0.0,0,9.0,0,7.3,0.358
10175.0,36,15.88,357.13,C4,RENT,46000.0,Verified,2013-09-01,debt_consolidation,17.11,2003-09-01,8.0,0.0,10171.0,96.0,8.0,f,INDIVIDUAL,0.0,0.0,0,10.0,0,10.0,0.221
7000.0,36,14.65,241.46,C5,MORTGAGE,78000.0,Source Verified,2015-07-01,medical,21.23,1995-01-01,12.0,0.0,5377.0,23.1,19.0,f,INDIVIDUAL,2.0,0.0,1,4.0,0,20.5,0.09
6000.0,36,16.55,212.58,D2,MORTGAGE,55000.0,Source Verified,2015-03-01,debt_consolidation,15.56,2004-06-01,26.0,1.0,10884.0,45.9,34.0,f,INDIVIDUAL,1.0,0.0,0,10.0,0,10.7,0.109
3000.0,36,18.55,109.29,D4,MORTGAGE,45000.0,Source Verified,2012-03-01,other,0.67,1998-11-01,3.0,0.0,477.0,95.4,13.0,f,INDIVIDUAL,0.0,0.0,0,10.0,0,13.3,0.067
3000.0,36,7.9,93.88,A4,MORTGAGE,75000.0,Source Verified,2011-09-01,credit_card,9.09,2000-07-01,8.0,0.0,3166.0,17.5,30.0,f,INDIVIDUAL,2.0,0.0,0,3.0,0,11.2,0.04
9000.0,36,10.99,294.61,B2,RENT,50000.0,Not Verified,2014-01-01,debt_consolidation,16.32,1989-10-01,9.0,0.0,12105.0,56.3,17.0,f,INDIVIDUAL,0.0,0.0,0,9.0,0,24.3,0.18
7800.0,36,9.71,250.63,B1,RENT,33000.0,Verified,2013-07-01,debt_consolidation,20.23,2001-07-01,7.0,1.0,7606.0,32.6,16.0,f,INDIVIDUAL,0.0,1.0,1,10.0,0,12.0,0.236
15000.0,36,15.88,526.47,C4,MORTGAGE,115000.0,Not Verified,2013-09-01,credit_card,13.24,2004-05-01,10.0,0.0,7777.0,81.0,17.0,f,INDIVIDUAL,1.0,0.0,0,10.0,0,9.3,0.13
35000.0,36,18.25,1269.73,E1,MORTGAGE,170000.0,Verified,2015-03-01,debt_consolidation,14.69,2001-05-01,16.0,1.0,19393.0,51.2,48.0,w,INDIVIDUAL,5.0,1.0,0,4.0,0,13.8,0.206
21000.0,36,11.67,694.2,B4,MORTGAGE,124000.0,Source Verified,2014-09-01,credit_card,25.76,1989-05-01,14.0,0.0,43820.0,65.1,35.0,w,INDIVIDUAL,3.0,0.0,1,10.0,0,25.3,0.169
5250.0,36,16.99,187.16,D3,MORTGAGE,40000.0,Not Verified,2014-05-01,credit_card,31.08,2005-01-01,10.0,0.0,21051.0,88.5,18.0,f,INDIVIDUAL,1.0,0.0,1,2.0,0,9.3,0.131
22500.0,36,13.33,761.7,C3,MORTGAGE,200000.0,Verified,2015-10-01,debt_consolidation,9.43,2001-04-01,6.0,0.0,28062.0,100.2,14.0,w,INDIVIDUAL,2.0,0.0,0,10.0,0,14.5,0.112
11325.0,60,24.08,326.33,F2,RENT,43500.0,Source Verified,2014-05-01,debt_consolidation,24.63,1996-01-01,10.0,0.0,9721.0,54.9,11.0,f,INDIVIDUAL,0.0,0.0,1,2.0,0,18.3,0.26
6050.0,36,13.99,206.75,C4,RENT,32000.0,Source Verified,2015-10-01,debt_consolidation,19.54,2005-09-01,9.0,0.0,4252.0,94.5,14.0,w,INDIVIDUAL,0.0,0.0,0,0.0,0,10.1,0.189
21000.0,36,12.35,701.02,B4,MORTGAGE,112000.0,Verified,2013-09-01,credit_card,18.5,1990-08-01,11.0,0.0,47691.0,70.9,32.0,w,INDIVIDUAL,3.0,0.0,0,10.0,0,23.1,0.188
8000.0,36,18.75,292.24,D3,MORTGAGE,41600.0,Not Verified,2012-08-01,debt_consolidation,15.06,2004-06-01,5.0,0.0,9639.0,90.1,10.0,f,INDIVIDUAL,1.0,0.0,0,10.0,0,8.2,0.192
18000.0,60,20.8,484.94,E1,MORTGAGE,40000.0,Verified,2013-08-01,debt_consolidation,29.79,2004-12-01,11.0,0.0,6697.0,85.9,17.0,f,INDIVIDUAL,1.0,0.0,1,9.0,0,8.7,0.45
15000.0,36,6.03,456.54,A1,MORTGAGE,116000.0,Not Verified,2012-12-01,debt_consolidation,12.12,1986-02-01,8.0,0.0,11538.0,20.2,27.0,w,INDIVIDUAL,4.0,0.0,0,10.0,0,26.8,0.129
25000.0,60,18.64,643.58,E1,RENT,60000.0,Source Verified,2012-01-01,debt_consolidation,20.48,1999-01-01,6.0,0.0,10887.0,90.7,8.0,f,INDIVIDUAL,0.0,0.0,1,10.0,0,13.0,0.417
13000.0,36,17.77,468.49,D1,RENT,54000.0,Source Verified,2013-01-01,credit_card,20.22,2006-10-01,14.0,0.0,13565.0,66.3,22.0,f,INDIVIDUAL,0.0,0.0,0,2.0,0,6.3,0.241
7000.0,36,14.33,240.37,C1,MORTGAGE,36600.0,Not Verified,2013-06-01,debt_consolidation,25.67,1988-01-01,7.0,0.0,29866.0,86.8,17.0,f,INDIVIDUAL,1.0,0.0,0,10.0,0,25.4,0.191
10600.0,36,12.99,357.11,C1,RENT,65600.0,Not Verified,2011-07-01,credit_card,19.87,1998-05-01,8.0,0.0,39582.0,94.5,18.0,f,INDIVIDUAL,1.0,0.0,0,4.0,0,13.2,0.162
14000.0,36,8.18,439.88,B1,MORTGAGE,110000.0,Not Verified,2015-09-01,debt_consolidation,20.13,2002-06-01,14.0,0.0,738.0,1.3,42.0,w,INDIVIDUAL,2.0,0.0,0,0.0,0,13.3,0.127
4000.0,36,14.64,137.96,C3,MORTGAGE,57770.0,Not Verified,2014-02-01,credit_card,13.67,1991-08-01,6.0,0.0,11147.0,98.6,17.0,f,INDIVIDUAL,1.0,0.0,0,2.0,0,22.5,0.069
25000.0,60,12.74,565.51,C1,OWN,200000.0,Verified,2016-12-01,debt_consolidation,21.59,1992-02-01,10.0,0.0,4827.0,7.5,15.0,w,INDIVIDUAL,1.0,0.0,0,2.0,0,24.8,0.125
11075.0,36,17.57,398.01,D4,MORTGAGE,48000.0,Source Verified,2015-02-01,debt_consolidation,14.6,1999-05-01,9.0,1.0,5298.0,73.6,13.0,w,INDIVIDUAL,2.0,1.0,1,7.0,0,15.8,0.231
3625.0,36,12.35,121.01,B4,MORTGAGE,18000.0,Verified,2013-08-01,credit_card,11.27,1998-10-01,6.0,1.0,5282.0,34.7,10.0,f,INDIVIDUAL,0.0,1.0,0,6.0,1,14.8,0.201
22400.0,36,6.39,685.42,A2,MORTGAGE,182000.0,Source Verified,2015-05-01,credit_card,14.7,1999-09-01,18.0,0.0,20430.0,77.1,44.0,w,INDIVIDUAL,1.0,0.0,0,6.0,0,15.7,0.123
11200.0,60,18.92,290.05,D4,MORTGAGE,45000.0,Source Verified,2014-05-01,debt_consolidation,22.48,2000-06-01,8.0,0.0,1409.0,28.8,35.0,f,INDIVIDUAL,0.0,0.0,1,6.0,0,13.9,0.249
6000.0,36,8.18,188.52,B1,MORTGAGE,72000.0,Not Verified,2015-07-01,house,17.83,1995-06-01,13.0,0.0,9694.0,23.6,32.0,w,INDIVIDUAL,2.0,0.0,0,0.0,0,20.1,0.083
6000.0,36,15.31,208.91,C3,MORTGAGE,65000.0,Verified,2012-03-01,debt_consolidation,15.38,2003-06-01,8.0,0.0,7601.0,70.5,14.0,f,INDIVIDUAL,0.0,0.0,0,10.0,0,8.8,0.092
8750.0,36,8.9,277.85,A5,MORTGAGE,55000.0,Not Verified,2013-04-01,credit_card,13.57,1998-06-01,19.0,0.0,41917.0,44.3,52.0,f,INDIVIDUAL,3.0,0.0,0,10.0,0,14.8,0.159
4975.0,36,6.68,152.89,A3,MORTGAGE,33851.0,Source Verified,2015-05-01,debt_consolidation,19.61,2007-07-01,16.0,0.0,286.0,1.3,31.0,w,INDIVIDUAL,1.0,0.0,0,3.0,0,7.8,0.147
6700.0,36,13.05,225.92,B5,OWN,24000.0,Verified,2013-08-01,debt_consolidation,10.4,1987-07-01,10.0,1.0,4053.0,57.9,29.0,w,INDIVIDUAL,0.0,1.0,1,3.0,0,26.1,0.279
12000.0,36,14.09,410.66,B5,RENT,90000.0,Not Verified,2012-11-01,debt_consolidation,18.33,2005-12-01,12.0,0.0,18428.0,46.8,18.0,f,INDIVIDUAL,0.0,0.0,0,0.0,0,6.9,0.133
7200.0,60,6.54,141.02,A4,MORTGAGE,72000.0,Not Verified,2010-11-01,debt_consolidation,17.87,1994-02-01,21.0,0.0,3662.0,3.9,59.0,f,INDIVIDUAL,3.0,0.0,0,10.0,0,16.7,0.1
18450.0,36,10.15,596.63,B2,MORTGAGE,42000.0,Source Verified,2014-08-01,debt_consolidation,22.83,2004-10-01,12.0,0.0,4559.0,34.8,22.0,f,INDIVIDUAL,0.0,0.0,1,4.0,0,9.8,0.439
9000.0,36,5.32,271.04,A1,MORTGAGE,60000.0,Not Verified,2015-06-01,debt_consolidation,13.26,2005-06-01,13.0,0.0,615.0,2.3,30.0,w,INDIVIDUAL,1.0,0.0,0,8.0,0,10.0,0.15
12000.0,36,16.78,426.52,C5,RENT,50000.0,Not Verified,2013-09-01,credit_card,15.46,2002-01-01,10.0,0.0,14179.0,90.3,23.0,f,INDIVIDUAL,0.0,0.0,0,3.0,0,11.7,0.24
10000.0,36,15.8,350.59,C3,MORTGAGE,55000.0,Source Verified,2012-11-01,debt_consolidation,13.57,1987-09-01,16.0,0.0,24989.0,73.5,40.0,f,INDIVIDUAL,1.0,0.0,0,10.0,0,25.2,0.182
20000.0,36,12.69,670.9,C2,RENT,425000.0,Verified,2015-02-01,debt_consolidation,3.89,2005-12-01,24.0,5.0,23251.0,57.6,29.0,w,INDIVIDUAL,0.0,1.0,0,5.0,0,9.2,0.047
9000.0,36,10.49,292.48,B3,RENT,54600.0,Not Verified,2015-01-01,debt_consolidation,21.96,2002-09-01,16.0,0.0,5313.0,12.5,37.0,f,INDIVIDUAL,0.0,0.0,0,3.0,0,12.3,0.165
18225.0,36,14.47,627.06,C2,MORTGAGE,65000.0,Not Verified,2014-01-01,debt_consolidation,6.37,1994-09-01,6.0,0.0,3765.0,68.0,13.0,f,INDIVIDUAL,2.0,0.0,0,10.0,0,19.3,0.28
35000.0,36,15.61,1223.77,C4,MORTGAGE,80000.0,Verified,2014-01-01,debt_consolidation,12.65,1994-05-01,12.0,0.0,34308.0,52.4,23.0,f,INDIVIDUAL,5.0,0.0,1,10.0,0,19.7,0.438
5000.0,36,9.17,159.4,B2,MORTGAGE,45000.0,Not Verified,2015-10-01,home_improvement,18.45,1995-06-01,11.0,1.0,11696.0,85.0,27.0,w,INDIVIDUAL,4.0,1.0,0,10.0,0,20.3,0.111
2975.0,36,17.86,107.35,D5,RENT,51500.0,Verified,2015-03-01,debt_consolidation,28.34,2004-11-01,6.0,1.0,929.0,74.0,10.0,f,INDIVIDUAL,2.0,1.0,0,1.0,0,10.3,0.058
12000.0,36,10.99,392.81,B4,MORTGAGE,79000.0,Source Verified,2015-05-01,debt_consolidation,21.22,1990-04-01,13.0,0.0,5604.0,12.8,29.0,w,INDIVIDUAL,4.0,0.0,0,10.0,0,25.1,0.152
15000.0,36,9.71,481.97,B1,MORTGAGE,45000.0,Verified,2013-09-01,credit_card,7.07,1991-08-01,5.0,0.0,8618.0,84.5,12.0,f,INDIVIDUAL,3.0,0.0,0,6.0,1,22.1,0.333
6250.0,36,10.99,204.6,B4,RENT,29000.0,Not Verified,2010-01-01,debt_consolidation,23.88,2004-10-01,6.0,0.0,5583.0,58.8,9.0,f,INDIVIDUAL,0.0,0.0,0,0.0,0,5.3,0.216
5600.0,36,9.67,179.83,B1,MORTGAGE,69000.0,Not Verified,2014-03-01,debt_consolidation,8.2,2003-11-01,12.0,0.0,7803.0,47.3,15.0,f,INDIVIDUAL,1.0,0.0,0,6.0,0,10.3,0.081
13000.0,36,11.44,428.32,B4,MORTGAGE,86000.0,Not Verified,2014-11-01,debt_consolidation,21.32,2001-08-01,5.0,0.0,1877.0,98.8,18.0,f,INDIVIDUAL,1.0,0.0,0,5.0,0,13.3,0.151
24500.0,36,6.03,745.68,A1,MORTGAGE,80000.0,Source Verified,2014-07-01,debt_consolidation,14.52,2003-02-01,14.0,0.0,16579.0,20.4,18.0,w,INDIVIDUAL,2.0,0.0,0,2.0,0,11.4,0.306
10000.0,60,16.2,244.25,C4,RENT,38000.0,Source Verified,2013-10-01,debt_consolidation,28.42,2002-10-01,11.0,0.0,9348.0,60.7,24.0,f,INDIVIDUAL,0.0,0.0,0,6.0,0,11.0,0.263
18000.0,60,14.16,420.33,C2,MORTGAGE,125000.0,Verified,2014-04-01,home_improvement,10.2,2003-05-01,7.0,0.0,9201.0,53.2,8.0,f,INDIVIDUAL,1.0,0.0,0,10.0,0,10.9,0.144
24000.0,36,10.99,785.65,B4,RENT,155000.0,Not Verified,2010-03-01,credit_card,23.19,1990-08-01,20.0,0.0,77527.0,43.9,47.0,f,INDIVIDUAL,3.0,0.0,0,7.0,0,19.6,0.155
15000.0,36,10.99,491.01,B3,RENT,77000.0,Source Verified,2014-08-01,debt_consolidation,20.57,1994-01-01,13.0,0.0,6741.0,75.7,23.0,w,INDIVIDUAL,0.0,0.0,0,7.0,0,20.6,0.195
8000.0,36,18.24,290.19,D5,RENT,36915.0,Source Verified,2014-07-01,credit_card,13.07,1998-04-01,18.0,0.0,2799.0,4.9,33.0,f,INDIVIDUAL,0.0,0.0,1,10.0,0,16.2,0.217
8875.0,36,7.9,277.71,A4,MORTGAGE,45000.0,Not Verified,2012-03-01,debt_consolidation,9.85,2001-08-01,9.0,0.0,17812.0,90.0,32.0,f,INDIVIDUAL,2.0,0.0,0,1.0,0,10.6,0.197
18450.0,60,24.5,536.14,F3,MORTGAGE,70000.0,Source Verified,2014-03-01,home_improvement,17.45,1986-06-01,14.0,0.0,2940.0,35.0,58.0,w,INDIVIDUAL,2.0,0.0,1,2.0,0,27.7,0.264
7200.0,36,10.99,235.69,B3,RENT,40000.0,Source Verified,2014-09-01,debt_consolidation,6.66,1984-02-01,5.0,1.0,8253.0,31.5,8.0,w,INDIVIDUAL,0.0,1.0,0,0.0,0,30.6,0.18
2400.0,36,7.89,75.09,A5,MORTGAGE,45000.0,Source Verified,2015-08-01,credit_card,12.29,2002-07-01,18.0,0.0,4483.0,33.0,49.0,f,INDIVIDUAL,4.0,0.0,0,3.0,0,13.1,0.053
13600.0,36,8.67,430.4,B1,RENT,35000.0,Source Verified,2015-01-01,credit_card,10.32,1977-03-01,6.0,1.0,11618.0,43.2,11.0,f,INDIVIDUAL,2.0,1.0,0,4.0,0,37.8,0.389
3500.0,36,14.84,121.06,D1,MORTGAGE,96000.0,Verified,2010-10-01,medical,20.4,1998-06-01,7.0,0.0,13537.0,75.6,31.0,f,INDIVIDUAL,2.0,0.0,1,10.0,0,12.3,0.036
28000.0,36,12.99,943.3,C1,MORTGAGE,94000.0,Source Verified,2014-09-01,credit_card,28.84,1994-11-01,27.0,0.0,43634.0,88.3,48.0,f,INDIVIDUAL,1.0,0.0,1,2.0,0,19.8,0.298
2500.0,36,16.29,88.26,C5,RENT,68712.0,Not Verified,2012-05-01,other,16.83,1996-04-01,8.0,0.0,788.0,39.4,20.0,f,INDIVIDUAL,0.0,0.0,0,10.0,0,16.1,0.036
20000.0,36,10.99,654.68,B2,OWN,72000.0,Source Verified,2014-02-01,debt_consolidation,10.9,2002-11-01,14.0,0.0,13412.0,45.9,32.0,w,INDIVIDUAL,2.0,0.0,0,4.0,0,11.3,0.278
16000.0,36,9.71,514.1,B1,OWN,78000.0,Not Verified,2013-07-01,credit_card,7.83,1997-08-01,12.0,0.0,16573.0,40.8,33.0,f,INDIVIDUAL,5.0,0.0,0,3.0,0,15.9,0.205
25000.0,60,10.75,540.45,B4,MORTGAGE,159931.0,Source Verified,2016-03-01,debt_consolidation,7.5,1998-08-01,10.0,0.0,31248.0,61.6,19.0,w,INDIVIDUAL,6.0,0.0,0,5.0,0,17.6,0.156
25000.0,60,15.61,602.79,C4,RENT,112000.0,Verified,2014-01-01,debt_consolidation,6.2,1962-01-01,5.0,0.0,25735.0,71.1,11.0,f,INDIVIDUAL,0.0,0.0,0,0.0,0,52.0,0.223
28000.0,36,7.9,876.13,A4,MORTGAGE,240000.0,Source Verified,2013-01-01,credit_card,8.26,1999-10-01,16.0,0.0,30695.0,69.2,44.0,w,INDIVIDUAL,3.0,0.0,0,9.0,0,13.3,0.117
17575.0,36,12.99,592.09,C2,MORTGAGE,90000.0,Source Verified,2015-02-01,credit_card,25.17,2003-01-01,19.0,1.0,4031.0,30.1,44.0,f,INDIVIDUAL,6.0,1.0,0,7.0,0,12.1,0.195
20000.0,60,17.86,506.35,D5,MORTGAGE,45000.0,Verified,2015-11-01,debt_consolidation,27.92,2002-05-01,8.0,0.0,29033.0,67.8,19.0,w,INDIVIDUAL,4.0,0.0,1,6.0,1,13.5,0.444
12000.0,36,14.09,410.66,B5,MORTGAGE,75000.0,Not Verified,2012-10-01,credit_card,26.18,2000-12-01,17.0,0.0,25125.0,71.5,31.0,f,INDIVIDUAL,2.0,0.0,0,7.0,0,11.8,0.16
29450.0,60,23.43,837.51,F1,MORTGAGE,67000.0,Source Verified,2014-08-01,debt_consolidation,26.22,2003-08-01,15.0,0.0,33688.0,45.8,36.0,f,INDIVIDUAL,6.0,0.0,1,3.0,0,11.0,0.44
16000.0,36,14.98,554.49,C3,MORTGAGE,85017.59,Not Verified,2014-02-01,debt_consolidation,29.56,1995-12-01,14.0,0.0,16157.0,93.4,34.0,w,INDIVIDUAL,3.0,0.0,0,3.0,0,18.2,0.188
25000.0,60,24.99,733.64,F4,MORTGAGE,70000.0,Source Verified,2014-01-01,debt_consolidation,18.96,2006-03-01,17.0,0.0,28387.0,78.9,28.0,f,INDIVIDUAL,2.0,0.0,0,7.0,0,7.8,0.357
6000.0,60,16.82,148.54,E2,MORTGAGE,27600.0,Not Verified,2010-10-01,debt_consolidation,13.87,2006-06-01,4.0,0.0,5610.0,90.5,8.0,f,INDIVIDUAL,0.0,0.0,0,2.0,0,4.3,0.217
13400.0,60,22.7,375.45,E5,RENT,38200.0,Verified,2013-08-01,debt_consolidation,23.97,2000-01-01,9.0,0.0,18214.0,97.9,23.0,f,INDIVIDUAL,0.0,0.0,0,10.0,0,13.6,0.351
10000.0,36,9.99,322.63,B3,MORTGAGE,45000.0,Source Verified,2015-07-01,home_improvement,18.83,1988-10-01,10.0,1.0,10306.0,69.6,33.0,w,INDIVIDUAL,1.0,1.0,1,9.0,0,26.7,0.222
21000.0,60,13.99,488.53,C4,RENT,65000.0,Source Verified,2015-10-01,credit_card,28.99,2007-09-01,15.0,0.0,25078.0,72.9,22.0,w,INDIVIDUAL,0.0,0.0,1,1.0,0,8.1,0.323
21200.0,60,9.99,450.34,B1,MORTGAGE,60000.0,Verified,2013-10-01,credit_card,29.74,1988-02-01,11.0,0.0,20657.0,57.9,30.0,w,INDIVIDUAL,2.0,0.0,0,6.0,1,25.7,0.353
16825.0,60,23.1,475.28,E4,RENT,55000.0,Source Verified,2013-09-01,debt_consolidation,21.67,2005-03-01,16.0,0.0,24340.0,62.7,23.0,w,INDIVIDUAL,0.0,0.0,1,0.0,0,8.5,0.306
11500.0,36,11.67,380.16,B4,RENT,70000.0,Source Verified,2014-06-01,credit_card,21.86,2005-07-01,8.0,0.0,9139.0,70.3,12.0,w,INDIVIDUAL,0.0,0.0,1,2.0,0,8.9,0.164
10000.0,36,9.67,321.13,B1,MORTGAGE,50000.0,Not Verified,2014-01-01,debt_consolidation,9.55,2004-03-01,14.0,0.0,13082.0,47.1,37.0,w,INDIVIDUAL,2.0,0.0,0,0.0,0,9.8,0.2
5550.0,36,8.9,176.24,A5,MORTGAGE,90000.0,Source Verified,2013-04-01,debt_consolidation,7.99,2006-12-01,14.0,0.0,35269.0,44.8,17.0,f,INDIVIDUAL,2.0,0.0,0,2.0,0,6.3,0.062
5000.0,36,20.99,188.35,E1,RENT,39000.0,Source Verified,2016-05-01,other,8.68,1989-10-01,6.0,1.0,816.0,20.9,13.0,f,INDIVIDUAL,0.0,1.0,0,10.0,0,26.6,0.128
16000.0,36,6.62,491.26,A2,MORTGAGE,120000.0,Not Verified,2013-02-01,debt_consolidation,8.02,1996-10-01,9.0,0.0,10387.0,52.7,27.0,f,INDIVIDUAL,8.0,0.0,0,10.0,0,16.3,0.133
4750.0,36,10.0,153.27,B2,RENT,14000.0,Verified,2011-04-01,debt_consolidation,14.74,2005-02-01,5.0,0.0,7966.0,75.2,6.0,f,INDIVIDUAL,0.0,0.0,0,5.0,0,6.2,0.339
13700.0,36,15.61,479.02,C5,MORTGAGE,43600.0,Not Verified,2014-04-01,debt_consolidation,12.69,1978-09-01,10.0,1.0,11960.0,41.7,20.0,f,INDIVIDUAL,3.0,0.0,0,1.0,0,35.6,0.314
13250.0,36,18.75,484.02,D3,RENT,41365.0,Not Verified,2013-06-01,debt_consolidation,22.31,1992-11-01,10.0,0.0,8375.0,54.4,21.0,f,INDIVIDUAL,3.0,0.0,1,10.0,0,20.6,0.32
6325.0,36,8.9,200.84,A5,MORTGAGE,45000.0,Source Verified,2012-08-01,debt_consolidation,19.49,2001-09-01,13.0,0.0,5449.0,26.1,30.0,f,INDIVIDUAL,2.0,0.0,0,5.0,0,10.9,0.141
30000.0,36,10.99,982.02,B4,RENT,70000.0,Verified,2015-07-01,credit_card,2.28,1998-01-01,1.0,0.0,4438.0,55.5,10.0,w,INDIVIDUAL,0.0,0.0,1,0.0,0,17.5,0.429
10500.0,36,15.61,367.14,D1,MORTGAGE,43807.31,Not Verified,2015-07-01,debt_consolidation,10.9,1972-12-01,11.0,0.0,7564.0,73.4,24.0,w,INDIVIDUAL,6.0,0.0,0,10.0,0,42.6,0.24
18000.0,36,8.67,569.64,B1,MORTGAGE,70000.0,Not Verified,2015-01-01,debt_consolidation,33.02,1989-02-01,18.0,0.0,53938.0,77.5,31.0,w,INDIVIDUAL,1.0,0.0,0,3.0,0,25.9,0.257
15000.0,36,7.69,467.91,A4,RENT,64000.0,Not Verified,2014-10-01,debt_consolidation,11.46,1996-01-01,12.0,0.0,8243.0,22.6,29.0,w,INDIVIDUAL,2.0,0.0,0,10.0,0,18.7,0.234
10000.0,36,7.89,312.86,A5,MORTGAGE,37000.0,Not Verified,2015-06-01,debt_consolidation,21.65,1977-01-01,21.0,0.0,22379.0,32.8,55.0,w,INDIVIDUAL,5.0,0.0,0,2.0,0,38.4,0.27
6050.0,36,20.2,225.46,E3,RENT,20419.0,Source Verified,2014-08-01,debt_consolidation,23.34,2002-03-01,4.0,2.0,10656.0,85.2,11.0,f,INDIVIDUAL,0.0,0.0,0,2.0,0,12.4,0.296
14000.0,60,9.62,294.85,B3,RENT,57600.0,Verified,2010-12-01,debt_consolidation,14.08,1990-01-01,11.0,0.0,3037.0,15.0,24.0,f,INDIVIDUAL,1.0,0.0,0,6.0,1,20.9,0.243
25200.0,36,12.49,842.92,B5,MORTGAGE,134000.0,Verified,2014-08-01,debt_consolidation,4.5,1993-12-01,6.0,0.0,19661.0,79.3,11.0,f,INDIVIDUAL,0.0,0.0,0,10.0,0,20.7,0.188
13000.0,36,12.99,437.96,C2,RENT,96000.0,Verified,2016-04-01,debt_consolidation,12.44,2003-04-01,9.0,1.0,6861.0,55.3,19.0,w,INDIVIDUAL,2.0,1.0,1,0.0,0,13.0,0.135
14000.0,36,7.89,438.0,A5,MORTGAGE,53000.0,Not Verified,2015-06-01,credit_card,11.66,2002-10-01,11.0,0.0,12538.0,48.6,17.0,w,INDIVIDUAL,2.0,0.0,0,3.0,0,12.7,0.264
8725.0,36,14.33,299.61,C1,OWN,27000.0,Verified,2013-05-01,debt_consolidation,7.42,2001-11-01,6.0,0.0,5795.0,70.7,7.0,f,INDIVIDUAL,0.0,0.0,0,10.0,0,11.5,0.323
16800.0,36,5.42,506.69,A1,MORTGAGE,115000.0,Verified,2011-09-01,major_purchase,4.98,1999-06-01,17.0,0.0,67820.0,34.4,33.0,f,INDIVIDUAL,2.0,0.0,0,1.0,0,12.3,0.146
20000.0,36,16.29,706.01,C4,MORTGAGE,68000.0,Source Verified,2013-06-01,credit_card,16.2,2001-09-01,9.0,0.0,23449.0,83.0,36.0,w,INDIVIDUAL,3.0,0.0,0,6.0,0,11.7,0.294
12000.0,36,12.12,399.26,B3,MORTGAGE,60000.0,Source Verified,2012-03-01,debt_consolidation,10.97,2000-05-01,3.0,0.0,6079.0,72.4,10.0,f,INDIVIDUAL,0.0,0.0,0,0.0,0,11.8,0.2
11200.0,36,17.27,400.82,D1,MORTGAGE,60000.0,Source Verified,2012-03-01,debt_consolidation,11.6,1992-02-01,7.0,0.0,11094.0,83.4,23.0,f,INDIVIDUAL,1.0,0.0,0,10.0,0,20.1,0.187
6850.0,36,10.65,223.13,B2,RENT,53000.0,Verified,2011-11-01,credit_card,22.42,2001-01-01,7.0,0.0,2173.0,58.7,14.0,f,INDIVIDUAL,0.0,0.0,1,3.0,0,10.8,0.129
15500.0,60,25.83,462.52,G2,OWN,52000.0,Verified,2014-02-01,debt_consolidation,20.54,1992-02-01,12.0,0.0,6294.0,85.1,27.0,f,INDIVIDUAL,1.0,0.0,0,5.0,0,22.0,0.298
12825.0,36,13.65,436.16,C1,RENT,67000.0,Source Verified,2014-03-01,debt_consolidation,9.3,1999-10-01,5.0,0.0,16102.0,88.5,19.0,w,INDIVIDUAL,0.0,0.0,1,8.0,0,14.4,0.191
8000.0,36,13.35,270.91,C2,RENT,40000.0,Not Verified,2014-07-01,credit_card,13.68,1997-03-01,9.0,0.0,8709.0,26.0,20.0,w,INDIVIDUAL,1.0,0.0,0,10.0,0,17.3,0.2
21000.0,36,11.14,688.91,B2,MORTGAGE,82000.0,Source Verified,2013-06-01,other,15.02,1982-06-01,18.0,0.0,15915.0,24.3,50.0,f,INDIVIDUAL,7.0,0.0,0,10.0,0,31.0,0.256
19800.0,36,14.33,679.9,C1,OWN,44000.0,Verified,2012-11-01,debt_consolidation,20.7,1994-02-01,14.0,0.0,18057.0,29.7,24.0,f,INDIVIDUAL,1.0,0.0,0,10.0,0,18.7,0.45
9600.0,36,11.55,316.8,B3,RENT,48000.0,Not Verified,2013-08-01,debt_consolidation,14.58,2005-10-01,6.0,0.0,2870.0,33.8,7.0,w,INDIVIDUAL,0.0,0.0,0,5.0,0,7.8,0.2
11200.0,60,18.2,285.63,E1,RENT,32000.0,Source Verified,2015-12-01,debt_consolidation,25.77,2006-02-01,11.0,1.0,9352.0,41.7,22.0,w,INDIVIDUAL,0.0,0.0,0,0.0,0,9.8,0.35
12000.0,60,10.99,260.85,B4,OWN,59800.0,Not Verified,2015-07-01,debt_consolidation,10.44,1996-11-01,11.0,0.0,22833.0,48.0,22.0,f,INDIVIDUAL,2.0,0.0,1,10.0,0,18.7,0.201
5000.0,36,8.59,158.05,A5,MORTGAGE,60000.0,Source Verified,2016-08-01,major_purchase,11.34,1986-07-01,7.0,0.0,25522.0,85.9,24.0,w,INDIVIDUAL,6.0,0.0,0,2.0,0,30.1,0.083
14000.0,36,11.53,461.87,B5,RENT,45000.0,Not Verified,2015-07-01,debt_consolidation,1.65,2001-03-01,4.0,0.0,6199.0,12.3,19.0,w,INDIVIDUAL,0.0,0.0,0,2.0,0,14.3,0.311
9750.0,36,9.71,313.28,B1,RENT,45000.0,Verified,2013-08-01,debt_consolidation,29.12,1998-05-01,9.0,0.0,7443.0,69.6,22.0,f,INDIVIDUAL,5.0,0.0,0,10.0,0,15.3,0.217
5000.0,36,8.18,157.1,B1,RENT,170000.0,Verified,2015-03-01,major_purchase,9.64,1996-08-01,15.0,0.0,9934.0,16.1,37.0,w,INDIVIDUAL,0.0,0.0,0,10.0,0,18.6,0.029
14300.0,36,8.9,454.08,A5,MORTGAGE,29000.0,Source Verified,2012-03-01,debt_consolidation,13.45,2004-03-01,10.0,0.0,7439.0,30.4,24.0,f,INDIVIDUAL,0.0,0.0,0,4.0,0,8.0,0.493
12000.0,36,9.99,387.15,B1,RENT,63250.0,Verified,2011-06-01,major_purchase,26.09,1983-07-01,13.0,0.0,8167.0,33.7,44.0,f,INDIVIDUAL,3.0,0.0,0,1.0,0,27.9,0.19
2500.0,36,16.29,88.26,D1,RENT,74400.0,Source Verified,2016-02-01,other,16.42,2005-03-01,10.0,0.0,36094.0,81.7,15.0,f,INDIVIDUAL,0.0,0.0,0,10.0,0,10.9,0.034
24000.0,60,9.17,500.19,B1,MORTGAGE,92000.0,Source Verified,2014-10-01,debt_consolidation,11.83,1987-09-01,12.0,0.0,16568.0,29.3,22.0,f,INDIVIDUAL,5.0,0.0,0,10.0,0,27.1,0.261
17300.0,60,17.27,432.47,C5,MORTGAGE,53000.0,Verified,2013-06-01,debt_consolidation,26.69,1996-12-01,9.0,0.0,15322.0,92.9,31.0,f,INDIVIDUAL,5.0,0.0,1,7.0,0,16.5,0.326
1000.0,36,14.59,34.47,D1,MORTGAGE,31200.0,Not Verified,2010-02-01,other,6.15,2006-10-01,4.0,0.0,681.0,52.4,4.0,f,INDIVIDUAL,0.0,0.0,0,2.0,0,3.3,0.032
28000.0,60,21.0,757.5,E2,MORTGAGE,100000.0,Verified,2013-04-01,debt_consolidation,10.37,1996-11-01,9.0,0.0,9702.0,48.0,24.0,f,INDIVIDUAL,1.0,0.0,0,4.0,0,16.4,0.28
6000.0,36,10.99,196.41,B4,MORTGAGE,56000.0,Not Verified,2015-05-01,credit_card,11.87,2001-12-01,12.0,1.0,6352.0,31.0,23.0,f,INDIVIDUAL,2.0,1.0,0,10.0,0,13.4,0.107
6000.0,36,9.75,192.9,B3,RENT,40000.0,Not Verified,2016-03-01,credit_card,14.37,2000-06-01,8.0,0.0,13960.0,59.7,19.0,w,INDIVIDUAL,0.0,0.0,0,5.0,0,15.7,0.15
8000.0,36,9.76,257.24,B1,MORTGAGE,60000.0,Not Verified,2012-06-01,debt_consolidation,21.48,1999-01-01,6.0,0.0,13743.0,45.8,19.0,f,INDIVIDUAL,1.0,0.0,0,6.0,0,13.4,0.133
25000.0,36,21.0,941.88,E2,RENT,63000.0,Verified,2012-10-01,debt_consolidation,26.67,2000-11-01,17.0,0.0,16280.0,76.4,41.0,f,INDIVIDUAL,0.0,0.0,0,2.0,0,11.9,0.397
8125.0,36,6.03,247.29,A1,RENT,38000.0,Not Verified,2014-10-01,credit_card,24.89,2004-04-01,8.0,0.0,11362.0,30.5,14.0,f,INDIVIDUAL,0.0,0.0,0,0.0,0,10.5,0.214
10850.0,36,16.59,384.63,D1,RENT,65760.0,Source Verified,2014-03-01,house,12.15,2002-05-01,21.0,0.0,3951.0,25.3,39.0,w,INDIVIDUAL,0.0,0.0,0,8.0,0,11.8,0.165
9000.0,36,6.49,275.81,A2,MORTGAGE,47840.0,Not Verified,2016-03-01,debt_consolidation,5.64,1998-09-01,10.0,0.0,3016.0,18.7,29.0,w,INDIVIDUAL,4.0,0.0,0,10.0,0,17.5,0.188
15000.0,36,13.99,512.6,C1,RENT,110000.0,Verified,2012-06-01,debt_consolidation,18.01,2001-09-01,22.0,0.0,30127.0,45.9,38.0,f,INDIVIDUAL,0.0,0.0,0,7.0,0,10.7,0.136
10450.0,36,8.18,328.34,B1,MORTGAGE,37000.0,Verified,2015-08-01,debt_consolidation,30.68,1990-01-01,10.0,0.0,15809.0,30.8,17.0,f,INDIVIDUAL,3.0,0.0,0,6.0,1,25.6,0.282
19200.0,60,26.77,583.65,G1,RENT,51000.0,Verified,2015-09-01,debt_consolidation,21.62,2002-02-01,11.0,1.0,12515.0,53.7,33.0,f,INDIVIDUAL,4.0,1.0,1,4.0,0,13.6,0.376
6000.0,36,11.86,198.89,B5,RENT,72000.0,Verified,2010-07-01,debt_consolidation,21.92,1997-01-01,21.0,0.0,17531.0,27.5,30.0,f,INDIVIDUAL,2.0,0.0,0,1.0,0,13.5,0.083
16000.0,36,10.99,523.75,B2,MORTGAGE,59800.0,Not Verified,2014-04-01,debt_consolidation,16.15,2000-12-01,21.0,1.0,8842.0,34.4,28.0,f,INDIVIDUAL,1.0,1.0,0,10.0,0,13.3,0.268
27300.0,60,12.42,613.09,B4,MORTGAGE,56000.0,Verified,2011-12-01,debt_consolidation,20.19,1991-06-01,15.0,0.0,28997.0,41.4,43.0,f,INDIVIDUAL,3.0,0.0,0,10.0,0,20.5,0.488
23850.0,60,23.28,676.19,F2,RENT,63700.0,Verified,2013-05-01,debt_consolidation,8.87,2008-10-01,5.0,0.0,7819.0,79.8,5.0,f,INDIVIDUAL,0.0,0.0,0,9.0,0,4.6,0.374
15000.0,36,7.62,467.43,A3,RENT,125000.0,Source Verified,2014-02-01,credit_card,13.5,1996-04-01,12.0,0.0,34878.0,50.2,19.0,f,INDIVIDUAL,3.0,0.0,0,0.0,0,17.8,0.12
11000.0,36,11.53,362.9,B5,MORTGAGE,50000.0,Not Verified,2015-07-01,debt_consolidation,24.1,2008-05-01,12.0,0.0,10631.0,22.6,13.0,w,INDIVIDUAL,1.0,0.0,0,7.0,0,7.2,0.22
21000.0,60,13.65,484.84,C1,MORTGAGE,80000.0,Not Verified,2014-04-01,credit_card,17.22,1995-10-01,11.0,0.0,16701.0,40.0,25.0,w,INDIVIDUAL,2.0,0.0,1,9.0,0,18.5,0.262
12450.0,60,22.45,347.05,E5,RENT,65000.0,Verified,2014-03-01,credit_card,23.82,2003-08-01,15.0,0.0,18321.0,78.0,25.0,w,INDIVIDUAL,0.0,0.0,1,5.0,0,10.6,0.192
6250.0,36,18.49,227.5,D2,RENT,46000.0,Source Verified,2012-12-01,vacation,21.39,1998-01-01,10.0,0.0,3660.0,24.2,10.0,f,INDIVIDUAL,0.0,0.0,0,10.0,0,14.9,0.136
19150.0,36,16.55,678.47,D2,MORTGAGE,70000.0,Not Verified,2015-11-01,small_business,15.65,1994-08-01,11.0,0.0,11277.0,38.9,17.0,f,INDIVIDUAL,0.0,0.0,0,1.0,0,21.3,0.274
21000.0,36,11.53,692.8,B5,RENT,100000.0,Source Verified,2015-05-01,credit_card,26.19,1991-09-01,11.0,0.0,18306.0,88.0,25.0,f,INDIVIDUAL,0.0,0.0,0,1.0,0,23.7,0.21
27850.0,36,13.98,951.58,C3,MORTGAGE,75000.0,Source Verified,2014-08-01,debt_consolidation,28.88,2000-08-01,27.0,0.0,41259.0,50.9,48.0,f,INDIVIDUAL,3.0,0.0,0,4.0,0,14.0,0.371
8000.0,36,16.24,282.21,C5,RENT,55000.0,Not Verified,2014-02-01,debt_consolidation,24.2,2001-08-01,6.0,0.0,2195.0,63.5,33.0,f,INDIVIDUAL,0.0,0.0,1,8.0,0,12.5,0.145
3000.0,36,14.3,102.98,C1,MORTGAGE,88000.0,Source Verified,2013-11-01,home_improvement,4.5,1991-09-01,8.0,1.0,2491.0,73.3,20.0,f,INDIVIDUAL,2.0,0.0,0,10.0,0,22.2,0.034
30000.0,60,25.8,894.67,G1,MORTGAGE,150000.0,Source Verified,2013-09-01,credit_card,10.04,1994-05-01,11.0,0.0,15358.0,96.0,32.0,f,INDIVIDUAL,4.0,0.0,0,7.0,0,19.3,0.2
10800.0,60,14.99,256.88,C5,MORTGAGE,60000.0,Verified,2014-10-01,other,20.76,1995-04-01,18.0,1.0,4424.0,25.1,52.0,w,INDIVIDUAL,1.0,1.0,1,10.0,0,19.5,0.18
16000.0,60,16.2,390.8,C4,MORTGAGE,70000.0,Verified,2013-11-01,debt_consolidation,15.05,1996-02-01,8.0,0.0,19819.0,67.0,16.0,f,INDIVIDUAL,3.0,0.0,1,10.0,0,17.7,0.229
17000.0,36,10.64,553.67,B2,MORTGAGE,65000.0,Not Verified,2013-09-01,credit_card,17.06,2004-05-01,14.0,0.0,19766.0,87.5,16.0,f,INDIVIDUAL,1.0,0.0,0,4.0,0,9.3,0.262
10000.0,36,8.9,317.54,A5,MORTGAGE,40000.0,Verified,2014-01-01,debt_consolidation,34.98,1980-01-01,13.0,0.0,13128.0,51.3,28.0,f,INDIVIDUAL,3.0,0.0,0,3.0,0,34.0,0.25
22525.0,36,21.49,854.31,D5,RENT,130000.0,Verified,2016-07-01,other,6.31,1996-03-01,7.0,0.0,3842.0,38.8,19.0,w,INDIVIDUAL,2.0,0.0,0,7.0,0,20.3,0.173
4000.0,36,8.39,126.07,B1,RENT,14000.0,Verified,2016-03-01,major_purchase,14.07,1995-04-01,5.0,0.0,5672.0,37.3,22.0,w,INDIVIDUAL,0.0,0.0,0,6.0,1,20.9,0.286
18325.0,36,12.12,609.71,B3,MORTGAGE,50000.0,Verified,2013-05-01,debt_consolidation,9.36,1998-08-01,11.0,1.0,11637.0,55.9,28.0,w,INDIVIDUAL,5.0,1.0,0,6.0,1,14.7,0.366
17000.0,36,6.39,520.19,A2,MORTGAGE,90000.0,Not Verified,2015-05-01,credit_card,2.97,2004-04-01,10.0,1.0,7420.0,23.5,14.0,w,INDIVIDUAL,3.0,1.0,1,0.0,0,11.1,0.189
6000.0,36,14.33,206.03,C1,RENT,75000.0,Not Verified,2012-09-01,debt_consolidation,7.03,1999-12-01,9.0,0.0,15039.0,84.5,21.0,f,INDIVIDUAL,0.0,0.0,0,7.0,0,12.8,0.08
8300.0,36,9.17,264.6,B2,OWN,62200.0,Source Verified,2015-11-01,debt_consolidation,6.81,2004-02-01,7.0,1.0,8643.0,48.3,30.0,f,INDIVIDUAL,3.0,1.0,0,10.0,0,11.7,0.133
10000.0,60,23.99,287.63,F2,MORTGAGE,75000.0,Verified,2015-02-01,debt_consolidation,11.52,2005-04-01,13.0,0.0,6763.0,81.5,32.0,f,INDIVIDUAL,1.0,0.0,1,0.0,0,9.8,0.133
5000.0,36,14.16,171.28,C2,RENT,18500.0,Source Verified,2014-04-01,credit_card,19.14,2003-04-01,5.0,1.0,3445.0,90.7,9.0,w,INDIVIDUAL,0.0,0.0,0,3.0,0,11.0,0.27
10500.0,36,7.9,328.55,A4,OWN,30000.0,Verified,2013-12-01,credit_card,20.28,1997-11-01,11.0,0.0,9063.0,20.3,23.0,f,INDIVIDUAL,0.0,0.0,0,7.0,0,16.1,0.35
11700.0,36,16.29,413.02,C5,RENT,63000.0,Verified,2012-06-01,credit_card,3.12,2006-12-01,2.0,0.0,6837.0,87.7,3.0,f,INDIVIDUAL,0.0,0.0,0,6.0,0,5.5,0.186
7000.0,36,7.88,218.97,A5,MORTGAGE,66996.0,Not Verified,2010-05-01,home_improvement,21.14,1999-11-01,16.0,0.0,10780.0,36.9,40.0,f,INDIVIDUAL,3.0,0.0,0,2.0,0,10.5,0.104
19575.0,36,16.59,693.92,D1,MORTGAGE,49000.0,Source Verified,2014-03-01,debt_consolidation,21.63,1993-10-01,11.0,0.0,17809.0,64.3,27.0,f,INDIVIDUAL,3.0,0.0,0,10.0,0,20.4,0.399
20000.0,36,13.98,683.36,C3,RENT,60000.0,Source Verified,2014-07-01,debt_consolidation,18.06,1994-08-01,10.0,0.0,5917.0,51.5,30.0,f,INDIVIDUAL,0.0,0.0,0,6.0,0,19.9,0.333
4000.0,36,7.9,125.17,A4,RENT,53285.0,Source Verified,2011-10-01,debt_consolidation,15.81,1993-12-01,10.0,1.0,3971.0,16.8,17.0,f,INDIVIDUAL,1.0,1.0,0,0.0,0,17.8,0.075
35000.0,36,19.05,1283.85,D4,RENT,125000.0,Source Verified,2012-08-01,debt_consolidation,11.01,1992-10-01,8.0,0.0,1063.0,88.6,22.0,f,INDIVIDUAL,0.0,0.0,0,0.0,0,19.8,0.28
19200.0,60,11.44,421.68,B4,MORTGAGE,71000.0,Not Verified,2014-11-01,debt_consolidation,19.35,1984-05-01,10.0,0.0,5412.0,16.1,30.0,w,INDIVIDUAL,5.0,0.0,0,10.0,0,30.5,0.27
3000.0,36,16.29,105.91,D1,RENT,165000.0,Source Verified,2016-02-01,credit_card,4.98,1997-03-01,10.0,1.0,11430.0,59.8,25.0,f,INDIVIDUAL,3.0,1.0,0,10.0,0,18.9,0.018
8325.0,36,6.62,255.61,A2,MORTGAGE,44000.0,Verified,2012-10-01,debt_consolidation,16.06,1997-12-01,19.0,0.0,3041.0,17.4,24.0,f,INDIVIDUAL,1.0,0.0,0,6.0,0,14.8,0.189
10000.0,36,9.99,322.63,B3,OWN,41600.0,Source Verified,2015-04-01,debt_consolidation,27.58,2000-09-01,8.0,0.0,15375.0,76.9,14.0,f,INDIVIDUAL,2.0,0.0,0,5.0,0,14.6,0.24
8475.0,36,16.29,299.18,C4,RENT,45000.0,Verified,2013-05-01,debt_consolidation,32.33,2003-06-01,21.0,0.0,8205.0,37.2,37.0,f,INDIVIDUAL,0.0,0.0,1,7.0,0,9.9,0.188
17500.0,36,13.65,595.14,C1,RENT,58750.0,Source Verified,2014-02-01,credit_card,7.58,1998-07-01,3.0,0.0,17512.0,100.1,14.0,f,INDIVIDUAL,0.0,0.0,0,6.0,0,15.6,0.298
10800.0,60,20.99,292.12,E5,RENT,55000.0,Source Verified,2015-10-01,debt_consolidation,17.13,2003-02-01,7.0,0.0,4359.0,63.2,37.0,f,INDIVIDUAL,1.0,0.0,0,2.0,0,12.7,0.196
12000.0,36,13.35,406.36,C2,MORTGAGE,130000.0,Source Verified,2014-11-01,debt_consolidation,13.77,1995-10-01,14.0,0.0,16916.0,54.6,32.0,w,INDIVIDUAL,3.0,0.0,0,2.0,0,19.1,0.092
6500.0,36,18.49,236.6,D2,RENT,21784.0,Verified,2013-03-01,credit_card,22.15,2006-11-01,14.0,0.0,9057.0,47.2,26.0,f,INDIVIDUAL,0.0,0.0,0,0.0,0,6.3,0.298
15000.0,36,6.03,456.54,A1,MORTGAGE,159825.0,Not Verified,2014-07-01,debt_consolidation,9.89,1999-11-01,9.0,0.0,11094.0,19.8,24.0,f,INDIVIDUAL,5.0,0.0,0,8.0,0,14.7,0.094
9500.0,36,5.93,288.71,A1,RENT,75000.0,Source Verified,2015-04-01,credit_card,20.35,1982-03-01,15.0,1.0,9845.0,27.6,36.0,w,INDIVIDUAL,0.0,1.0,0,5.0,0,33.1,0.127
15000.0,36,12.49,501.74,B4,RENT,36000.0,Verified,2014-03-01,debt_consolidation,30.83,2003-05-01,10.0,2.0,8217.0,40.5,25.0,f,INDIVIDUAL,0.0,0.0,0,1.0,0,10.8,0.417
6500.0,36,10.15,210.2,B2,MORTGAGE,76000.0,Verified,2014-08-01,credit_card,7.58,1997-09-01,3.0,0.0,3729.0,53.3,36.0,f,INDIVIDUAL,1.0,0.0,0,4.0,0,16.9,0.086
12000.0,60,19.72,316.06,D5,MORTGAGE,65000.0,Verified,2013-05-01,debt_consolidation,4.87,1998-09-01,9.0,1.0,4107.0,55.5,19.0,f,INDIVIDUAL,4.0,1.0,1,10.0,0,14.7,0.185
15000.0,60,19.99,397.33,E1,OWN,94000.0,Verified,2014-03-01,debt_consolidation,15.99,1997-09-01,9.0,0.0,8454.0,99.5,46.0,w,INDIVIDUAL,4.0,0.0,1,10.0,0,16.5,0.16
4000.0,36,9.76,128.62,B1,MORTGAGE,130000.0,Not Verified,2012-06-01,major_purchase,0.65,1997-01-01,9.0,0.0,1621.0,9.9,14.0,f,INDIVIDUAL,2.0,0.0,0,7.0,0,15.4,0.031
30000.0,60,12.29,671.74,C1,MORTGAGE,185000.0,Verified,2015-10-01,debt_consolidation,17.33,2003-07-01,10.0,0.0,32066.0,75.4,23.0,w,INDIVIDUAL,1.0,0.0,0,9.0,0,12.3,0.162
24975.0,60,17.88,632.58,E5,MORTGAGE,63000.0,Verified,2011-02-01,wedding,12.48,1997-11-01,8.0,0.0,8095.0,50.0,14.0,f,INDIVIDUAL,0.0,0.0,0,6.0,0,13.3,0.396
3000.0,36,10.15,97.02,B2,MORTGAGE,80000.0,Not Verified,2014-10-01,home_improvement,16.56,1984-10-01,11.0,0.0,0.0,0.0,31.0,f,INDIVIDUAL,4.0,0.0,0,7.0,0,30.0,0.038
13500.0,60,21.6,369.8,E3,MORTGAGE,47000.0,Verified,2013-07-01,other,12.92,1999-10-01,6.0,1.0,6616.0,89.4,19.0,f,INDIVIDUAL,2.0,1.0,1,10.0,0,13.7,0.287
15000.0,36,8.9,476.3,A5,RENT,45000.0,Source Verified,2014-04-01,debt_consolidation,10.27,1994-08-01,11.0,1.0,9959.0,55.9,23.0,w,INDIVIDUAL,0.0,1.0,0,0.0,0,19.7,0.333
18000.0,36,14.85,622.66,C5,OWN,60000.0,Source Verified,2016-01-01,debt_consolidation,23.3,1993-12-01,16.0,0.0,18914.0,65.7,18.0,w,INDIVIDUAL,0.0,0.0,0,0.0,0,22.1,0.3
16000.0,36,18.25,580.45,D2,RENT,124000.0,Source Verified,2013-07-01,debt_consolidation,10.77,1985-07-01,21.0,1.0,18701.0,54.5,44.0,f,INDIVIDUAL,2.0,1.0,0,8.0,0,28.0,0.129
5000.0,36,6.03,152.18,A1,MORTGAGE,26000.0,Not Verified,2012-04-01,major_purchase,25.66,1996-08-01,7.0,0.0,2046.0,6.4,12.0,f,INDIVIDUAL,0.0,0.0,0,3.0,0,15.7,0.192
20000.0,60,16.2,488.49,C4,MORTGAGE,87000.0,Verified,2013-11-01,debt_consolidation,10.07,2003-09-01,19.0,0.0,12015.0,57.5,40.0,f,INDIVIDUAL,1.0,0.0,0,5.0,0,10.2,0.23
14400.0,60,9.17,300.11,B1,OWN,102000.0,Not Verified,2014-06-01,car,15.01,2007-03-01,11.0,0.0,14395.0,54.5,19.0,w,INDIVIDUAL,3.0,0.0,0,3.0,0,7.3,0.141
28000.0,36,7.9,876.13,A4,MORTGAGE,120000.0,Verified,2014-04-01,debt_consolidation,23.27,2001-07-01,14.0,0.0,30977.0,56.8,33.0,f,INDIVIDUAL,2.0,0.0,0,10.0,0,12.8,0.233
35000.0,36,14.46,1204.06,C4,MORTGAGE,175000.0,Source Verified,2016-02-01,debt_consolidation,11.94,1999-03-01,17.0,0.0,31838.0,61.2,46.0,w,INDIVIDUAL,1.0,0.0,0,7.0,0,16.9,0.2
24375.0,60,16.29,596.52,C4,MORTGAGE,110000.0,Verified,2013-01-01,credit_card,12.09,1999-12-01,18.0,1.0,14723.0,47.0,33.0,w,INDIVIDUAL,5.0,1.0,0,9.0,0,13.1,0.222
10000.0,36,12.99,336.9,B4,MORTGAGE,50000.0,Verified,2013-11-01,debt_consolidation,25.23,1997-01-01,11.0,1.0,9215.0,80.8,16.0,f,INDIVIDUAL,1.0,1.0,0,6.0,0,16.8,0.2
1325.0,36,15.61,46.33,D1,MORTGAGE,24000.0,Source Verified,2014-05-01,home_improvement,23.75,1998-06-01,6.0,0.0,1831.0,61.0,16.0,f,INDIVIDUAL,1.0,0.0,1,6.0,1,15.9,0.055
20000.0,36,7.91,625.9,A5,RENT,135000.0,Not Verified,2016-01-01,debt_consolidation,10.92,1998-06-01,13.0,0.0,20322.0,35.7,47.0,w,INDIVIDUAL,3.0,0.0,0,3.0,0,17.6,0.148
30000.0,60,22.95,844.86,F1,NONE,105000.0,Verified,2012-11-01,debt_consolidation,17.23,2000-05-01,20.0,0.0,12083.0,37.7,37.0,f,INDIVIDUAL,0.0,0.0,0,0.0,0,12.5,0.286
24000.0,36,6.03,730.46,A1,MORTGAGE,90000.0,Source Verified,2013-10-01,credit_card,12.94,1978-03-01,13.0,0.0,29947.0,51.9,26.0,f,INDIVIDUAL,4.0,0.0,0,10.0,0,35.6,0.267
9600.0,36,15.31,334.25,C2,MORTGAGE,38000.0,Not Verified,2013-01-01,credit_card,22.07,1989-12-01,11.0,0.0,7238.0,62.4,23.0,f,INDIVIDUAL,2.0,0.0,0,10.0,0,23.1,0.253
36275.0,60,17.27,906.81,D2,MORTGAGE,72557.0,Source Verified,2016-04-01,debt_consolidation,31.09,1996-09-01,12.0,0.0,9699.0,40.9,26.0,w,INDIVIDUAL,5.0,0.0,0,10.0,0,19.6,0.5
3000.0,36,15.31,104.46,C2,MORTGAGE,84000.0,Verified,2012-09-01,other,26.39,1995-01-01,19.0,0.0,20396.0,95.8,31.0,f,INDIVIDUAL,5.0,0.0,0,6.0,1,17.7,0.036
17625.0,60,21.0,476.82,E2,OWN,40000.0,Source Verified,2012-11-01,debt_consolidation,19.26,1992-03-01,11.0,0.0,18235.0,75.7,21.0,f,INDIVIDUAL,0.0,0.0,0,10.0,0,20.7,0.441
18000.0,36,11.55,594.0,B3,MORTGAGE,100500.0,Not Verified,2013-09-01,credit_card,17.76,1993-02-01,23.0,0.0,23405.0,54.2,45.0,f,INDIVIDUAL,7.0,0.0,0,3.0,0,20.6,0.179
7900.0,36,12.99,266.15,B4,RENT,65000.0,Not Verified,2013-09-01,debt_consolidation,11.0,1999-10-01,17.0,0.0,1798.0,17.8,37.0,f,INDIVIDUAL,0.0,0.0,0,2.0,0,13.9,0.122
8000.0,36,18.99,293.21,E1,RENT,16000.0,Verified,2014-11-01,major_purchase,20.11,1989-11-01,7.0,1.0,9304.0,75.6,16.0,w,INDIVIDUAL,0.0,0.0,1,6.0,1,25.0,0.5
7000.0,36,11.49,230.8,B5,MORTGAGE,37500.0,Verified,2015-11-01,credit_card,18.78,2006-06-01,6.0,0.0,6023.0,79.2,13.0,w,INDIVIDUAL,1.0,0.0,0,1.0,0,9.4,0.187
7200.0,36,8.9,228.63,A5,RENT,31611.44,Not Verified,2012-02-01,credit_card,13.82,2001-05-01,10.0,0.0,9087.0,54.1,13.0,f,INDIVIDUAL,0.0,0.0,0,3.0,0,10.8,0.228
16000.0,36,14.65,551.91,C2,RENT,56000.0,Source Verified,2012-05-01,debt_consolidation,22.44,2006-07-01,15.0,0.0,11007.0,81.5,23.0,f,INDIVIDUAL,0.0,0.0,0,1.0,0,5.8,0.286
25000.0,60,21.48,683.11,E4,RENT,64000.0,Verified,2012-05-01,medical,14.53,2008-08-01,11.0,0.0,16099.0,54.1,15.0,f,INDIVIDUAL,0.0,0.0,0,4.0,0,3.7,0.391
2400.0,36,9.25,76.6,B2,RENT,95000.0,Not Verified,2010-11-01,debt_consolidation,12.86,1998-12-01,20.0,0.0,9420.0,34.6,33.0,f,INDIVIDUAL,2.0,0.0,0,6.0,1,11.9,0.025
8875.0,36,22.99,343.51,F1,MORTGAGE,42000.0,Source Verified,2014-11-01,debt_consolidation,4.91,1998-08-01,5.0,1.0,7482.0,70.6,8.0,f,INDIVIDUAL,0.0,0.0,1,0.0,0,16.3,0.211
28000.0,36,6.97,864.18,A3,OWN,60000.0,Verified,2016-04-01,debt_consolidation,19.34,1992-09-01,20.0,0.0,18919.0,17.2,42.0,f,INDIVIDUAL,2.0,0.0,0,5.0,0,23.6,0.467
19200.0,36,13.35,650.17,C2,RENT,56000.0,Source Verified,2014-10-01,debt_consolidation,25.24,2004-11-01,15.0,0.0,10556.0,62.1,15.0,f,INDIVIDUAL,0.0,0.0,0,10.0,0,9.9,0.343
10000.0,36,7.89,312.86,A5,MORTGAGE,95000.0,Not Verified,2015-05-01,debt_consolidation,17.95,1997-06-01,14.0,0.0,15608.0,75.0,23.0,w,INDIVIDUAL,3.0,0.0,0,10.0,0,17.9,0.105
12000.0,36,13.99,410.08,C4,RENT,142000.0,Not Verified,2015-04-01,small_business,9.86,1985-04-01,7.0,0.0,0.0,0.0,20.0,f,INDIVIDUAL,0.0,0.0,1,8.0,0,30.0,0.085
9800.0,36,6.49,300.32,A2,RENT,50000.0,Not Verified,2014-08-01,credit_card,7.35,2004-08-01,3.0,0.0,5840.0,36.7,4.0,f,INDIVIDUAL,0.0,0.0,0,3.0,0,10.0,0.196
5000.0,36,17.77,180.19,D1,RENT,31000.0,Source Verified,2012-11-01,debt_consolidation,13.74,2006-08-01,5.0,0.0,3187.0,74.1,11.0,f,INDIVIDUAL,0.0,0.0,0,0.0,0,6.3,0.161
6500.0,60,12.68,146.84,C1,RENT,45000.0,Source Verified,2011-02-01,debt_consolidation,12.4,2000-06-01,9.0,0.0,6521.0,75.0,16.0,f,INDIVIDUAL,0.0,0.0,0,3.0,0,10.7,0.144
8325.0,36,18.55,303.28,D2,MORTGAGE,51000.0,Verified,2013-11-01,debt_consolidation,22.24,1998-05-01,14.0,0.0,21454.0,66.8,31.0,w,INDIVIDUAL,3.0,0.0,0,0.0,0,15.5,0.163
30000.0,36,12.99,1010.68,C2,MORTGAGE,109000.0,Source Verified,2016-05-01,debt_consolidation,25.65,1998-05-01,27.0,0.0,38361.0,41.5,73.0,w,INDIVIDUAL,3.0,0.0,0,9.0,0,18.0,0.275
10000.0,36,12.99,336.9,C1,RENT,280000.0,Source Verified,2014-07-01,major_purchase,5.5,2002-01-01,22.0,0.0,13044.0,44.1,54.0,f,INDIVIDUAL,0.0,0.0,1,8.0,0,12.5,0.036
9900.0,36,14.47,340.63,C2,MORTGAGE,55000.0,Verified,2014-01-01,debt_consolidation,7.39,1999-04-01,8.0,0.0,9819.0,96.3,26.0,w,INDIVIDUAL,2.0,0.0,0,3.0,0,14.8,0.18
6225.0,36,13.11,210.08,B4,OWN,67463.88,Not Verified,2012-04-01,credit_card,20.62,1997-04-01,17.0,0.0,28050.0,79.4,36.0,f,INDIVIDUAL,0.0,0.0,0,10.0,0,15.0,0.092
14000.0,60,12.99,318.48,B5,MORTGAGE,60000.0,Not Verified,2014-04-01,credit_card,10.8,2001-04-01,10.0,0.0,9050.0,45.7,34.0,w,INDIVIDUAL,5.0,0.0,0,8.0,0,13.0,0.233
6000.0,36,13.11,202.49,B4,RENT,30000.0,Not Verified,2012-03-01,debt_consolidation,11.68,2005-09-01,7.0,0.0,9412.0,67.7,7.0,f,INDIVIDUAL,0.0,0.0,1,3.0,0,6.5,0.2
1000.0,36,10.99,32.74,B3,RENT,22000.0,Not Verified,2014-08-01,credit_card,38.19,1988-03-01,14.0,0.0,10094.0,49.7,32.0,w,INDIVIDUAL,0.0,0.0,0,8.0,0,26.4,0.045
13000.0,36,8.49,410.32,B1,RENT,85000.0,Source Verified,2016-01-01,debt_consolidation,12.55,1997-09-01,12.0,1.0,13613.0,61.9,52.0,w,INDIVIDUAL,3.0,1.0,0,0.0,0,18.3,0.153
20000.0,60,20.99,540.96,E3,MORTGAGE,58000.0,Verified,2012-05-01,debt_consolidation,23.83,1993-12-01,9.0,0.0,22038.0,97.9,24.0,f,INDIVIDUAL,3.0,0.0,1,10.0,0,18.4,0.345
4000.0,36,13.18,135.13,C3,OWN,44569.0,Source Verified,2015-11-01,home_improvement,25.55,2006-11-01,8.0,0.0,1370.0,14.7,22.0,w,INDIVIDUAL,0.0,0.0,0,6.0,0,9.0,0.09
3000.0,36,12.99,101.07,C1,RENT,20000.0,Not Verified,2014-10-01,debt_consolidation,21.01,2002-12-01,13.0,0.0,6474.0,45.0,15.0,w,INDIVIDUAL,0.0,0.0,0,1.0,0,11.8,0.15
3000.0,36,8.18,94.26,B1,MORTGAGE,85000.0,Source Verified,2015-06-01,home_improvement,20.54,1992-03-01,7.0,0.0,13462.0,100.5,18.0,w,INDIVIDUAL,1.0,0.0,0,10.0,0,23.2,0.035
20000.0,60,14.99,475.7,C5,MORTGAGE,96000.0,Source Verified,2014-07-01,debt_consolidation,14.9,2004-03-01,10.0,0.0,10158.0,38.3,26.0,w,INDIVIDUAL,3.0,0.0,1,10.0,0,10.3,0.208
5000.0,36,11.53,164.96,B5,RENT,30000.0,Not Verified,2015-07-01,car,2.6,1999-01-01,14.0,0.0,69.0,0.2,14.0,f,INDIVIDUAL,0.0,0.0,0,0.0,0,16.5,0.167
8225.0,36,7.62,256.31,A3,RENT,42000.0,Not Verified,2012-10-01,major_purchase,5.09,2000-12-01,12.0,0.0,6700.0,18.9,21.0,w,INDIVIDUAL,0.0,0.0,0,0.0,0,11.8,0.196
18000.0,36,14.47,619.32,C2,MORTGAGE,63000.0,Verified,2013-12-01,debt_consolidation,19.58,1986-03-01,12.0,1.0,15368.0,78.8,24.0,w,INDIVIDUAL,3.0,1.0,0,7.0,0,27.8,0.286
5500.0,36,14.09,188.22,B5,RENT,25000.0,Source Verified,2012-07-01,credit_card,11.42,2003-11-01,6.0,0.0,5517.0,69.0,11.0,f,INDIVIDUAL,0.0,0.0,0,0.0,0,8.7,0.22
6000.0,36,14.3,205.95,C1,MORTGAGE,31000.0,Verified,2013-11-01,credit_card,16.63,2000-10-01,9.0,0.0,7827.0,62.6,25.0,f,INDIVIDUAL,2.0,0.0,0,2.0,0,13.1,0.194
12000.0,60,15.61,289.34,D1,RENT,65000.0,Source Verified,2014-10-01,debt_consolidation,9.38,2006-08-01,14.0,0.0,7489.0,58.1,24.0,w,INDIVIDUAL,0.0,0.0,0,7.0,0,8.2,0.185
18000.0,60,16.29,440.51,C4,MORTGAGE,57000.0,Verified,2013-02-01,debt_consolidation,19.01,2000-03-01,15.0,0.0,14583.0,35.1,45.0,f,INDIVIDUAL,2.0,0.0,1,10.0,0,12.9,0.316
11875.0,60,25.99,355.48,G4,RENT,33000.0,Source Verified,2015-04-01,debt_consolidation,27.78,2002-10-01,6.0,0.0,2569.0,53.5,13.0,f,INDIVIDUAL,0.0,0.0,1,4.0,0,12.5,0.36
10000.0,36,6.62,307.04,A2,MORTGAGE,50000.0,Not Verified,2013-06-01,credit_card,8.47,2000-07-01,8.0,0.0,12198.0,29.5,22.0,f,INDIVIDUAL,1.0,0.0,0,6.0,0,12.9,0.2
15500.0,60,19.22,403.96,D5,MORTGAGE,37440.0,Verified,2012-03-01,debt_consolidation,10.48,2004-10-01,12.0,0.0,2948.0,30.1,24.0,f,INDIVIDUAL,1.0,0.0,1,2.0,0,7.4,0.414
25000.0,36,8.9,793.84,A5,MORTGAGE,175000.0,Verified,2013-04-01,credit_card,13.8,1984-04-01,17.0,0.0,21370.0,38.5,33.0,f,INDIVIDUAL,2.0,0.0,0,10.0,0,29.0,0.143
10000.0,36,8.9,317.54,A5,MORTGAGE,55000.0,Not Verified,2012-07-01,debt_consolidation,15.12,1997-10-01,11.0,0.0,10250.0,30.7,26.0,f,INDIVIDUAL,2.0,0.0,0,5.0,0,14.7,0.182
21000.0,36,13.33,710.92,C3,RENT,62000.0,Source Verified,2015-06-01,debt_consolidation,34.65,2007-11-01,7.0,0.0,12477.0,92.4,19.0,w,INDIVIDUAL,0.0,0.0,0,8.0,0,7.6,0.339
20000.0,36,7.12,618.64,A3,MORTGAGE,120000.0,Source Verified,2014-10-01,credit_card,9.57,1999-06-01,9.0,0.0,31317.0,94.6,15.0,w,INDIVIDUAL,4.0,0.0,0,0.0,0,15.3,0.167
10000.0,36,8.67,316.47,B1,MORTGAGE,34000.0,Source Verified,2014-11-01,credit_card,26.65,2001-11-01,13.0,0.0,8480.0,39.4,42.0,f,INDIVIDUAL,2.0,0.0,0,10.0,0,13.0,0.294
18700.0,60,22.45,521.27,E5,MORTGAGE,57073.0,Source Verified,2014-03-01,debt_consolidation,20.4,1999-01-01,9.0,0.0,3091.0,38.6,16.0,f,INDIVIDUAL,6.0,0.0,1,10.0,0,15.2,0.328
8000.0,36,11.53,263.93,B5,MORTGAGE,125000.0,Source Verified,2015-09-01,other,19.16,1997-11-01,20.0,0.0,55336.0,52.6,33.0,w,INDIVIDUAL,8.0,0.0,0,10.0,0,17.8,0.064
21350.0,36,16.78,758.86,C5,MORTGAGE,48400.0,Verified,2013-09-01,credit_card,12.22,2004-11-01,11.0,0.0,12538.0,58.3,16.0,w,INDIVIDUAL,3.0,0.0,0,6.0,1,8.8,0.441
10000.0,36,13.05,337.19,B5,MORTGAGE,87000.0,Verified,2013-08-01,credit_card,26.3,1990-11-01,12.0,0.0,39535.0,95.5,24.0,f,INDIVIDUAL,2.0,0.0,0,6.0,0,22.7,0.115
5000.0,36,9.17,159.4,B2,OWN,35000.0,Source Verified,2015-07-01,credit_card,16.26,2003-09-01,11.0,0.0,5514.0,30.3,19.0,w,INDIVIDUAL,0.0,0.0,0,8.0,0,11.8,0.143
6000.0,36,8.9,190.52,A5,RENT,36500.0,Not Verified,2012-04-01,credit_card,21.04,1999-08-01,8.0,0.0,25979.0,81.7,10.0,f,INDIVIDUAL,0.0,0.0,0,4.0,0,12.7,0.164
8700.0,36,7.89,272.19,A5,MORTGAGE,89000.0,Source Verified,2015-12-01,credit_card,19.09,1983-01-01,18.0,0.0,10944.0,35.0,34.0,f,INDIVIDUAL,1.0,0.0,0,0.0,0,32.9,0.098
1400.0,36,11.53,46.19,B5,MORTGAGE,75000.0,Source Verified,2015-09-01,other,15.97,1998-09-01,10.0,0.0,3166.0,13.5,21.0,f,INDIVIDUAL,1.0,0.0,1,2.0,0,17.0,0.019
4000.0,36,13.05,134.88,B5,RENT,39000.0,Verified,2013-07-01,debt_consolidation,8.52,2000-03-01,12.0,1.0,4319.0,27.3,35.0,f,INDIVIDUAL,2.0,1.0,0,5.0,0,13.3,0.103
14500.0,36,19.99,538.8,D4,MORTGAGE,51500.0,Source Verified,2016-09-01,debt_consolidation,9.79,2003-11-01,9.0,0.0,7122.0,30.8,15.0,f,INDIVIDUAL,0.0,0.0,0,10.0,0,12.8,0.282
7000.0,36,14.99,242.63,C5,MORTGAGE,70000.0,Verified,2014-05-01,debt_consolidation,33.82,1999-08-01,17.0,0.0,38182.0,86.4,43.0,f,INDIVIDUAL,4.0,0.0,1,10.0,0,14.7,0.1
6500.0,36,9.38,207.85,A5,RENT,50000.0,Verified,2008-12-01,small_business,14.34,2003-06-01,7.0,0.0,178.0,0.5,12.0,f,INDIVIDUAL,0.0,0.0,0,8.0,0,5.5,0.13
8000.0,36,8.9,254.03,A5,MORTGAGE,200000.0,Source Verified,2013-08-01,home_improvement,10.43,2004-06-01,9.0,0.0,19877.0,89.1,13.0,f,INDIVIDUAL,4.0,0.0,0,4.0,0,9.2,0.04
20000.0,60,18.55,513.88,E2,MORTGAGE,72000.0,Verified,2015-07-01,debt_consolidation,30.24,2000-04-01,16.0,0.0,27241.0,40.5,23.0,w,INDIVIDUAL,1.0,0.0,0,7.0,0,15.2,0.278
4200.0,36,17.14,150.04,D4,RENT,25000.0,Not Verified,2014-11-01,debt_consolidation,29.57,2002-11-01,5.0,0.0,1761.0,41.0,18.0,w,INDIVIDUAL,2.0,0.0,0,2.0,0,12.0,0.168
23325.0,60,17.27,583.08,C5,MORTGAGE,52000.0,Verified,2013-03-01,credit_card,22.08,2003-10-01,7.0,0.0,37242.0,94.3,16.0,f,INDIVIDUAL,2.0,0.0,1,2.0,0,9.4,0.449
4900.0,36,19.52,180.91,D4,RENT,53500.0,Verified,2013-08-01,moving,13.75,1992-12-01,10.0,1.0,6978.0,50.6,41.0,f,INDIVIDUAL,0.0,1.0,0,4.0,0,20.7,0.092
10000.0,36,19.52,369.2,D4,MORTGAGE,66500.0,Verified,2013-10-01,debt_consolidation,23.3,1986-08-01,12.0,0.0,10663.0,75.1,23.0,f,INDIVIDUAL,2.0,0.0,0,10.0,0,27.2,0.15
6500.0,36,8.39,204.86,B1,MORTGAGE,85000.0,Source Verified,2016-03-01,major_purchase,20.87,2003-03-01,12.0,0.0,10498.0,70.9,20.0,w,INDIVIDUAL,1.0,0.0,0,9.0,0,13.0,0.076
20000.0,36,15.31,696.35,C3,RENT,130000.0,Source Verified,2012-03-01,credit_card,8.28,1998-06-01,10.0,0.0,15109.0,78.3,34.0,f,INDIVIDUAL,2.0,0.0,0,3.0,0,13.7,0.154
20000.0,36,7.9,625.81,A4,MORTGAGE,106000.0,Source Verified,2014-01-01,debt_consolidation,13.75,1985-04-01,11.0,1.0,16982.0,27.5,21.0,w,INDIVIDUAL,0.0,0.0,0,8.0,0,28.8,0.189
8000.0,36,9.67,256.9,B1,OWN,115000.0,Source Verified,2014-02-01,debt_consolidation,8.07,2001-05-01,13.0,0.0,7768.0,23.7,28.0,f,INDIVIDUAL,0.0,0.0,0,3.0,0,12.8,0.07
5000.0,36,9.16,159.38,B2,RENT,99000.0,Source Verified,2016-03-01,debt_consolidation,15.27,2002-07-01,9.0,0.0,7518.0,64.3,13.0,w,INDIVIDUAL,0.0,0.0,0,10.0,0,13.7,0.051
35000.0,36,16.29,1235.52,C4,RENT,100000.0,Verified,2013-02-01,debt_consolidation,21.18,1999-07-01,9.0,0.0,23149.0,60.3,22.0,w,INDIVIDUAL,0.0,0.0,0,10.0,0,13.6,0.35
19650.0,36,25.57,787.22,F5,MORTGAGE,63240.0,Verified,2014-08-01,debt_consolidation,24.98,1996-02-01,16.0,2.0,10987.0,69.1,22.0,f,INDIVIDUAL,4.0,2.0,0,10.0,0,18.5,0.311
28000.0,36,7.62,872.52,A3,MORTGAGE,81000.0,Verified,2013-11-01,debt_consolidation,15.39,1996-01-01,15.0,0.0,83420.0,19.4,31.0,f,INDIVIDUAL,5.0,0.0,0,10.0,0,17.8,0.346
24000.0,60,10.78,519.19,B4,MORTGAGE,90000.0,Not Verified,2016-01-01,debt_consolidation,25.53,1996-04-01,13.0,0.0,27849.0,30.5,40.0,f,INDIVIDUAL,4.0,0.0,0,10.0,0,19.8,0.267
11000.0,36,13.35,372.5,C2,RENT,90000.0,Source Verified,2014-10-01,other,8.86,2001-09-01,6.0,1.0,13682.0,81.0,12.0,w,INDIVIDUAL,3.0,1.0,0,4.0,0,13.1,0.122
9000.0,36,12.69,301.91,C2,RENT,48600.0,Source Verified,2015-09-01,debt_consolidation,24.47,1988-08-01,13.0,0.0,15533.0,54.0,43.0,w,INDIVIDUAL,2.0,0.0,1,3.0,0,27.1,0.185
7000.0,36,5.32,210.81,A1,MORTGAGE,55000.0,Source Verified,2016-01-01,debt_consolidation,19.44,1999-05-01,13.0,0.0,4835.0,37.5,16.0,w,INDIVIDUAL,0.0,0.0,0,2.0,0,16.7,0.127
15000.0,36,7.9,469.36,A4,OWN,80000.0,Verified,2013-12-01,major_purchase,20.61,2001-01-01,7.0,0.0,10754.0,78.5,20.0,w,INDIVIDUAL,0.0,0.0,0,9.0,0,12.9,0.188
25000.0,36,14.65,862.36,C5,MORTGAGE,80000.0,Source Verified,2015-05-01,debt_consolidation,37.19,1992-07-01,11.0,0.0,26325.0,74.8,22.0,f,INDIVIDUAL,1.0,0.0,0,2.0,0,22.8,0.312
8000.0,36,12.99,269.52,B4,MORTGAGE,42500.0,Not Verified,2013-11-01,debt_consolidation,14.52,2007-08-01,7.0,1.0,6426.0,30.6,10.0,f,INDIVIDUAL,0.0,1.0,0,3.0,0,6.3,0.188
21600.0,36,10.99,707.06,B4,MORTGAGE,65000.0,Verified,2015-05-01,credit_card,12.21,1994-06-01,14.0,0.0,10118.0,45.6,39.0,f,INDIVIDUAL,4.0,0.0,0,6.0,1,20.9,0.332
25000.0,36,6.99,771.82,A3,MORTGAGE,60000.0,Verified,2016-01-01,home_improvement,1.8,1994-01-01,5.0,0.0,9030.0,15.2,21.0,w,INDIVIDUAL,8.0,0.0,0,10.0,0,22.0,0.417
20000.0,60,20.49,535.35,E2,MORTGAGE,79200.0,Verified,2014-02-01,debt_consolidation,12.86,1998-05-01,6.0,0.0,20813.0,82.0,16.0,f,INDIVIDUAL,1.0,0.0,0,1.0,0,15.8,0.253
22000.0,60,13.33,504.3,C3,RENT,72000.0,Source Verified,2015-10-01,debt_consolidation,9.03,1995-09-01,7.0,0.0,378.0,2.3,12.0,w,INDIVIDUAL,0.0,0.0,0,10.0,0,20.1,0.306
6775.0,36,13.11,228.64,B4,RENT,27370.0,Source Verified,2013-05-01,debt_consolidation,15.21,2008-06-01,10.0,0.0,9097.0,67.9,11.0,f,INDIVIDUAL,0.0,0.0,0,2.0,0,4.9,0.248
11750.0,60,26.77,357.18,G1,RENT,28000.0,Verified,2015-12-01,debt_consolidation,16.67,2001-03-01,6.0,0.0,3830.0,10.0,11.0,f,INDIVIDUAL,1.0,0.0,0,6.0,1,14.8,0.42
10800.0,36,12.12,359.34,B3,RENT,41524.08,Verified,2012-05-01,debt_consolidation,23.06,1995-11-01,11.0,0.0,16086.0,83.3,16.0,f,INDIVIDUAL,0.0,0.0,0,3.0,0,16.5,0.26
9175.0,36,14.09,313.99,B5,RENT,28000.0,Verified,2012-11-01,debt_consolidation,32.57,2004-11-01,6.0,0.0,9292.0,70.4,14.0,f,INDIVIDUAL,0.0,0.0,0,6.0,0,8.0,0.328
10000.0,36,14.33,343.39,C1,RENT,135000.0,Source Verified,2012-07-01,credit_card,23.2,1988-06-01,17.0,0.0,56763.0,64.7,27.0,f,INDIVIDUAL,0.0,0.0,0,3.0,0,24.1,0.074
12000.0,36,12.99,404.27,C1,RENT,85000.0,Verified,2014-08-01,debt_consolidation,10.79,2000-11-01,7.0,0.0,9741.0,57.6,30.0,w,INDIVIDUAL,2.0,0.0,0,10.0,0,13.7,0.141
5000.0,36,12.12,166.36,B3,MORTGAGE,81600.0,Not Verified,2012-09-01,debt_consolidation,16.97,1989-05-01,16.0,0.0,25524.0,68.2,39.0,f,INDIVIDUAL,6.0,0.0,0,10.0,0,23.3,0.061
24000.0,36,14.46,825.64,C4,MORTGAGE,210000.0,Source Verified,2016-04-01,credit_card,9.94,1994-06-01,13.0,0.0,39833.0,78.5,21.0,w,INDIVIDUAL,3.0,0.0,0,10.0,0,21.8,0.114
7200.0,36,10.99,235.69,B3,MORTGAGE,65000.0,Not Verified,2014-07-01,debt_consolidation,25.33,1981-07-01,12.0,0.0,3378.0,59.3,18.0,f,INDIVIDUAL,1.0,0.0,0,5.0,0,33.0,0.111
18000.0,36,17.57,646.87,D2,RENT,46140.0,Source Verified,2013-12-01,debt_consolidation,29.34,1998-04-01,24.0,0.0,23083.0,33.9,41.0,f,INDIVIDUAL,0.0,0.0,0,6.0,0,15.7,0.39
12000.0,36,10.99,392.81,B3,MORTGAGE,38000.0,Source Verified,2014-10-01,home_improvement,20.25,1987-04-01,7.0,1.0,3327.0,26.6,18.0,f,INDIVIDUAL,0.0,1.0,0,10.0,0,27.5,0.316
26500.0,36,14.33,909.97,C2,MORTGAGE,72000.0,Verified,2013-08-01,credit_card,21.12,2001-11-01,10.0,0.0,27859.0,90.4,40.0,f,INDIVIDUAL,3.0,0.0,0,10.0,0,11.7,0.368
8000.0,36,7.89,250.29,A5,MORTGAGE,45000.0,Not Verified,2016-03-01,debt_consolidation,29.55,1995-02-01,20.0,0.0,6015.0,13.0,45.0,w,INDIVIDUAL,4.0,0.0,0,10.0,0,21.1,0.178
3200.0,36,6.49,98.07,A2,MORTGAGE,50000.0,Not Verified,2014-10-01,credit_card,10.66,2001-12-01,6.0,0.0,3147.0,9.1,13.0,w,INDIVIDUAL,2.0,0.0,0,10.0,0,12.8,0.064
1500.0,36,17.27,53.69,C5,RENT,33000.0,Verified,2013-04-01,debt_consolidation,30.18,2001-06-01,9.0,0.0,10029.0,23.8,22.0,f,INDIVIDUAL,2.0,0.0,0,10.0,0,11.8,0.045
15000.0,60,17.1,373.6,C5,RENT,100000.0,Verified,2013-10-01,debt_consolidation,12.46,1998-10-01,11.0,0.0,4922.0,23.1,44.0,f,INDIVIDUAL,0.0,0.0,0,10.0,0,15.0,0.15
15000.0,36,9.75,482.25,B3,MORTGAGE,200000.0,Not Verified,2016-03-01,home_improvement,6.11,1983-11-01,10.0,1.0,2624.0,8.9,32.0,w,INDIVIDUAL,2.0,1.0,0,10.0,0,32.3,0.075
8000.0,36,17.57,287.5,D4,MORTGAGE,92000.0,Not Verified,2014-07-01,debt_consolidation,32.66,1977-03-01,14.0,1.0,26758.0,89.5,42.0,w,INDIVIDUAL,0.0,0.0,1,8.0,0,37.3,0.087
8000.0,36,17.57,287.5,D4,RENT,38645.17,Not Verified,2014-06-01,credit_card,27.17,2010-06-01,11.0,0.0,4866.0,50.7,17.0,w,INDIVIDUAL,0.0,0.0,0,3.0,0,4.0,0.207
7500.0,36,8.9,238.15,A5,RENT,66000.0,Source Verified,2012-04-01,debt_consolidation,10.02,1998-01-01,9.0,1.0,2382.0,13.4,25.0,f,INDIVIDUAL,2.0,1.0,0,6.0,0,14.2,0.114
20000.0,36,15.61,699.3,C4,MORTGAGE,65700.0,Verified,2014-02-01,debt_consolidation,28.4,1969-10-01,13.0,0.0,9447.0,56.2,37.0,f,INDIVIDUAL,6.0,0.0,0,7.0,0,44.3,0.304
14500.0,60,17.93,367.66,E5,RENT,40200.0,Verified,2010-07-01,debt_consolidation,19.4,1999-02-01,11.0,0.0,10871.0,38.8,30.0,f,INDIVIDUAL,2.0,0.0,0,10.0,0,11.4,0.361
18000.0,36,10.15,582.08,B2,MORTGAGE,110000.0,Verified,2014-07-01,debt_consolidation,10.74,1998-04-01,8.0,0.0,2064.0,22.4,29.0,w,INDIVIDUAL,3.0,0.0,0,10.0,0,16.2,0.164
16000.0,60,13.35,366.93,C2,RENT,127660.0,Source Verified,2014-07-01,debt_consolidation,22.49,2001-05-01,13.0,0.0,19181.0,70.8,42.0,w,INDIVIDUAL,5.0,0.0,0,10.0,0,13.2,0.125
8400.0,36,10.99,274.97,B4,RENT,65000.0,Source Verified,2015-10-01,other,14.99,2002-06-01,9.0,1.0,9426.0,44.5,36.0,f,INDIVIDUAL,4.0,1.0,1,0.0,0,13.3,0.129
25000.0,60,18.55,642.34,E2,MORTGAGE,110000.0,Source Verified,2015-06-01,credit_card,24.21,1994-09-01,6.0,0.0,45590.0,106.3,18.0,w,INDIVIDUAL,2.0,0.0,0,10.0,0,20.7,0.227
11000.0,36,7.89,344.15,A5,MORTGAGE,59000.0,Source Verified,2015-03-01,debt_consolidation,21.89,1996-08-01,10.0,0.0,13966.0,57.7,39.0,w,INDIVIDUAL,9.0,0.0,0,10.0,0,18.6,0.186
15000.0,60,12.85,340.15,B4,RENT,77200.0,Source Verified,2014-01-01,credit_card,17.89,1995-10-01,24.0,1.0,8134.0,71.4,47.0,f,INDIVIDUAL,0.0,1.0,0,5.0,0,18.3,0.194
12000.0,60,17.57,301.93,D4,RENT,93000.0,Source Verified,2014-06-01,major_purchase,20.31,2003-04-01,14.0,0.0,5885.0,85.3,20.0,w,INDIVIDUAL,0.0,0.0,0,10.0,0,11.2,0.129
6000.0,36,6.03,182.62,A1,MORTGAGE,76000.0,Not Verified,2015-02-01,debt_consolidation,21.77,1994-01-01,21.0,0.0,33519.0,29.6,49.0,f,INDIVIDUAL,4.0,0.0,0,10.0,0,21.1,0.079
16000.0,60,16.78,395.76,C5,MORTGAGE,53000.0,Verified,2013-08-01,debt_consolidation,18.25,1995-04-01,7.0,0.0,20677.0,96.6,19.0,f,INDIVIDUAL,3.0,0.0,0,10.0,0,18.3,0.302
16000.0,36,16.29,564.81,D2,RENT,40000.0,Not Verified,2014-07-01,debt_consolidation,25.08,1999-07-01,18.0,0.0,14925.0,40.6,42.0,f,INDIVIDUAL,0.0,0.0,1,2.0,0,15.0,0.4
15000.0,60,9.17,312.62,B2,MORTGAGE,103000.0,Source Verified,2015-03-01,car,15.41,1994-06-01,13.0,0.0,3047.0,15.7,40.0,f,INDIVIDUAL,5.0,0.0,0,10.0,0,20.7,0.146
15000.0,60,11.53,330.12,B5,MORTGAGE,100000.0,Not Verified,2015-09-01,credit_card,4.21,1993-06-01,5.0,0.0,10362.0,61.7,9.0,w,INDIVIDUAL,1.0,0.0,0,10.0,0,22.3,0.15
5000.0,36,12.99,168.45,B5,RENT,37500.0,Not Verified,2014-02-01,debt_consolidation,24.35,1999-10-01,7.0,0.0,3581.0,76.2,17.0,f,INDIVIDUAL,0.0,0.0,0,0.0,0,14.3,0.133
21000.0,36,17.57,754.68,D4,RENT,420000.0,Verified,2015-10-01,debt_consolidation,3.46,1960-04-01,7.0,0.0,53525.0,77.5,18.0,f,INDIVIDUAL,0.0,0.0,0,6.0,1,55.5,0.05
16000.0,36,10.25,518.16,B2,OWN,53000.0,Not Verified,2010-03-01,debt_consolidation,11.95,1987-07-01,19.0,0.0,19064.0,41.4,69.0,f,INDIVIDUAL,3.0,0.0,0,8.0,0,22.7,0.302
14400.0,36,6.24,439.65,A2,RENT,50000.0,Source Verified,2015-11-01,credit_card,12.42,2004-10-01,16.0,0.0,15137.0,33.6,22.0,w,INDIVIDUAL,0.0,0.0,0,2.0,0,11.1,0.288
15000.0,36,13.33,507.8,C3,MORTGAGE,36000.0,Not Verified,2015-04-01,credit_card,21.15,1999-11-01,15.0,0.0,14413.0,39.3,37.0,w,INDIVIDUAL,3.0,0.0,0,8.0,0,15.4,0.417
27225.0,60,20.99,736.38,E5,MORTGAGE,54496.0,Source Verified,2015-07-01,debt_consolidation,31.23,2002-04-01,12.0,0.0,31610.0,55.0,26.0,w,INDIVIDUAL,2.0,0.0,0,10.0,0,13.2,0.5
7200.0,36,13.98,246.01,C1,RENT,28800.0,Not Verified,2014-01-01,credit_card,29.17,2008-06-01,18.0,0.0,6640.0,74.6,30.0,f,INDIVIDUAL,0.0,0.0,0,3.0,0,5.6,0.25
1600.0,36,7.88,50.05,A5,RENT,35000.0,Not Verified,2010-06-01,moving,19.82,1998-11-01,8.0,0.0,2449.0,12.5,13.0,f,INDIVIDUAL,0.0,0.0,1,0.0,0,11.6,0.046
19900.0,36,13.11,671.57,B4,MORTGAGE,86284.0,Not Verified,2012-07-01,debt_consolidation,19.21,2003-04-01,13.0,0.0,28940.0,65.2,26.0,f,INDIVIDUAL,1.0,0.0,0,6.0,0,9.3,0.231
11000.0,36,7.89,344.15,A5,MORTGAGE,95000.0,Not Verified,2016-05-01,debt_consolidation,11.06,2003-09-01,13.0,0.0,11103.0,38.7,37.0,w,INDIVIDUAL,1.0,0.0,0,10.0,0,12.7,0.116
15000.0,36,13.65,510.12,C1,RENT,63000.0,Source Verified,2014-03-01,major_purchase,15.83,1983-11-01,8.0,1.0,1894.0,26.3,41.0,f,INDIVIDUAL,2.0,1.0,0,10.0,0,30.3,0.238
12000.0,36,13.99,410.08,C3,OWN,55000.0,Verified,2016-08-01,debt_consolidation,31.96,2000-07-01,18.0,0.0,23615.0,91.9,30.0,w,INDIVIDUAL,2.0,0.0,0,8.0,0,16.1,0.218
5350.0,36,6.24,163.34,A2,MORTGAGE,40000.0,Not Verified,2015-09-01,credit_card,25.83,2003-10-01,5.0,0.0,6686.0,89.1,20.0,w,INDIVIDUAL,1.0,0.0,0,10.0,0,11.9,0.134
26000.0,36,14.33,892.8,C1,MORTGAGE,60000.0,Verified,2013-02-01,debt_consolidation,19.44,1999-09-01,7.0,0.0,32545.0,66.1,20.0,w,INDIVIDUAL,2.0,0.0,0,6.0,0,13.4,0.433
8000.0,36,12.68,268.33,C1,MORTGAGE,35000.0,Source Verified,2011-01-01,debt_consolidation,5.93,1996-12-01,8.0,1.0,3336.0,39.7,24.0,f,INDIVIDUAL,1.0,1.0,0,10.0,0,14.1,0.229
18000.0,36,11.99,597.78,B3,MORTGAGE,78000.0,Source Verified,2014-02-01,credit_card,28.6,2003-03-01,10.0,0.0,14950.0,52.3,29.0,f,INDIVIDUAL,2.0,0.0,0,10.0,0,10.9,0.231
13700.0,36,13.35,463.93,C2,MORTGAGE,50000.0,Source Verified,2014-05-01,credit_card,8.19,1994-09-01,10.0,1.0,7825.0,45.2,24.0,w,INDIVIDUAL,3.0,1.0,0,5.0,0,19.7,0.274
16000.0,60,15.61,385.79,D1,MORTGAGE,55000.0,Not Verified,2014-07-01,debt_consolidation,17.8,1997-01-01,7.0,1.0,11273.0,48.6,25.0,f,INDIVIDUAL,5.0,1.0,0,10.0,0,17.5,0.291
14025.0,60,19.99,371.5,E1,RENT,45000.0,Source Verified,2014-03-01,debt_consolidation,20.11,2003-06-01,12.0,0.0,15840.0,69.5,26.0,w,INDIVIDUAL,0.0,0.0,1,2.0,0,10.7,0.312
35000.0,60,18.25,893.54,E1,MORTGAGE,120000.0,Verified,2015-02-01,major_purchase,7.1,2005-12-01,6.0,0.0,8163.0,24.1,10.0,f,INDIVIDUAL,0.0,0.0,0,4.0,0,9.2,0.292
3000.0,36,11.55,99.0,B3,RENT,45000.0,Not Verified,2013-08-01,major_purchase,0.75,2005-07-01,9.0,0.0,151.0,0.6,11.0,w,INDIVIDUAL,0.0,0.0,0,10.0,0,8.1,0.067
16750.0,36,18.25,607.66,D3,MORTGAGE,62000.0,Verified,2014-01-01,debt_consolidation,23.0,1998-04-01,15.0,1.0,22998.0,82.1,36.0,f,INDIVIDUAL,5.0,0.0,0,10.0,0,15.8,0.27
17000.0,36,15.8,596.0,C3,MORTGAGE,48000.0,Not Verified,2012-10-01,credit_card,14.98,1994-01-01,18.0,0.0,22721.0,63.6,33.0,f,INDIVIDUAL,2.0,0.0,0,4.0,0,18.7,0.354
10500.0,36,5.32,316.21,A1,OWN,48000.0,Source Verified,2015-11-01,debt_consolidation,9.55,1994-12-01,3.0,0.0,728.0,11.7,11.0,w,INDIVIDUAL,1.0,0.0,0,10.0,0,20.9,0.219
20125.0,60,11.14,438.98,B2,MORTGAGE,45000.0,Source Verified,2013-06-01,debt_consolidation,10.32,2001-05-01,10.0,0.0,16490.0,69.9,15.0,w,INDIVIDUAL,1.0,0.0,0,6.0,0,12.1,0.447
5000.0,36,16.99,178.24,D3,MORTGAGE,90000.0,Source Verified,2014-07-01,other,12.33,2000-05-01,7.0,0.0,5722.0,67.1,21.0,f,INDIVIDUAL,6.0,0.0,0,6.0,1,14.2,0.056
19200.0,60,12.99,436.77,C1,MORTGAGE,62000.0,Not Verified,2014-10-01,credit_card,33.02,1988-04-01,9.0,0.0,16219.0,72.1,31.0,w,INDIVIDUAL,3.0,0.0,0,10.0,0,26.5,0.31
21000.0,60,16.29,513.93,C4,MORTGAGE,90000.0,Verified,2013-06-01,debt_consolidation,6.75,1999-11-01,11.0,0.0,12205.0,50.9,33.0,f,INDIVIDUAL,0.0,0.0,0,0.0,0,13.6,0.233
7000.0,36,11.14,229.64,B2,OWN,25000.0,Not Verified,2012-10-01,debt_consolidation,23.9,2004-09-01,5.0,0.0,16998.0,32.5,10.0,f,INDIVIDUAL,0.0,0.0,0,4.0,0,8.1,0.28
7000.0,36,6.49,214.52,A2,RENT,60000.0,Source Verified,2016-03-01,debt_consolidation,23.62,1999-11-01,18.0,0.0,14559.0,18.0,35.0,w,INDIVIDUAL,0.0,0.0,0,2.0,0,16.3,0.117
35000.0,60,17.57,880.61,D4,RENT,114000.0,Verified,2015-06-01,home_improvement,7.55,2002-03-01,13.0,0.0,3946.0,8.1,22.0,w,INDIVIDUAL,4.0,0.0,0,10.0,0,13.3,0.307
15375.0,60,16.99,382.03,D3,RENT,35000.0,Source Verified,2014-07-01,debt_consolidation,27.61,1993-10-01,14.0,1.0,10799.0,39.0,43.0,w,INDIVIDUAL,1.0,1.0,0,2.0,0,20.7,0.439
10000.0,36,9.91,322.25,B1,RENT,50000.0,Source Verified,2012-01-01,debt_consolidation,14.3,1988-02-01,17.0,0.0,16677.0,38.5,25.0,f,INDIVIDUAL,1.0,0.0,0,10.0,0,23.9,0.2
2000.0,60,14.17,46.72,C5,MORTGAGE,45000.0,Not Verified,2011-03-01,car,17.07,1989-01-01,9.0,0.0,5750.0,24.7,43.0,f,INDIVIDUAL,3.0,0.0,0,10.0,0,22.2,0.044
17175.0,60,19.05,446.01,D4,MORTGAGE,44290.0,Verified,2012-11-01,debt_consolidation,24.03,2001-09-01,12.0,0.0,16872.0,66.2,26.0,f,INDIVIDUAL,0.0,0.0,1,10.0,0,11.2,0.388
8000.0,36,12.69,268.36,C2,RENT,30000.0,Not Verified,2015-04-01,debt_consolidation,20.4,2011-06-01,7.0,0.0,6706.0,63.3,8.0,w,INDIVIDUAL,0.0,0.0,0,1.0,0,3.8,0.267
16000.0,36,14.09,547.55,B5,MORTGAGE,72000.0,Source Verified,2013-02-01,credit_card,19.25,1994-11-01,16.0,0.0,9740.0,91.0,27.0,w,INDIVIDUAL,2.0,0.0,0,10.0,0,18.3,0.222
35000.0,60,19.99,927.1,E4,MORTGAGE,110000.0,Source Verified,2015-07-01,debt_consolidation,4.39,2005-10-01,16.0,0.0,12150.0,37.2,30.0,w,INDIVIDUAL,4.0,0.0,0,10.0,0,9.7,0.318
14825.0,36,15.31,516.17,C2,RENT,38000.0,Verified,2013-03-01,small_business,20.81,2001-10-01,10.0,0.0,9347.0,17.4,17.0,w,INDIVIDUAL,0.0,0.0,0,0.0,0,11.4,0.39
9600.0,36,12.29,320.19,C1,MORTGAGE,88000.0,Source Verified,2015-04-01,debt_consolidation,22.99,2001-05-01,10.0,1.0,255.0,5.7,22.0,w,INDIVIDUAL,1.0,1.0,0,2.0,0,13.9,0.109
20775.0,60,23.4,590.45,E5,OWN,83000.0,Source Verified,2013-12-01,debt_consolidation,15.12,1991-09-01,12.0,0.0,19623.0,94.3,23.0,f,INDIVIDUAL,3.0,0.0,1,10.0,0,22.3,0.25
9600.0,36,10.15,310.45,B2,RENT,24000.0,Not Verified,2014-05-01,debt_consolidation,17.9,2001-07-01,9.0,0.0,3721.0,70.2,21.0,w,INDIVIDUAL,0.0,0.0,0,1.0,0,12.8,0.4
22000.0,36,15.61,769.23,C4,OWN,85000.0,Verified,2013-12-01,debt_consolidation,19.91,1999-07-01,23.0,0.0,45235.0,67.3,58.0,f,INDIVIDUAL,1.0,0.0,1,0.0,0,14.4,0.259
20000.0,36,15.88,701.96,C4,RENT,90000.0,Verified,2013-07-01,debt_consolidation,18.09,1987-08-01,8.0,0.0,27204.0,54.8,24.0,f,INDIVIDUAL,4.0,0.0,0,4.0,0,25.9,0.222
11700.0,36,14.64,403.53,C3,MORTGAGE,60000.0,Verified,2014-04-01,debt_consolidation,22.34,1998-05-01,11.0,0.0,4735.0,29.0,55.0,w,INDIVIDUAL,19.0,0.0,1,10.0,0,15.9,0.195
3000.0,36,13.65,102.03,C1,MORTGAGE,53200.0,Source Verified,2014-03-01,credit_card,17.82,1993-12-01,13.0,0.0,5706.0,78.2,20.0,f,INDIVIDUAL,1.0,0.0,1,10.0,0,20.2,0.056
2575.0,36,13.98,87.99,C3,MORTGAGE,52000.0,Not Verified,2014-05-01,debt_consolidation,22.5,1994-12-01,13.0,0.0,13966.0,58.7,45.0,w,INDIVIDUAL,6.0,0.0,0,10.0,0,19.4,0.05
12000.0,60,16.2,293.1,C4,MORTGAGE,38000.0,Verified,2013-11-01,credit_card,22.11,2004-12-01,6.0,0.0,11186.0,83.5,21.0,f,INDIVIDUAL,3.0,0.0,0,7.0,0,8.9,0.316
8500.0,36,13.33,287.76,C3,RENT,30000.0,Source Verified,2015-04-01,debt_consolidation,30.55,1990-06-01,13.0,0.0,8608.0,37.1,24.0,f,INDIVIDUAL,0.0,0.0,0,3.0,0,24.8,0.283
7500.0,60,15.99,182.35,D2,MORTGAGE,102996.0,Not Verified,2011-08-01,home_improvement,14.23,1999-09-01,10.0,0.0,27537.0,90.0,46.0,f,INDIVIDUAL,3.0,0.0,0,10.0,0,11.9,0.073
8600.0,36,14.99,298.08,C5,RENT,24000.0,Not Verified,2014-10-01,debt_consolidation,20.45,1991-04-01,12.0,1.0,10126.0,66.2,21.0,w,INDIVIDUAL,1.0,1.0,0,0.0,0,23.5,0.358
10000.0,36,10.99,327.34,B3,RENT,60000.0,Not Verified,2014-06-01,debt_consolidation,20.78,2005-04-01,13.0,0.0,11214.0,49.8,21.0,f,INDIVIDUAL,0.0,0.0,0,5.0,0,9.2,0.167
10500.0,36,18.49,382.19,D2,RENT,65000.0,Source Verified,2012-12-01,small_business,4.84,1991-08-01,4.0,0.0,4427.0,41.0,20.0,f,INDIVIDUAL,0.0,0.0,0,2.0,0,21.3,0.162
15000.0,36,8.39,472.75,B1,MORTGAGE,52000.0,Verified,2016-04-01,debt_consolidation,16.52,2006-03-01,17.0,0.0,10677.0,25.0,23.0,w,INDIVIDUAL,1.0,0.0,0,8.0,0,10.1,0.288
32000.0,60,12.69,723.04,C2,MORTGAGE,75000.0,Verified,2015-09-01,debt_consolidation,15.41,1995-09-01,7.0,0.0,32898.0,86.3,14.0,w,INDIVIDUAL,2.0,0.0,0,10.0,0,20.0,0.427
18000.0,36,14.33,618.09,C1,RENT,78000.0,Not Verified,2013-04-01,debt_consolidation,16.68,2001-01-01,12.0,0.0,18859.0,77.0,16.0,w,INDIVIDUAL,1.0,0.0,0,6.0,0,12.2,0.231
5300.0,36,9.17,168.96,B1,MORTGAGE,70848.0,Source Verified,2014-05-01,car,34.38,1998-03-01,13.0,0.0,2781.0,9.6,33.0,f,INDIVIDUAL,1.0,0.0,0,10.0,0,16.2,0.075
20000.0,36,7.89,625.72,A5,MORTGAGE,115000.0,Source Verified,2015-07-01,debt_consolidation,12.21,2000-03-01,18.0,0.0,144017.0,77.4,42.0,w,INDIVIDUAL,7.0,0.0,0,2.0,0,15.3,0.174
9000.0,36,12.39,300.61,C1,RENT,47000.0,Source Verified,2015-01-01,debt_consolidation,26.02,1996-11-01,18.0,0.0,13617.0,30.3,26.0,f,INDIVIDUAL,0.0,0.0,1,10.0,0,18.2,0.191
19725.0,60,19.52,517.34,E3,RENT,47000.0,Source Verified,2015-04-01,debt_consolidation,26.02,1999-03-01,8.0,1.0,14402.0,57.6,24.0,f,INDIVIDUAL,0.0,1.0,1,7.0,0,16.1,0.42
6400.0,36,13.35,216.73,C2,MORTGAGE,80000.0,Not Verified,2014-10-01,debt_consolidation,12.89,2002-11-01,7.0,0.0,2178.0,54.4,10.0,w,INDIVIDUAL,2.0,0.0,0,5.0,0,11.9,0.08
15000.0,36,7.26,464.95,A4,MORTGAGE,80000.0,Source Verified,2015-08-01,debt_consolidation,15.13,2006-09-01,15.0,0.0,21057.0,52.0,18.0,f,INDIVIDUAL,0.0,0.0,0,0.0,0,8.9,0.188
14075.0,36,6.62,432.16,A2,OWN,87000.0,Verified,2012-09-01,credit_card,10.36,1983-09-01,9.0,0.0,2559.0,35.5,20.0,f,INDIVIDUAL,0.0,0.0,0,0.0,0,29.0,0.162
20000.0,60,24.08,576.29,F2,RENT,75000.0,Verified,2013-12-01,major_purchase,8.46,2000-11-01,10.0,0.0,17050.0,84.0,25.0,f,INDIVIDUAL,3.0,0.0,1,4.0,0,13.1,0.267
7300.0,36,14.99,253.03,C5,OWN,54000.0,Verified,2014-10-01,debt_consolidation,16.68,1998-07-01,11.0,0.0,17722.0,80.9,23.0,w,INDIVIDUAL,3.0,0.0,0,10.0,0,16.3,0.135
21000.0,60,17.86,531.67,D5,RENT,60000.0,Source Verified,2015-08-01,debt_consolidation,18.88,2005-11-01,7.0,0.0,7577.0,39.5,10.0,w,INDIVIDUAL,0.0,0.0,1,5.0,0,9.7,0.35
7000.0,36,11.44,230.64,B4,MORTGAGE,60000.0,Not Verified,2014-11-01,debt_consolidation,37.18,1993-03-01,13.0,0.0,10726.0,24.7,38.0,f,INDIVIDUAL,3.0,0.0,0,4.0,0,21.7,0.117
15725.0,36,7.12,486.41,A3,MORTGAGE,84000.0,Verified,2014-06-01,debt_consolidation,23.66,2005-01-01,20.0,0.0,12238.0,19.6,43.0,w,INDIVIDUAL,5.0,0.0,0,7.0,0,9.4,0.187
4000.0,36,18.55,145.72,D2,MORTGAGE,20157.0,Verified,2013-12-01,debt_consolidation,17.21,2000-07-01,10.0,1.0,6549.0,50.8,17.0,f,INDIVIDUAL,2.0,1.0,0,6.0,1,13.4,0.198
33000.0,60,10.49,709.14,B3,RENT,210000.0,Source Verified,2016-08-01,debt_consolidation,8.83,1998-08-01,16.0,0.0,36949.0,28.8,44.0,w,INDIVIDUAL,0.0,0.0,0,3.0,0,18.0,0.157
12000.0,36,14.33,412.06,C1,MORTGAGE,96000.0,Not Verified,2012-09-01,debt_consolidation,13.53,1994-01-01,13.0,0.0,12968.0,58.9,23.0,f,INDIVIDUAL,5.0,0.0,0,3.0,0,18.7,0.125
4000.0,36,13.11,134.99,B4,MORTGAGE,62000.0,Not Verified,2012-11-01,major_purchase,9.5,1994-07-01,10.0,0.0,28099.0,79.4,30.0,f,INDIVIDUAL,9.0,0.0,1,10.0,0,18.3,0.065
9925.0,36,7.9,310.56,A4,OWN,73000.0,Source Verified,2014-04-01,credit_card,12.33,2002-12-01,17.0,0.0,10492.0,37.2,26.0,w,INDIVIDUAL,1.0,0.0,0,10.0,0,11.3,0.136
28500.0,36,19.52,1052.21,E2,RENT,65000.0,Verified,2014-09-01,debt_consolidation,12.08,2002-07-01,17.0,1.0,22934.0,44.6,27.0,f,INDIVIDUAL,0.0,1.0,0,10.0,0,12.2,0.438
12000.0,60,16.78,296.82,C5,MORTGAGE,59000.0,Verified,2013-09-01,debt_consolidation,31.06,1995-10-01,20.0,0.0,19705.0,71.4,34.0,f,INDIVIDUAL,4.0,0.0,1,10.0,0,17.9,0.203
8975.0,36,7.9,280.84,A4,MORTGAGE,45000.0,Verified,2013-02-01,debt_consolidation,30.91,2000-07-01,12.0,0.0,8997.0,36.1,21.0,f,INDIVIDUAL,1.0,0.0,0,6.0,0,12.6,0.199
10000.0,36,9.17,318.79,B2,RENT,48000.0,Not Verified,2015-08-01,debt_consolidation,14.68,2001-07-01,10.0,1.0,14728.0,64.0,31.0,w,INDIVIDUAL,5.0,1.0,0,6.0,1,14.1,0.208
10000.0,36,13.72,340.42,C5,RENT,85000.0,Source Verified,2010-11-01,debt_consolidation,6.78,2001-05-01,12.0,0.0,6608.0,53.7,26.0,f,INDIVIDUAL,2.0,0.0,0,6.0,0,9.5,0.118
5500.0,36,10.99,180.04,B4,RENT,32000.0,Not Verified,2015-07-01,credit_card,23.16,2011-09-01,18.0,0.0,5228.0,25.5,20.0,f,INDIVIDUAL,0.0,0.0,0,5.0,0,3.8,0.172
7000.0,36,6.97,216.05,A2,MORTGAGE,100500.0,Not Verified,2013-10-01,home_improvement,1.84,1990-12-01,19.0,0.0,2809.0,5.8,46.0,w,INDIVIDUAL,4.0,0.0,0,10.0,0,22.8,0.07
6000.0,36,8.9,190.52,A5,MORTGAGE,80000.0,Not Verified,2012-12-01,debt_consolidation,7.17,1996-06-01,8.0,0.0,8863.0,53.4,19.0,f,INDIVIDUAL,1.0,0.0,0,10.0,0,16.5,0.075
20275.0,60,20.2,539.43,E3,RENT,44133.0,Source Verified,2014-10-01,home_improvement,36.87,1980-09-01,7.0,0.0,1990.0,37.5,18.0,w,INDIVIDUAL,0.0,0.0,1,10.0,0,34.1,0.459
25000.0,36,10.64,814.22,B2,RENT,75000.0,Verified,2013-08-01,credit_card,26.14,1976-12-01,9.0,0.0,28895.0,64.8,30.0,f,INDIVIDUAL,2.0,0.0,0,10.0,0,36.7,0.333
15000.0,36,13.35,507.95,C2,RENT,55000.0,Source Verified,2014-08-01,debt_consolidation,11.39,1998-05-01,8.0,1.0,3577.0,25.7,8.0,w,INDIVIDUAL,0.0,1.0,0,7.0,0,16.3,0.273
18000.0,36,7.49,559.83,A4,MORTGAGE,81608.0,Source Verified,2015-01-01,debt_consolidation,26.13,2000-07-01,22.0,0.0,14704.0,30.6,39.0,w,INDIVIDUAL,4.0,0.0,0,10.0,0,14.5,0.221
20000.0,60,9.99,424.85,B3,OWN,90000.0,Source Verified,2015-07-01,major_purchase,19.65,1987-11-01,13.0,0.0,77205.0,37.6,21.0,w,INDIVIDUAL,2.0,0.0,0,10.0,0,27.7,0.222
14400.0,36,6.99,444.57,A2,RENT,45000.0,Source Verified,2016-10-01,debt_consolidation,28.64,1991-09-01,16.0,1.0,12525.0,32.8,44.0,w,INDIVIDUAL,2.0,1.0,0,0.0,0,25.1,0.32
6000.0,36,14.27,205.86,C2,MORTGAGE,94800.0,Verified,2011-12-01,car,24.53,1986-03-01,13.0,0.0,71890.0,95.9,30.0,f,INDIVIDUAL,2.0,0.0,0,10.0,0,25.8,0.063
5400.0,36,14.99,187.17,C5,RENT,51907.0,Source Verified,2014-07-01,other,12.18,2000-01-01,19.0,0.0,3174.0,52.0,36.0,w,INDIVIDUAL,0.0,0.0,0,0.0,0,14.5,0.104
10000.0,60,11.67,220.79,B4,RENT,50000.0,Verified,2014-09-01,credit_card,17.79,2006-09-01,12.0,0.0,9860.0,69.0,17.0,f,INDIVIDUAL,0.0,0.0,0,10.0,0,8.0,0.2
4000.0,36,13.98,136.68,C3,RENT,107000.0,Source Verified,2010-08-01,car,7.33,1995-05-01,10.0,0.0,18301.0,95.3,12.0,f,INDIVIDUAL,0.0,0.0,0,4.0,0,15.3,0.037
35000.0,60,18.25,893.54,E1,MORTGAGE,80000.0,Verified,2015-03-01,debt_consolidation,36.36,2001-06-01,10.0,0.0,22491.0,87.5,35.0,f,INDIVIDUAL,6.0,0.0,1,10.0,0,13.7,0.438
30000.0,60,19.42,785.17,E3,OWN,122004.0,Verified,2012-01-01,other,18.3,1994-09-01,10.0,0.0,40010.0,93.3,21.0,f,INDIVIDUAL,1.0,0.0,0,3.0,0,17.3,0.246
10000.0,36,7.69,311.94,A4,MORTGAGE,82500.0,Not Verified,2014-07-01,credit_card,16.83,1998-12-01,16.0,0.0,11298.0,39.2,41.0,f,INDIVIDUAL,1.0,0.0,0,7.0,0,15.6,0.121
12000.0,36,10.99,392.81,B2,RENT,40000.0,Not Verified,2013-10-01,credit_card,23.53,2004-01-01,10.0,0.0,10873.0,61.1,18.0,f,INDIVIDUAL,0.0,0.0,0,5.0,0,9.7,0.3
10000.0,36,14.31,343.29,C4,RENT,55000.0,Source Verified,2014-12-01,credit_card,31.28,2003-01-01,10.0,0.0,14184.0,98.5,26.0,f,INDIVIDUAL,0.0,0.0,1,1.0,0,11.9,0.182
35000.0,60,17.77,884.4,D1,MORTGAGE,80000.0,Verified,2013-03-01,debt_consolidation,34.02,1994-12-01,17.0,0.0,70231.0,68.1,37.0,f,INDIVIDUAL,8.0,0.0,1,6.0,0,18.2,0.438
7000.0,60,16.59,172.43,D1,MORTGAGE,34000.0,Source Verified,2014-03-01,home_improvement,30.43,1995-11-01,11.0,0.0,12835.0,42.8,29.0,f,INDIVIDUAL,2.0,0.0,0,10.0,0,18.3,0.206
16000.0,36,7.89,500.58,A5,RENT,68000.0,Verified,2016-04-01,other,3.21,1989-06-01,6.0,1.0,1978.0,11.4,31.0,w,INDIVIDUAL,7.0,1.0,0,1.0,0,26.8,0.235
24000.0,36,8.9,762.08,A5,RENT,115000.0,Source Verified,2013-04-01,debt_consolidation,20.15,1997-06-01,18.0,0.0,23675.0,67.5,33.0,w,INDIVIDUAL,0.0,0.0,1,10.0,0,15.8,0.209
23000.0,36,16.29,811.91,D2,RENT,55000.0,Source Verified,2014-10-01,credit_card,24.48,2006-05-01,11.0,0.0,22782.0,83.5,18.0,f,INDIVIDUAL,0.0,0.0,0,9.0,0,8.4,0.418
12600.0,36,13.99,430.58,C4,MORTGAGE,48000.0,Source Verified,2015-04-01,debt_consolidation,33.45,1996-09-01,13.0,0.0,10912.0,88.7,18.0,f,INDIVIDUAL,0.0,0.0,0,0.0,0,18.6,0.262
32000.0,36,10.99,1047.49,B2,MORTGAGE,90000.0,Source Verified,2014-01-01,debt_consolidation,15.96,1986-04-01,17.0,0.0,25837.0,79.0,37.0,f,INDIVIDUAL,3.0,0.0,0,10.0,0,27.8,0.356
6000.0,36,15.1,208.29,C2,RENT,45000.0,Source Verified,2013-11-01,debt_consolidation,4.83,2006-09-01,5.0,0.0,5527.0,37.6,6.0,w,INDIVIDUAL,0.0,0.0,0,0.0,0,7.2,0.133
11000.0,36,15.31,383.0,C2,RENT,70000.0,Source Verified,2012-10-01,debt_consolidation,21.43,1997-06-01,13.0,0.0,16047.0,59.7,28.0,f,INDIVIDUAL,4.0,0.0,0,8.0,0,15.3,0.157
4475.0,36,22.2,171.37,E4,MORTGAGE,165000.0,Verified,2013-08-01,other,3.03,2003-03-01,15.0,0.0,4264.0,41.8,54.0,w,INDIVIDUAL,2.0,0.0,1,9.0,0,10.4,0.027
20000.0,36,12.99,673.79,B4,RENT,103000.0,Source Verified,2013-11-01,debt_consolidation,23.49,2001-05-01,16.0,0.0,19889.0,46.3,23.0,f,INDIVIDUAL,0.0,0.0,1,10.0,0,12.5,0.194
12000.0,36,15.8,420.71,C3,MORTGAGE,66000.0,Verified,2013-04-01,debt_consolidation,25.51,2003-08-01,9.0,0.0,13002.0,90.4,25.0,w,INDIVIDUAL,1.0,0.0,0,0.0,0,9.7,0.182
27050.0,36,14.33,928.85,C2,RENT,120000.0,Verified,2013-08-01,debt_consolidation,17.81,1988-05-01,6.0,0.0,32835.0,97.7,10.0,f,INDIVIDUAL,0.0,0.0,0,2.0,0,25.3,0.225
7000.0,36,9.99,225.84,B3,MORTGAGE,100000.0,Verified,2015-10-01,debt_consolidation,30.66,1987-08-01,10.0,0.0,28421.0,83.1,21.0,w,INDIVIDUAL,1.0,0.0,0,10.0,0,28.2,0.07
20000.0,36,14.33,686.77,C1,RENT,110000.0,Verified,2012-08-01,debt_consolidation,18.24,1989-05-01,14.0,0.0,34771.0,87.9,26.0,f,INDIVIDUAL,0.0,0.0,0,10.0,0,23.3,0.182
6825.0,36,14.49,234.89,C4,MORTGAGE,34500.0,Not Verified,2014-10-01,credit_card,26.96,2002-10-01,10.0,0.0,33092.0,93.7,11.0,w,INDIVIDUAL,1.0,0.0,0,8.0,0,12.0,0.198
6400.0,36,16.55,226.75,D2,RENT,58000.0,Verified,2015-07-01,debt_consolidation,23.63,2001-08-01,19.0,1.0,5145.0,69.5,52.0,w,INDIVIDUAL,0.0,1.0,1,3.0,0,13.9,0.11
8400.0,36,22.95,324.95,F1,MORTGAGE,50000.0,Not Verified,2013-04-01,other,20.14,1998-11-01,8.0,0.0,7166.0,73.1,23.0,w,INDIVIDUAL,0.0,0.0,0,1.0,0,14.4,0.168
30000.0,60,16.59,738.98,D1,MORTGAGE,105000.0,Source Verified,2014-03-01,home_improvement,13.52,2003-11-01,14.0,0.0,13181.0,43.5,27.0,f,INDIVIDUAL,5.0,0.0,0,0.0,0,10.3,0.286
6000.0,36,13.11,202.49,B4,OWN,100000.0,Not Verified,2012-08-01,debt_consolidation,9.73,2003-11-01,19.0,0.0,11281.0,21.9,23.0,f,INDIVIDUAL,0.0,0.0,0,1.0,0,8.8,0.06
16750.0,36,16.29,591.29,D2,RENT,56000.0,Source Verified,2014-11-01,debt_consolidation,24.6,2004-11-01,8.0,0.0,20146.0,86.5,19.0,f,INDIVIDUAL,0.0,0.0,1,5.0,0,10.0,0.299
5000.0,36,6.39,153.0,A2,RENT,145000.0,Source Verified,2015-03-01,credit_card,16.83,1998-08-01,16.0,0.0,11967.0,49.7,34.0,w,INDIVIDUAL,4.0,0.0,0,9.0,0,16.6,0.034
20000.0,60,19.2,521.02,D3,MORTGAGE,70000.0,Source Verified,2013-11-01,debt_consolidation,21.62,2000-09-01,16.0,0.0,17581.0,77.1,36.0,f,INDIVIDUAL,1.0,0.0,1,2.0,0,13.2,0.286
10250.0,36,18.99,375.68,D4,RENT,45000.0,Source Verified,2016-04-01,debt_consolidation,32.08,1979-03-01,15.0,0.0,23950.0,86.2,33.0,f,INDIVIDUAL,1.0,0.0,0,5.0,0,37.1,0.228
14700.0,36,16.59,521.11,D1,RENT,35000.0,Source Verified,2014-03-01,credit_card,32.27,2008-10-01,9.0,0.0,11429.0,74.2,11.0,w,INDIVIDUAL,0.0,0.0,1,5.0,0,5.4,0.42
10000.0,36,14.09,342.22,B5,MORTGAGE,41000.0,Source Verified,2013-07-01,home_improvement,11.74,1983-11-01,5.0,0.0,20328.0,89.9,14.0,f,INDIVIDUAL,3.0,0.0,0,6.0,1,29.7,0.244
30000.0,36,16.99,1069.44,D3,OWN,125000.0,Verified,2014-08-01,home_improvement,13.31,1983-03-01,10.0,0.0,16058.0,92.8,45.0,w,INDIVIDUAL,1.0,0.0,1,6.0,1,31.4,0.24
10000.0,36,10.99,327.34,B2,MORTGAGE,71000.0,Not Verified,2014-04-01,home_improvement,18.52,1995-02-01,11.0,0.0,17553.0,51.2,21.0,f,INDIVIDUAL,4.0,0.0,0,10.0,0,19.2,0.141
14000.0,60,12.59,315.62,C2,RENT,140000.0,Source Verified,2015-11-01,debt_consolidation,8.13,1998-04-01,9.0,0.0,39407.0,72.8,22.0,w,INDIVIDUAL,1.0,0.0,1,10.0,0,17.6,0.1
10000.0,36,11.14,328.06,B2,RENT,83000.0,Source Verified,2013-02-01,credit_card,11.97,1986-02-01,9.0,0.0,24976.0,92.8,16.0,f,INDIVIDUAL,3.0,0.0,0,10.0,0,27.0,0.12
7200.0,36,11.71,238.15,B3,RENT,30000.0,Not Verified,2011-11-01,debt_consolidation,11.8,1997-05-01,6.0,0.0,11571.0,80.9,12.0,f,INDIVIDUAL,0.0,0.0,0,5.0,0,14.5,0.24
3000.0,60,10.0,63.75,B2,MORTGAGE,31500.0,Not Verified,2011-03-01,car,24.84,1989-09-01,17.0,0.0,8140.0,14.8,35.0,f,INDIVIDUAL,2.0,0.0,0,10.0,0,21.5,0.095
7000.0,36,9.17,223.16,B2,MORTGAGE,137400.0,Not Verified,2015-06-01,credit_card,23.64,1992-04-01,25.0,0.0,49796.0,78.2,54.0,w,INDIVIDUAL,5.0,0.0,0,10.0,0,23.2,0.051
15000.0,36,12.69,503.18,C2,MORTGAGE,60000.0,Source Verified,2015-04-01,debt_consolidation,39.37,2002-02-01,11.0,0.0,10704.0,63.3,23.0,f,INDIVIDUAL,2.0,0.0,0,10.0,0,13.2,0.25
29375.0,36,12.29,979.75,C1,RENT,220000.0,Source Verified,2015-07-01,debt_consolidation,15.01,2000-11-01,5.0,0.0,8128.0,22.3,37.0,w,INDIVIDUAL,2.0,0.0,0,1.0,0,14.7,0.134
21000.0,60,14.65,495.74,C2,MORTGAGE,76000.0,Verified,2012-03-01,debt_consolidation,22.37,1998-12-01,9.0,0.0,3942.0,37.3,44.0,f,INDIVIDUAL,3.0,0.0,0,9.0,0,13.2,0.276
15000.0,36,11.99,498.15,B5,MORTGAGE,45000.0,Source Verified,2014-12-01,credit_card,33.65,1988-07-01,9.0,0.0,5065.0,66.6,14.0,f,INDIVIDUAL,2.0,0.0,0,3.0,0,26.4,0.333
2200.0,36,6.24,67.17,A2,MORTGAGE,103000.0,Source Verified,2015-08-01,debt_consolidation,28.53,1994-05-01,20.0,0.0,18751.0,60.1,34.0,w,INDIVIDUAL,5.0,0.0,0,6.0,0,21.3,0.021
24000.0,36,13.11,809.93,B4,RENT,69000.0,Source Verified,2013-03-01,debt_consolidation,24.99,2004-07-01,9.0,0.0,18714.0,47.0,16.0,f,INDIVIDUAL,0.0,0.0,0,10.0,0,8.7,0.348
32950.0,60,18.25,841.21,E1,OWN,110000.0,Verified,2015-05-01,debt_consolidation,30.36,1999-09-01,9.0,0.0,50267.0,100.1,20.0,w,INDIVIDUAL,2.0,0.0,0,9.0,0,15.7,0.3
5000.0,36,10.99,163.67,B4,RENT,87000.0,Source Verified,2015-11-01,debt_consolidation,10.8,2011-07-01,9.0,0.0,2829.0,16.4,19.0,w,INDIVIDUAL,0.0,0.0,0,1.0,0,4.3,0.057
18000.0,36,10.64,586.24,B2,MORTGAGE,72000.0,Not Verified,2013-07-01,credit_card,8.8,2002-04-01,14.0,1.0,19212.0,42.9,30.0,f,INDIVIDUAL,2.0,1.0,0,2.0,0,11.2,0.25
11875.0,36,11.55,391.88,B3,MORTGAGE,60000.0,Verified,2013-08-01,credit_card,31.58,1995-04-01,8.0,0.0,31076.0,88.5,23.0,f,INDIVIDUAL,3.0,0.0,0,10.0,0,18.3,0.198
12000.0,36,12.99,404.27,C1,MORTGAGE,84000.0,Not Verified,2014-07-01,home_improvement,10.84,1997-02-01,12.0,0.0,8207.0,47.7,36.0,f,INDIVIDUAL,6.0,0.0,0,10.0,0,17.4,0.143
8000.0,36,13.66,272.11,C3,RENT,60000.0,Source Verified,2014-11-01,credit_card,10.26,2007-08-01,13.0,1.0,9531.0,48.9,13.0,f,INDIVIDUAL,0.0,1.0,0,3.0,0,7.3,0.133
7000.0,36,12.69,234.82,C2,RENT,50000.0,Verified,2015-09-01,debt_consolidation,12.82,1997-09-01,13.0,1.0,2658.0,6.6,22.0,f,INDIVIDUAL,0.0,1.0,0,2.0,0,18.0,0.14
11000.0,36,13.35,372.5,C2,RENT,35000.0,Not Verified,2014-10-01,credit_card,12.79,1997-03-01,9.0,0.0,9082.0,82.6,25.0,f,INDIVIDUAL,0.0,0.0,0,0.0,0,17.6,0.314
1000.0,36,11.71,33.08,B3,RENT,100000.0,Source Verified,2011-10-01,debt_consolidation,3.28,1995-11-01,6.0,0.0,2819.0,58.7,21.0,f,INDIVIDUAL,1.0,0.0,0,1.0,0,15.9,0.01
23100.0,60,11.44,507.34,B4,MORTGAGE,76000.0,Verified,2015-02-01,debt_consolidation,18.16,2001-08-01,20.0,0.0,20616.0,35.7,46.0,w,INDIVIDUAL,3.0,0.0,1,10.0,0,13.5,0.304
32000.0,60,13.67,739.13,C3,MORTGAGE,205000.0,Verified,2016-03-01,debt_consolidation,13.51,1999-12-01,10.0,0.0,39610.0,59.1,24.0,w,INDIVIDUAL,3.0,0.0,0,10.0,0,16.2,0.156
1500.0,36,14.16,51.39,C2,RENT,28000.0,Not Verified,2014-05-01,other,25.73,1992-04-01,4.0,0.0,1063.0,66.4,18.0,f,INDIVIDUAL,2.0,0.0,0,7.0,0,22.1,0.054
3075.0,36,17.57,110.51,D4,RENT,11676.0,Verified,2015-08-01,debt_consolidation,9.87,2009-09-01,7.0,0.0,7426.0,30.2,10.0,w,INDIVIDUAL,0.0,0.0,0,6.0,1,5.9,0.263
3000.0,36,23.7,117.23,F1,MORTGAGE,66500.0,Verified,2013-12-01,small_business,9.62,1999-05-01,12.0,0.0,4564.0,56.3,29.0,f,INDIVIDUAL,7.0,0.0,0,6.0,1,14.6,0.045
7000.0,36,8.9,222.28,A5,MORTGAGE,44100.0,Source Verified,2014-03-01,debt_consolidation,16.3,1979-08-01,8.0,2.0,7173.0,46.6,18.0,w,INDIVIDUAL,2.0,1.0,0,10.0,0,34.6,0.159
28000.0,60,17.76,707.37,D1,MORTGAGE,98000.0,Verified,2013-11-01,debt_consolidation,9.18,1987-07-01,12.0,0.0,24259.0,52.2,35.0,f,INDIVIDUAL,10.0,0.0,1,10.0,0,26.3,0.286
2500.0,36,13.35,84.66,C4,MORTGAGE,45600.0,Not Verified,2010-10-01,medical,24.05,2005-06-01,7.0,1.0,3423.0,83.5,10.0,f,INDIVIDUAL,0.0,1.0,0,6.0,1,5.3,0.055
7000.0,36,17.77,252.26,D1,RENT,40000.0,Verified,2013-06-01,debt_consolidation,21.9,1989-08-01,21.0,0.0,4988.0,72.3,29.0,f,INDIVIDUAL,0.0,0.0,0,4.0,0,23.8,0.175
9175.0,36,18.49,333.96,D2,RENT,27000.0,Not Verified,2012-07-01,debt_consolidation,20.36,2007-12-01,16.0,0.0,12721.0,78.6,24.0,f,INDIVIDUAL,0.0,0.0,0,0.0,0,4.6,0.34
5600.0,36,11.14,183.71,B2,MORTGAGE,384000.0,Source Verified,2013-04-01,car,2.06,2001-06-01,18.0,0.0,8578.0,39.7,48.0,f,INDIVIDUAL,5.0,0.0,0,10.0,0,11.8,0.015
16000.0,36,6.89,493.23,A3,RENT,40000.0,Verified,2015-11-01,debt_consolidation,14.16,2005-12-01,14.0,0.0,8102.0,57.1,18.0,w,INDIVIDUAL,0.0,0.0,0,2.0,0,9.9,0.4
3500.0,36,12.29,116.74,C1,MORTGAGE,37000.0,Not Verified,2015-05-01,home_improvement,26.66,2004-03-01,6.0,1.0,2306.0,57.6,22.0,f,INDIVIDUAL,3.0,1.0,0,10.0,0,11.2,0.095
12000.0,36,6.62,368.45,A2,MORTGAGE,65000.0,Not Verified,2012-11-01,debt_consolidation,22.58,2000-09-01,7.0,0.0,16897.0,66.0,34.0,f,INDIVIDUAL,6.0,0.0,0,2.0,0,12.2,0.185
9300.0,36,15.41,324.26,D1,MORTGAGE,75000.0,Not Verified,2015-11-01,debt_consolidation,26.45,2004-04-01,10.0,0.0,52864.0,57.4,24.0,w,INDIVIDUAL,5.0,0.0,0,10.0,0,11.6,0.124
16800.0,36,8.9,533.46,A5,RENT,56000.0,Source Verified,2013-06-01,debt_consolidation,18.11,2003-12-01,7.0,0.0,11592.0,60.7,19.0,w,INDIVIDUAL,0.0,0.0,0,10.0,0,9.5,0.3
9100.0,36,10.49,295.73,B3,OWN,25000.0,Source Verified,2015-01-01,debt_consolidation,31.49,2004-06-01,5.0,0.0,1866.0,27.4,12.0,w,INDIVIDUAL,0.0,0.0,0,5.0,0,10.6,0.364
35000.0,60,15.31,838.36,C5,MORTGAGE,116000.0,Source Verified,2016-03-01,debt_consolidation,15.73,2002-08-01,7.0,0.0,18281.0,76.8,28.0,w,INDIVIDUAL,4.0,0.0,0,3.0,0,13.6,0.302
13200.0,60,14.31,309.27,C4,RENT,42000.0,Source Verified,2014-11-01,debt_consolidation,16.6,2003-10-01,13.0,0.0,8439.0,26.4,37.0,w,INDIVIDUAL,0.0,0.0,1,7.0,0,11.1,0.314
8000.0,36,7.89,250.29,A5,OWN,53000.0,Source Verified,2015-07-01,debt_consolidation,9.81,1995-05-01,16.0,0.0,9203.0,32.2,31.0,w,INDIVIDUAL,1.0,0.0,0,10.0,0,20.2,0.151
3600.0,36,14.46,123.85,C4,MORTGAGE,100000.0,Source Verified,2016-04-01,debt_consolidation,34.11,1992-10-01,17.0,0.0,12656.0,23.9,35.0,f,INDIVIDUAL,5.0,0.0,1,5.0,0,23.5,0.036
18000.0,36,9.67,578.03,B1,MORTGAGE,275000.0,Verified,2013-11-01,debt_consolidation,8.17,2002-12-01,9.0,0.0,32416.0,85.7,30.0,w,INDIVIDUAL,8.0,0.0,0,2.0,0,10.9,0.065
9000.0,36,12.49,301.04,B5,RENT,92000.0,Source Verified,2014-07-01,credit_card,12.11,1985-09-01,15.0,2.0,7636.0,64.2,59.0,w,INDIVIDUAL,3.0,2.0,0,2.0,0,28.8,0.098
5000.0,36,8.39,157.59,A5,RENT,35000.0,Source Verified,2014-09-01,credit_card,33.4,2006-03-01,16.0,0.0,4726.0,19.8,31.0,f,INDIVIDUAL,0.0,0.0,0,5.0,0,8.5,0.143
12250.0,36,13.11,413.41,B4,RENT,39000.0,Verified,2012-11-01,debt_consolidation,27.23,2000-08-01,19.0,1.0,12767.0,51.5,27.0,f,INDIVIDUAL,0.0,1.0,0,6.0,1,12.3,0.314
23000.0,36,12.99,774.86,B5,MORTGAGE,75000.0,Source Verified,2014-03-01,credit_card,23.57,1994-07-01,16.0,0.0,19167.0,42.8,37.0,f,INDIVIDUAL,1.0,0.0,0,8.0,0,19.7,0.307
15250.0,36,7.9,477.18,A4,MORTGAGE,90000.0,Source Verified,2013-02-01,debt_consolidation,23.53,1995-05-01,19.0,0.0,36459.0,71.3,29.0,f,INDIVIDUAL,1.0,0.0,0,3.0,0,17.8,0.169
9450.0,36,13.35,320.01,C2,MORTGAGE,145000.0,Not Verified,2014-07-01,debt_consolidation,5.65,2002-07-01,6.0,0.0,7199.0,86.7,25.0,w,INDIVIDUAL,5.0,0.0,0,10.0,0,12.0,0.065
15000.0,36,18.75,547.95,D3,RENT,49000.0,Verified,2013-04-01,credit_card,15.58,2005-12-01,11.0,0.0,13343.0,74.5,15.0,f,INDIVIDUAL,0.0,0.0,0,5.0,0,7.3,0.306
20000.0,36,10.15,646.76,B2,MORTGAGE,90000.0,Source Verified,2014-06-01,debt_consolidation,6.31,1995-09-01,14.0,0.0,20028.0,46.0,30.0,w,INDIVIDUAL,1.0,0.0,0,2.0,0,18.7,0.222
9600.0,36,11.14,314.93,B2,MORTGAGE,52000.0,Not Verified,2013-06-01,debt_consolidation,17.29,2004-12-01,8.0,0.0,7762.0,91.3,21.0,f,INDIVIDUAL,2.0,0.0,0,6.0,0,8.5,0.185
11200.0,60,16.29,274.1,D2,RENT,43825.0,Not Verified,2014-08-01,debt_consolidation,27.33,2005-01-01,13.0,0.0,6140.0,39.9,26.0,f,INDIVIDUAL,2.0,0.0,0,10.0,0,9.6,0.256
20000.0,36,7.9,625.81,A4,MORTGAGE,100800.0,Verified,2011-10-01,debt_consolidation,5.26,1991-10-01,10.0,0.0,22055.0,45.9,24.0,f,INDIVIDUAL,1.0,0.0,0,4.0,0,20.0,0.198
26400.0,60,12.49,593.82,B4,OWN,120000.0,Verified,2014-03-01,credit_card,15.84,2000-07-01,16.0,0.0,40621.0,46.4,39.0,w,INDIVIDUAL,3.0,0.0,0,10.0,0,13.7,0.22
20000.0,36,12.99,673.79,B4,OWN,115000.0,Verified,2013-10-01,debt_consolidation,19.3,1990-12-01,18.0,0.0,13973.0,26.5,50.0,f,INDIVIDUAL,1.0,0.0,0,10.0,0,22.8,0.174
29850.0,36,17.57,1072.73,D2,OWN,68000.0,Verified,2014-02-01,credit_card,30.8,2001-07-01,36.0,0.0,32723.0,60.9,56.0,w,INDIVIDUAL,0.0,0.0,0,10.0,0,12.6,0.439
17000.0,36,13.99,580.94,C4,RENT,65000.0,Source Verified,2015-07-01,debt_consolidation,19.35,2000-07-01,12.0,1.0,9321.0,62.6,26.0,f,INDIVIDUAL,0.0,1.0,0,9.0,0,15.0,0.262
6000.0,36,12.35,200.3,B4,MORTGAGE,85000.0,Verified,2013-09-01,other,0.93,1987-08-01,5.0,0.0,3981.0,16.9,29.0,f,INDIVIDUAL,4.0,0.0,0,10.0,0,26.1,0.071
14000.0,36,11.99,464.94,C1,MORTGAGE,159751.0,Source Verified,2015-12-01,home_improvement,5.41,2004-03-01,7.0,1.0,5.0,0.1,15.0,w,INDIVIDUAL,2.0,0.0,0,7.0,0,11.8,0.088
8000.0,36,11.14,262.45,B2,MORTGAGE,69920.0,Source Verified,2013-04-01,major_purchase,19.67,2003-05-01,19.0,0.0,19028.0,80.3,30.0,f,INDIVIDUAL,3.0,0.0,0,2.0,0,9.9,0.114
8000.0,36,19.72,296.17,D5,RENT,25000.0,Not Verified,2013-05-01,debt_consolidation,17.9,1982-09-01,9.0,0.0,8006.0,58.9,18.0,f,INDIVIDUAL,0.0,0.0,0,2.0,0,30.7,0.32
8000.0,36,6.03,243.49,A1,RENT,47000.0,Not Verified,2012-10-01,debt_consolidation,19.92,2003-10-01,19.0,0.0,2596.0,5.7,24.0,f,INDIVIDUAL,0.0,0.0,0,2.0,0,9.0,0.17
20000.0,60,21.99,552.27,E4,OWN,65000.0,Verified,2014-04-01,debt_consolidation,17.21,1997-06-01,12.0,0.0,12655.0,69.9,28.0,w,INDIVIDUAL,1.0,0.0,0,10.0,0,16.8,0.308
25000.0,60,14.65,590.17,C3,MORTGAGE,106000.0,Verified,2011-12-01,credit_card,7.15,1997-02-01,9.0,0.0,29579.0,56.4,44.0,f,INDIVIDUAL,3.0,0.0,0,4.0,0,14.8,0.236
8400.0,36,9.71,269.91,B1,MORTGAGE,80000.0,Verified,2013-08-01,debt_consolidation,5.04,1988-01-01,16.0,0.0,7847.0,10.0,48.0,f,INDIVIDUAL,5.0,0.0,0,6.0,1,25.6,0.105
6125.0,36,13.33,207.36,C3,RENT,50000.0,Source Verified,2015-10-01,debt_consolidation,4.78,2002-09-01,9.0,3.0,919.0,5.6,12.0,w,INDIVIDUAL,0.0,3.0,0,5.0,0,13.1,0.122
24000.0,60,10.49,515.74,B3,MORTGAGE,92000.0,Verified,2014-11-01,debt_consolidation,17.0,1986-03-01,26.0,0.0,18248.0,26.8,55.0,w,INDIVIDUAL,4.0,0.0,0,10.0,0,28.7,0.261
9500.0,36,13.99,324.65,C4,RENT,52000.0,Source Verified,2015-09-01,debt_consolidation,13.41,1999-10-01,10.0,0.0,8412.0,75.8,70.0,f,INDIVIDUAL,0.0,0.0,1,1.0,0,15.9,0.183
35000.0,36,16.59,1240.72,D1,MORTGAGE,154000.0,Verified,2014-04-01,debt_consolidation,16.81,1997-06-01,9.0,0.0,13962.0,97.6,46.0,w,INDIVIDUAL,3.0,0.0,0,10.0,0,16.8,0.227
6250.0,36,13.68,212.65,C1,RENT,22000.0,Verified,2013-07-01,credit_card,28.42,1998-01-01,20.0,0.0,12776.0,35.0,23.0,w,INDIVIDUAL,0.0,0.0,0,10.0,0,15.5,0.284
18375.0,60,18.24,469.01,D5,RENT,154000.0,Source Verified,2014-07-01,debt_consolidation,9.5,2000-01-01,9.0,0.0,3696.0,84.0,20.0,w,INDIVIDUAL,0.0,0.0,1,3.0,0,14.5,0.119
7000.0,36,8.9,222.28,A5,MORTGAGE,58000.0,Not Verified,2014-01-01,debt_consolidation,11.05,2002-05-01,9.0,0.0,7113.0,65.3,29.0,f,INDIVIDUAL,1.0,0.0,0,5.0,0,11.7,0.121
7000.0,36,13.98,239.18,C3,MORTGAGE,80000.0,Verified,2014-08-01,credit_card,17.16,1996-03-01,14.0,1.0,4926.0,57.3,39.0,w,INDIVIDUAL,2.0,1.0,0,10.0,0,18.4,0.088
6000.0,36,10.99,196.41,B4,RENT,39500.0,Verified,2016-08-01,debt_consolidation,12.31,2003-02-01,12.0,0.0,2595.0,12.2,34.0,w,INDIVIDUAL,3.0,0.0,0,10.0,0,13.5,0.152
13150.0,60,24.99,385.9,F4,MORTGAGE,37000.0,Verified,2013-11-01,debt_consolidation,17.29,2005-03-01,7.0,0.0,9268.0,54.5,20.0,f,INDIVIDUAL,2.0,0.0,1,10.0,0,8.7,0.355
12000.0,36,17.56,431.19,D1,MORTGAGE,75000.0,Not Verified,2013-08-01,debt_consolidation,18.56,2001-01-01,5.0,0.0,7479.0,53.4,10.0,f,INDIVIDUAL,0.0,0.0,0,9.0,0,12.6,0.16
15200.0,60,18.99,394.22,E1,MORTGAGE,60000.0,Source Verified,2014-10-01,debt_consolidation,24.02,2003-05-01,13.0,0.0,19380.0,41.4,24.0,w,INDIVIDUAL,2.0,0.0,0,10.0,0,11.4,0.253
28000.0,36,7.89,876.0,A5,RENT,110000.0,Source Verified,2015-02-01,credit_card,16.13,1991-03-01,14.0,0.0,44278.0,75.6,27.0,f,INDIVIDUAL,0.0,0.0,1,10.0,0,23.9,0.255
7000.0,36,12.99,235.83,B5,MORTGAGE,66233.0,Not Verified,2014-04-01,debt_consolidation,13.19,1997-06-01,7.0,0.0,8476.0,71.8,14.0,f,INDIVIDUAL,2.0,0.0,1,9.0,0,16.8,0.106
13200.0,60,9.99,280.4,B1,MORTGAGE,83000.0,Source Verified,2011-05-01,debt_consolidation,17.68,1989-09-01,17.0,0.0,10639.0,20.2,38.0,f,INDIVIDUAL,2.0,0.0,0,10.0,0,21.7,0.159
10000.0,36,10.99,327.34,B4,MORTGAGE,35000.0,Verified,2015-08-01,debt_consolidation,20.58,2002-06-01,7.0,0.0,7948.0,74.3,17.0,f,INDIVIDUAL,6.0,0.0,0,1.0,0,13.2,0.286
10500.0,36,14.09,359.33,B5,RENT,30000.0,Verified,2013-06-01,house,20.94,2005-12-01,14.0,0.0,9668.0,30.2,21.0,w,INDIVIDUAL,0.0,0.0,0,7.0,0,7.5,0.35
15000.0,36,15.31,522.26,C4,MORTGAGE,47500.0,Not Verified,2014-03-01,home_improvement,15.56,1993-01-01,7.0,0.0,10441.0,79.7,45.0,w,INDIVIDUAL,6.0,0.0,0,10.0,0,21.2,0.316
20000.0,36,14.49,688.33,C4,RENT,65200.0,Verified,2014-10-01,moving,3.59,2006-12-01,5.0,0.0,10442.0,71.5,12.0,w,INDIVIDUAL,1.0,0.0,0,8.0,0,7.8,0.307
18000.0,60,12.29,403.05,C1,MORTGAGE,143000.0,Not Verified,2015-02-01,debt_consolidation,14.07,1999-03-01,13.0,0.0,19896.0,50.4,52.0,w,INDIVIDUAL,6.0,0.0,0,8.0,0,15.9,0.126
20000.0,60,16.29,489.45,D2,RENT,55000.0,Source Verified,2014-10-01,debt_consolidation,30.5,2008-05-01,9.0,0.0,3972.0,37.5,21.0,w,INDIVIDUAL,0.0,0.0,0,3.0,0,6.4,0.364
5000.0,36,12.99,168.45,C2,OWN,50000.0,Source Verified,2016-03-01,debt_consolidation,35.22,1994-05-01,15.0,1.0,9983.0,70.3,33.0,w,INDIVIDUAL,2.0,0.0,0,10.0,0,21.8,0.1
20000.0,60,13.35,458.66,C2,MORTGAGE,95000.0,Source Verified,2014-08-01,credit_card,27.05,1995-08-01,10.0,0.0,28484.0,83.8,18.0,w,INDIVIDUAL,2.0,0.0,0,10.0,0,19.0,0.211
2000.0,36,13.67,68.04,C3,RENT,56427.0,Source Verified,2016-03-01,other,7.38,1999-11-01,18.0,1.0,2093.0,38.8,53.0,w,INDIVIDUAL,0.0,1.0,0,8.0,0,16.3,0.035
35000.0,36,21.15,1321.33,E2,OWN,119000.0,Verified,2013-08-01,debt_consolidation,19.65,1989-01-01,11.0,0.0,22560.0,86.4,25.0,f,INDIVIDUAL,3.0,0.0,0,10.0,0,24.6,0.294
21000.0,60,12.69,474.49,C2,MORTGAGE,68000.0,Not Verified,2015-07-01,credit_card,21.32,2005-05-01,11.0,0.0,16202.0,54.9,20.0,f,INDIVIDUAL,1.0,0.0,0,4.0,0,10.2,0.309
8000.0,36,12.29,266.83,C1,MORTGAGE,69000.0,Verified,2015-04-01,debt_consolidation,11.18,1992-01-01,11.0,6.0,5021.0,57.7,22.0,w,INDIVIDUAL,5.0,0.0,0,10.0,0,23.2,0.116
6000.0,36,6.17,183.0,A3,MORTGAGE,57006.0,Source Verified,2011-01-01,debt_consolidation,3.3,2003-07-01,6.0,0.0,2962.0,34.8,17.0,f,INDIVIDUAL,1.0,0.0,0,10.0,0,7.5,0.105
6200.0,36,11.53,204.54,B5,RENT,50000.0,Not Verified,2015-03-01,debt_consolidation,17.74,1999-10-01,13.0,0.0,11060.0,85.0,22.0,f,INDIVIDUAL,0.0,0.0,0,8.0,0,15.4,0.124
3000.0,36,21.98,114.55,E4,RENT,62000.0,Not Verified,2013-03-01,other,11.58,1995-07-01,10.0,1.0,11599.0,67.4,18.0,w,INDIVIDUAL,0.0,1.0,0,10.0,0,17.7,0.048
5600.0,36,5.32,168.65,A1,RENT,60000.0,Verified,2016-04-01,debt_consolidation,19.8,1999-10-01,13.0,0.0,18082.0,27.2,39.0,w,INDIVIDUAL,2.0,0.0,0,5.0,0,16.5,0.093
6000.0,36,21.98,229.09,E4,RENT,20000.0,Source Verified,2013-05-01,credit_card,19.08,1995-03-01,10.0,0.0,12160.0,86.9,20.0,w,INDIVIDUAL,0.0,0.0,0,3.0,0,18.2,0.3
7000.0,36,7.9,219.04,A4,RENT,38000.0,Not Verified,2012-10-01,debt_consolidation,6.41,1994-05-01,8.0,0.0,5999.0,47.6,10.0,f,INDIVIDUAL,0.0,0.0,0,7.0,0,18.4,0.184
13375.0,60,15.88,324.41,C4,MORTGAGE,75000.0,Verified,2013-08-01,major_purchase,25.52,1998-05-01,10.0,0.0,36745.0,94.5,27.0,f,INDIVIDUAL,0.0,0.0,0,10.0,0,15.3,0.178
35000.0,60,22.7,980.65,E5,MORTGAGE,140000.0,Source Verified,2013-08-01,debt_consolidation,20.78,2001-08-01,10.0,0.0,25739.0,69.8,20.0,w,INDIVIDUAL,5.0,0.0,1,10.0,0,12.0,0.25
3500.0,36,15.61,122.38,D1,RENT,25000.0,Not Verified,2015-02-01,debt_consolidation,30.34,2005-12-01,7.0,0.0,3916.0,20.0,8.0,f,INDIVIDUAL,0.0,0.0,0,0.0,0,9.2,0.14
15575.0,60,17.86,394.32,D5,MORTGAGE,42272.0,Source Verified,2015-07-01,debt_consolidation,29.56,2002-07-01,14.0,0.0,27230.0,54.9,41.0,f,INDIVIDUAL,4.0,0.0,0,1.0,0,13.0,0.368
12000.0,60,15.59,289.21,D1,MORTGAGE,57506.0,Source Verified,2015-01-01,debt_consolidation,34.41,1993-09-01,15.0,0.0,13940.0,49.4,48.0,w,INDIVIDUAL,1.0,0.0,0,10.0,0,21.3,0.209
1650.0,36,12.39,55.12,C1,MORTGAGE,44000.0,Not Verified,2014-12-01,credit_card,13.42,1996-11-01,6.0,1.0,1438.0,60.0,19.0,f,INDIVIDUAL,4.0,1.0,0,10.0,0,18.1,0.038
10000.0,36,12.42,334.16,B4,RENT,51600.0,Verified,2012-01-01,debt_consolidation,11.88,2005-08-01,6.0,0.0,9146.0,48.9,18.0,f,INDIVIDUAL,1.0,0.0,0,6.0,0,6.4,0.194
35000.0,36,19.72,1295.74,D5,RENT,130000.0,Verified,2012-10-01,credit_card,19.54,1992-05-01,18.0,0.0,33678.0,64.3,44.0,f,INDIVIDUAL,5.0,0.0,0,10.0,0,20.4,0.269
30000.0,60,18.24,765.73,D5,MORTGAGE,106000.0,Source Verified,2014-06-01,debt_consolidation,24.63,2004-03-01,20.0,0.0,37094.0,66.5,29.0,w,INDIVIDUAL,2.0,0.0,1,10.0,0,10.3,0.283
24000.0,36,12.99,808.54,B4,RENT,110000.0,Source Verified,2013-10-01,debt_consolidation,18.37,1988-02-01,5.0,0.0,16984.0,92.8,19.0,f,INDIVIDUAL,3.0,0.0,0,9.0,0,25.7,0.218
2400.0,36,12.99,80.86,B4,RENT,27040.0,Verified,2013-10-01,debt_consolidation,22.19,2006-05-01,10.0,0.0,2190.0,17.7,11.0,f,INDIVIDUAL,0.0,0.0,0,4.0,0,7.4,0.089
4600.0,36,18.75,168.04,D3,RENT,20000.0,Not Verified,2013-04-01,credit_card,19.86,1994-03-01,10.0,0.0,5861.0,47.3,11.0,f,INDIVIDUAL,0.0,0.0,1,2.0,0,19.1,0.23
3200.0,36,13.98,109.34,C3,RENT,32000.0,Not Verified,2014-07-01,debt_consolidation,27.16,2006-11-01,13.0,2.0,1448.0,15.6,17.0,w,INDIVIDUAL,0.0,0.0,0,1.0,0,7.7,0.1
30000.0,60,19.72,790.15,D5,MORTGAGE,175000.0,Verified,2013-03-01,home_improvement,4.47,1989-05-01,9.0,0.0,8296.0,27.5,37.0,w,INDIVIDUAL,4.0,0.0,0,10.0,0,23.8,0.171
12000.0,36,12.49,401.39,B5,MORTGAGE,68342.0,Source Verified,2014-07-01,debt_consolidation,19.82,1996-07-01,13.0,0.0,20519.0,57.8,45.0,f,INDIVIDUAL,4.0,0.0,0,6.0,1,18.0,0.176
12000.0,60,24.5,348.71,F3,MORTGAGE,60000.0,Verified,2013-09-01,debt_consolidation,18.66,2005-02-01,12.0,1.0,11786.0,37.4,28.0,f,INDIVIDUAL,1.0,1.0,0,5.0,0,8.6,0.2
29175.0,60,22.2,809.11,E4,OWN,65190.0,Verified,2013-08-01,credit_card,18.59,2000-11-01,15.0,0.0,25600.0,51.4,36.0,f,INDIVIDUAL,1.0,0.0,0,10.0,0,12.7,0.448
9125.0,36,13.49,309.62,C2,OWN,38147.0,Not Verified,2016-07-01,debt_consolidation,26.87,2009-10-01,22.0,0.0,3217.0,17.6,28.0,f,INDIVIDUAL,0.0,0.0,0,2.0,0,6.7,0.239
7000.0,36,9.17,223.16,B1,RENT,36000.0,Not Verified,2014-06-01,car,19.49,2001-04-01,15.0,1.0,4951.0,13.3,43.0,f,INDIVIDUAL,0.0,1.0,0,5.0,0,13.2,0.194
10850.0,60,19.52,284.57,E3,RENT,30000.0,Source Verified,2015-03-01,debt_consolidation,32.2,2000-12-01,10.0,0.0,4115.0,49.6,23.0,f,INDIVIDUAL,0.0,0.0,1,2.0,0,14.2,0.362
10000.0,60,13.99,232.64,C4,MORTGAGE,51000.0,Not Verified,2015-03-01,debt_consolidation,24.49,1998-07-01,17.0,0.0,4531.0,9.4,35.0,w,INDIVIDUAL,5.0,0.0,0,10.0,0,16.7,0.196
18000.0,60,15.61,434.01,C4,RENT,45000.0,Verified,2014-01-01,debt_consolidation,22.48,1989-08-01,11.0,0.0,2926.0,30.2,32.0,f,INDIVIDUAL,1.0,0.0,1,10.0,0,24.4,0.4
17300.0,60,19.52,453.74,E3,MORTGAGE,68000.0,Source Verified,2015-02-01,credit_card,33.23,1994-12-01,17.0,0.0,28956.0,63.5,50.0,f,INDIVIDUAL,4.0,0.0,1,10.0,0,20.2,0.254
21250.0,60,22.95,598.44,F1,RENT,48500.0,Verified,2013-01-01,debt_consolidation,12.57,1999-03-01,4.0,0.0,9882.0,93.2,26.0,f,INDIVIDUAL,0.0,0.0,0,6.0,0,13.8,0.438
10000.0,36,14.98,346.56,C3,RENT,68000.0,Verified,2013-12-01,debt_consolidation,31.06,1998-11-01,10.0,0.0,16144.0,71.8,32.0,f,INDIVIDUAL,0.0,0.0,0,10.0,0,15.1,0.147
10000.0,36,13.05,337.19,B5,MORTGAGE,75000.0,Verified,2013-08-01,credit_card,16.11,1998-09-01,16.0,2.0,12973.0,72.5,26.0,f,INDIVIDUAL,4.0,1.0,0,2.0,0,14.9,0.133
12450.0,60,19.24,324.61,E2,MORTGAGE,25000.0,Source Verified,2014-11-01,debt_consolidation,12.34,2006-09-01,12.0,0.0,9259.0,45.8,21.0,w,INDIVIDUAL,1.0,0.0,1,0.0,0,8.2,0.498
35000.0,60,20.99,946.68,E3,RENT,82000.0,Verified,2012-06-01,debt_consolidation,31.0,1995-06-01,16.0,0.0,32129.0,84.5,41.0,f,INDIVIDUAL,2.0,0.0,0,3.0,0,17.0,0.427
15000.0,36,15.88,526.47,C4,RENT,52000.0,Not Verified,2013-07-01,credit_card,18.95,1990-02-01,9.0,1.0,8214.0,54.4,18.0,f,INDIVIDUAL,0.0,1.0,0,6.0,0,23.4,0.288
6000.0,36,10.99,196.41,B2,MORTGAGE,50000.0,Not Verified,2013-12-01,credit_card,12.67,2003-11-01,10.0,0.0,6210.0,35.3,18.0,w,INDIVIDUAL,1.0,0.0,1,10.0,0,10.1,0.12
11250.0,36,8.9,357.23,A5,RENT,48000.0,Source Verified,2014-04-01,debt_consolidation,19.91,2000-09-01,8.0,0.0,30070.0,51.2,19.0,w,INDIVIDUAL,1.0,0.0,0,3.0,0,13.6,0.234
9400.0,60,21.36,256.21,F4,RENT,50000.0,Source Verified,2011-08-01,other,6.82,2007-06-01,4.0,0.0,4414.0,61.3,5.0,f,INDIVIDUAL,0.0,0.0,0,0.0,0,4.2,0.188
24000.0,60,18.25,612.72,E1,MORTGAGE,202000.0,Source Verified,2015-07-01,debt_consolidation,11.35,1987-08-01,15.0,0.0,13229.0,37.3,34.0,f,INDIVIDUAL,3.0,0.0,1,10.0,0,27.9,0.119
14675.0,36,11.14,481.42,B2,MORTGAGE,130000.0,Not Verified,2013-03-01,debt_consolidation,7.14,1999-01-01,11.0,0.0,11351.0,83.5,17.0,f,INDIVIDUAL,1.0,0.0,0,9.0,0,14.2,0.113
32000.0,60,25.8,954.31,G1,RENT,127000.0,Verified,2015-02-01,debt_consolidation,29.67,1998-06-01,20.0,1.0,20153.0,52.8,40.0,f,INDIVIDUAL,1.0,1.0,1,3.0,0,16.7,0.252
35000.0,60,17.57,880.61,D4,MORTGAGE,86000.0,Verified,2015-06-01,debt_consolidation,22.03,1983-11-01,16.0,0.0,16709.0,51.1,39.0,f,INDIVIDUAL,4.0,0.0,1,2.0,0,31.6,0.407
10200.0,36,12.29,340.21,C1,RENT,50000.0,Source Verified,2015-10-01,debt_consolidation,8.84,2007-05-01,10.0,0.0,8737.0,47.2,12.0,w,INDIVIDUAL,0.0,0.0,0,0.0,0,8.4,0.204
5500.0,36,17.27,196.83,C5,RENT,36000.0,Source Verified,2013-03-01,debt_consolidation,18.17,2001-08-01,8.0,0.0,6523.0,67.2,14.0,f,INDIVIDUAL,1.0,0.0,0,6.0,1,11.6,0.153
6000.0,36,10.64,195.42,B2,MORTGAGE,52000.0,Source Verified,2013-08-01,debt_consolidation,6.74,2002-04-01,10.0,0.0,11481.0,44.5,16.0,w,INDIVIDUAL,1.0,0.0,0,6.0,1,11.3,0.115
30000.0,36,17.57,1078.12,D4,RENT,70000.0,Verified,2014-06-01,debt_consolidation,9.5,2000-07-01,10.0,0.0,21813.0,75.2,21.0,w,INDIVIDUAL,0.0,0.0,1,10.0,0,13.9,0.429
8400.0,36,10.74,273.98,B2,RENT,72000.0,Not Verified,2012-06-01,debt_consolidation,6.67,2001-12-01,9.0,0.0,14976.0,52.9,20.0,f,INDIVIDUAL,0.0,0.0,0,3.0,0,10.5,0.117
15000.0,36,11.14,492.08,B2,MORTGAGE,70000.0,Verified,2013-03-01,debt_consolidation,19.86,2000-04-01,19.0,1.0,11265.0,20.0,28.0,f,INDIVIDUAL,1.0,1.0,0,10.0,0,12.9,0.214
10875.0,36,11.39,358.05,B3,MORTGAGE,55000.0,Not Verified,2016-11-01,debt_consolidation,34.48,2000-06-01,15.0,0.0,23886.0,40.9,25.0,f,INDIVIDUAL,1.0,0.0,0,10.0,0,16.4,0.198
8400.0,36,15.31,292.47,C5,MORTGAGE,105000.0,Source Verified,2016-04-01,debt_consolidation,37.66,1999-03-01,15.0,0.0,60400.0,92.1,43.0,w,INDIVIDUAL,6.0,0.0,0,10.0,0,17.1,0.08
7125.0,36,16.2,251.2,C4,MORTGAGE,59740.0,Not Verified,2013-11-01,debt_consolidation,2.09,1998-08-01,3.0,0.0,3946.0,78.9,12.0,f,INDIVIDUAL,0.0,0.0,0,7.0,0,15.3,0.119
14650.0,36,10.64,477.13,B4,MORTGAGE,72000.0,Source Verified,2015-12-01,debt_consolidation,14.92,2002-12-01,14.0,3.0,9842.0,46.2,28.0,w,INDIVIDUAL,1.0,1.0,0,10.0,0,13.0,0.203
28500.0,36,18.55,1038.23,E2,OWN,75000.0,Source Verified,2015-07-01,debt_consolidation,12.72,1999-11-01,7.0,0.0,34146.0,83.3,19.0,f,INDIVIDUAL,2.0,0.0,0,3.0,0,15.7,0.38
21000.0,36,8.39,661.85,A5,MORTGAGE,114000.0,Source Verified,2014-05-01,debt_consolidation,27.85,1995-11-01,13.0,0.0,41846.0,49.4,23.0,w,INDIVIDUAL,1.0,0.0,0,6.0,1,18.5,0.184
6000.0,36,12.59,200.99,C2,RENT,48000.0,Verified,2015-11-01,credit_card,33.73,1970-09-01,14.0,0.0,29739.0,80.8,19.0,f,INDIVIDUAL,0.0,0.0,0,10.0,0,45.2,0.125
25000.0,36,16.24,881.9,C5,MORTGAGE,250000.0,Verified,2014-01-01,debt_consolidation,7.1,1994-06-01,22.0,0.0,19089.0,40.7,49.0,f,INDIVIDUAL,5.0,0.0,0,5.0,0,19.6,0.1
15000.0,36,11.36,493.67,B5,MORTGAGE,96339.0,Not Verified,2010-02-01,debt_consolidation,22.16,1996-02-01,11.0,0.0,22434.0,57.4,37.0,f,INDIVIDUAL,2.0,0.0,0,7.0,0,14.0,0.156
12650.0,36,13.53,429.47,B5,MORTGAGE,65000.0,Source Verified,2014-01-01,debt_consolidation,9.25,1999-01-01,7.0,0.0,9485.0,69.2,27.0,f,INDIVIDUAL,8.0,0.0,0,10.0,0,15.0,0.195
24000.0,36,8.9,762.08,A5,RENT,140000.0,Verified,2012-09-01,home_improvement,15.84,1999-09-01,14.0,0.0,17030.0,23.5,31.0,f,INDIVIDUAL,1.0,0.0,0,0.0,0,13.0,0.171
14000.0,36,5.93,425.47,A1,MORTGAGE,90000.0,Not Verified,2015-03-01,credit_card,27.89,1982-03-01,15.0,0.0,7020.0,26.7,35.0,f,INDIVIDUAL,1.0,0.0,0,10.0,0,33.0,0.156
8875.0,36,17.77,319.83,D1,RENT,36000.0,Not Verified,2013-03-01,credit_card,8.7,2009-03-01,8.0,0.0,6158.0,72.4,8.0,f,INDIVIDUAL,0.0,0.0,0,5.0,0,4.0,0.247
12000.0,36,15.31,417.81,C2,MORTGAGE,94913.0,Verified,2012-09-01,debt_consolidation,10.32,2002-09-01,15.0,0.0,9565.0,52.0,21.0,f,INDIVIDUAL,1.0,0.0,0,6.0,0,10.0,0.126
24200.0,60,17.86,612.68,D5,RENT,55000.0,Not Verified,2015-09-01,debt_consolidation,24.7,1991-03-01,12.0,0.0,24738.0,65.4,37.0,f,INDIVIDUAL,5.0,0.0,0,9.0,0,24.5,0.44
18000.0,60,20.49,481.82,E1,OWN,56519.0,Verified,2013-06-01,credit_card,14.2,1999-10-01,11.0,0.0,18208.0,57.1,48.0,f,INDIVIDUAL,3.0,0.0,0,10.0,0,13.7,0.318
32000.0,60,23.13,904.49,F2,MORTGAGE,114000.0,Verified,2016-01-01,debt_consolidation,14.07,1986-05-01,15.0,0.0,5554.0,69.4,42.0,w,INDIVIDUAL,2.0,0.0,1,5.0,0,29.7,0.281
18900.0,60,20.2,502.84,E3,RENT,45000.0,Source Verified,2014-10-01,credit_card,25.71,2001-03-01,10.0,1.0,22840.0,60.1,16.0,w,INDIVIDUAL,3.0,1.0,0,0.0,0,13.6,0.42
8000.0,36,11.49,263.78,B5,RENT,69000.0,Source Verified,2015-11-01,debt_consolidation,28.77,2002-08-01,16.0,0.0,18394.0,74.8,32.0,w,INDIVIDUAL,1.0,0.0,0,9.0,0,13.3,0.116
1500.0,36,12.99,50.54,C2,MORTGAGE,40000.0,Not Verified,2014-11-01,debt_consolidation,14.7,1998-11-01,11.0,2.0,8248.0,53.9,16.0,w,INDIVIDUAL,2.0,0.0,0,10.0,0,16.0,0.038
20000.0,36,14.09,684.43,B5,MORTGAGE,60000.0,Verified,2012-11-01,debt_consolidation,25.56,2001-04-01,11.0,0.0,32995.0,50.3,31.0,w,INDIVIDUAL,3.0,0.0,0,0.0,0,11.6,0.333
12825.0,36,17.58,460.96,D4,RENT,33280.0,Source Verified,2012-01-01,debt_consolidation,13.13,2004-06-01,9.0,0.0,12498.0,86.2,16.0,f,INDIVIDUAL,0.0,0.0,1,3.0,0,7.6,0.385
6800.0,36,7.89,212.75,A5,RENT,32000.0,Source Verified,2015-05-01,debt_consolidation,21.01,2001-10-01,12.0,0.0,7525.0,33.9,29.0,w,INDIVIDUAL,1.0,0.0,0,4.0,0,13.6,0.212
4000.0,36,15.95,140.53,D4,MORTGAGE,50000.0,Not Verified,2010-08-01,car,15.86,1990-07-01,28.0,0.0,8912.0,18.7,55.0,f,INDIVIDUAL,3.0,0.0,0,10.0,0,20.1,0.08
10000.0,60,16.69,246.87,E3,MORTGAGE,56000.0,Verified,2010-12-01,small_business,6.94,2000-12-01,8.0,0.0,7105.0,53.4,22.0,f,INDIVIDUAL,1.0,0.0,0,3.0,0,10.0,0.179
5000.0,36,8.39,157.59,B1,RENT,29000.0,Not Verified,2016-03-01,other,14.26,1994-11-01,13.0,0.0,4973.0,15.5,29.0,w,INDIVIDUAL,3.0,0.0,0,10.0,0,21.3,0.172
18000.0,36,15.31,626.72,C5,MORTGAGE,57000.0,Source Verified,2016-04-01,credit_card,6.13,2005-04-01,6.0,0.0,11972.0,82.6,34.0,w,INDIVIDUAL,2.0,0.0,1,10.0,0,11.0,0.316
12000.0,60,12.99,272.98,C2,MORTGAGE,75000.0,Source Verified,2014-11-01,home_improvement,20.11,1996-10-01,20.0,0.0,22388.0,35.0,35.0,w,INDIVIDUAL,3.0,0.0,1,10.0,0,18.1,0.16
10000.0,36,13.11,337.47,B4,RENT,40000.0,Not Verified,2012-11-01,debt_consolidation,11.13,1999-12-01,8.0,0.0,9250.0,84.9,46.0,w,INDIVIDUAL,0.0,0.0,0,3.0,0,12.9,0.25
3000.0,36,16.55,106.29,D2,RENT,75000.0,Verified,2015-03-01,other,17.31,2004-10-01,15.0,0.0,6696.0,56.3,33.0,w,INDIVIDUAL,0.0,0.0,0,7.0,0,10.4,0.04
21000.0,60,16.29,513.93,D2,RENT,50000.0,Verified,2014-10-01,debt_consolidation,23.71,2002-10-01,24.0,0.0,17120.0,60.5,31.0,w,INDIVIDUAL,0.0,0.0,1,2.0,0,12.0,0.42
28000.0,36,7.69,873.42,A4,MORTGAGE,170000.0,Verified,2014-10-01,debt_consolidation,6.35,1996-01-01,15.0,0.0,49784.0,56.5,37.0,w,INDIVIDUAL,3.0,0.0,0,10.0,0,18.7,0.165
17000.0,36,13.33,575.51,C3,MORTGAGE,66000.0,Not Verified,2015-07-01,debt_consolidation,19.36,1997-06-01,22.0,1.0,14061.0,33.0,27.0,f,INDIVIDUAL,1.0,1.0,0,10.0,0,18.1,0.258
22000.0,36,14.49,757.16,C4,MORTGAGE,95000.0,Source Verified,2014-08-01,debt_consolidation,6.95,1991-08-01,9.0,0.0,13916.0,71.7,22.0,w,INDIVIDUAL,3.0,0.0,1,10.0,0,23.0,0.232
16675.0,60,18.24,425.62,D5,RENT,38000.0,Source Verified,2014-05-01,debt_consolidation,27.07,2000-03-01,14.0,0.0,19466.0,77.6,19.0,w,INDIVIDUAL,0.0,0.0,1,10.0,0,14.2,0.439
20000.0,36,6.49,612.89,A2,MORTGAGE,137000.0,Not Verified,2014-05-01,credit_card,12.11,1986-12-01,21.0,0.0,41759.0,36.5,54.0,w,INDIVIDUAL,8.0,0.0,0,10.0,0,27.4,0.146
10000.0,36,9.17,318.79,B2,MORTGAGE,75000.0,Verified,2015-05-01,debt_consolidation,6.03,2000-01-01,15.0,1.0,8870.0,49.6,30.0,w,INDIVIDUAL,1.0,1.0,0,0.0,0,15.3,0.133
16750.0,60,17.77,423.25,D1,MORTGAGE,53000.0,Verified,2013-05-01,debt_consolidation,34.6,1993-03-01,15.0,0.0,36264.0,75.7,28.0,f,INDIVIDUAL,1.0,0.0,1,10.0,0,20.2,0.316
12000.0,36,10.74,391.39,B2,OWN,49000.0,Not Verified,2012-03-01,credit_card,15.0,2001-03-01,20.0,0.0,14269.0,35.7,41.0,f,INDIVIDUAL,0.0,0.0,0,2.0,0,11.0,0.245
6000.0,36,14.49,206.5,C4,RENT,32000.0,Not Verified,2014-10-01,debt_consolidation,8.7,2008-08-01,7.0,0.0,4708.0,40.9,12.0,f,INDIVIDUAL,0.0,0.0,0,4.0,0,6.2,0.188
10000.0,36,13.98,341.68,C3,OWN,86335.0,Source Verified,2014-07-01,home_improvement,11.2,1999-05-01,13.0,1.0,11335.0,59.7,28.0,f,INDIVIDUAL,6.0,1.0,1,4.0,0,15.2,0.116
6000.0,36,9.49,192.17,B2,RENT,47000.0,Not Verified,2016-08-01,debt_consolidation,8.86,1994-06-01,9.0,1.0,11817.0,31.9,13.0,w,INDIVIDUAL,1.0,1.0,0,9.0,0,22.2,0.128
17625.0,60,15.31,422.18,C2,MORTGAGE,40000.0,Verified,2013-06-01,credit_card,15.66,2002-12-01,14.0,0.0,7026.0,40.4,23.0,f,INDIVIDUAL,1.0,0.0,1,10.0,0,10.5,0.441
10400.0,36,16.49,368.16,D3,RENT,35000.0,Source Verified,2014-11-01,debt_consolidation,38.75,2008-10-01,7.0,0.0,3949.0,58.1,11.0,w,INDIVIDUAL,0.0,0.0,1,3.0,0,6.1,0.297
9000.0,36,9.99,290.37,B1,MORTGAGE,51840.0,Verified,2013-10-01,home_improvement,1.13,1986-05-01,5.0,1.0,3935.0,35.1,14.0,f,INDIVIDUAL,3.0,1.0,0,6.0,1,27.4,0.174
16750.0,36,9.67,537.89,B1,MORTGAGE,58000.0,Verified,2013-12-01,debt_consolidation,24.11,1976-11-01,15.0,0.0,17018.0,31.1,30.0,f,INDIVIDUAL,1.0,0.0,0,5.0,0,37.1,0.289
24000.0,36,12.29,800.48,C1,RENT,205000.0,Source Verified,2015-07-01,debt_consolidation,8.48,1997-07-01,14.0,0.0,25914.0,65.1,32.0,w,INDIVIDUAL,5.0,0.0,0,10.0,0,18.0,0.117
4000.0,36,17.76,144.13,D1,MORTGAGE,240000.0,Verified,2013-12-01,other,14.55,1986-09-01,13.0,0.0,173165.0,77.4,33.0,f,INDIVIDUAL,3.0,0.0,0,10.0,0,27.2,0.017
8000.0,36,13.98,273.35,C3,MORTGAGE,85000.0,Not Verified,2014-06-01,debt_consolidation,17.61,1990-06-01,14.0,0.0,22152.0,74.1,39.0,w,INDIVIDUAL,2.0,0.0,0,10.0,0,24.0,0.094
12000.0,36,10.75,391.45,B2,RENT,95004.0,Source Verified,2010-08-01,debt_consolidation,5.67,1998-12-01,21.0,0.0,10076.0,57.9,37.0,f,INDIVIDUAL,2.0,0.0,0,1.0,0,11.7,0.126
12000.0,36,15.31,417.81,C4,RENT,61000.0,Not Verified,2014-03-01,debt_consolidation,15.83,2003-10-01,6.0,0.0,7169.0,48.4,37.0,f,INDIVIDUAL,0.0,0.0,1,3.0,0,10.4,0.197
3000.0,36,7.29,93.03,A4,MORTGAGE,40560.0,Not Verified,2011-04-01,car,7.37,1980-10-01,15.0,0.0,5904.0,21.1,47.0,f,INDIVIDUAL,3.0,0.0,0,8.0,0,30.5,0.074
34100.0,36,13.53,1157.69,B5,MORTGAGE,104000.0,Source Verified,2013-12-01,debt_consolidation,20.55,1993-11-01,9.0,0.0,23587.0,73.9,21.0,w,INDIVIDUAL,3.0,0.0,0,10.0,0,20.1,0.328
8000.0,36,7.89,250.29,A5,MORTGAGE,135000.0,Source Verified,2015-08-01,debt_consolidation,11.82,1996-08-01,12.0,0.0,14326.0,35.5,28.0,w,INDIVIDUAL,5.0,0.0,0,10.0,0,19.0,0.059
10000.0,36,23.4,389.19,E5,RENT,50424.0,Source Verified,2013-11-01,debt_consolidation,16.78,2001-05-01,11.0,0.0,12636.0,79.5,34.0,f,INDIVIDUAL,0.0,0.0,0,10.0,0,12.5,0.198
5000.0,36,7.4,155.3,A2,MORTGAGE,74400.0,Not Verified,2009-12-01,other,2.15,1995-08-01,8.0,0.0,8334.0,27.1,38.0,f,INDIVIDUAL,2.0,0.0,0,0.0,0,14.3,0.067
10000.0,36,15.31,348.18,C2,MORTGAGE,65000.0,Not Verified,2012-09-01,major_purchase,12.33,1997-09-01,14.0,0.0,21225.0,73.2,26.0,f,INDIVIDUAL,1.0,0.0,0,8.0,0,15.0,0.154
16800.0,36,7.39,521.74,A4,MORTGAGE,145000.0,Source Verified,2016-04-01,other,30.8,1991-03-01,14.0,0.0,36689.0,62.5,31.0,w,INDIVIDUAL,5.0,0.0,0,6.0,0,25.1,0.116
28000.0,60,15.61,675.12,C5,MORTGAGE,71000.0,Source Verified,2014-03-01,debt_consolidation,16.45,1999-12-01,11.0,0.0,11344.0,45.4,27.0,w,INDIVIDUAL,6.0,0.0,1,10.0,0,14.2,0.394
16000.0,60,10.16,341.22,B1,MORTGAGE,90000.0,Verified,2013-03-01,debt_consolidation,9.13,1992-01-01,10.0,0.0,24902.0,13.1,34.0,f,INDIVIDUAL,4.0,0.0,0,5.0,0,21.2,0.178
4200.0,36,19.52,155.07,D4,RENT,33000.0,Not Verified,2013-07-01,medical,15.53,1990-10-01,16.0,1.0,5379.0,62.5,20.0,w,INDIVIDUAL,0.0,1.0,0,3.0,0,22.7,0.127
19625.0,36,6.92,605.25,A4,MORTGAGE,74238.62,Not Verified,2015-05-01,debt_consolidation,22.91,2002-04-01,15.0,0.0,16574.0,52.8,20.0,w,INDIVIDUAL,2.0,0.0,0,10.0,0,13.1,0.264
10675.0,60,13.98,248.28,C3,MORTGAGE,66618.09,Source Verified,2014-07-01,debt_consolidation,22.88,2001-05-01,10.0,0.0,15197.0,62.5,19.0,f,INDIVIDUAL,2.0,0.0,0,10.0,0,13.2,0.16
5000.0,36,13.35,169.32,C2,MORTGAGE,40000.0,Not Verified,2014-10-01,credit_card,24.15,1995-09-01,13.0,0.0,10329.0,39.1,25.0,w,INDIVIDUAL,2.0,0.0,0,10.0,0,19.1,0.125
8900.0,36,12.49,297.7,B5,RENT,38100.0,Source Verified,2014-06-01,debt_consolidation,31.37,2008-01-01,7.0,0.0,5061.0,81.6,12.0,w,INDIVIDUAL,0.0,0.0,0,2.0,0,6.4,0.234
10000.0,36,13.98,341.68,C1,RENT,72000.0,Not Verified,2013-12-01,debt_consolidation,8.5,2004-03-01,7.0,0.0,5658.0,43.9,8.0,f,INDIVIDUAL,0.0,0.0,0,8.0,0,9.8,0.139
13800.0,36,6.91,425.54,A5,MORTGAGE,43000.0,Source Verified,2010-12-01,debt_consolidation,11.16,2000-06-01,5.0,0.0,39036.0,81.8,14.0,f,INDIVIDUAL,0.0,0.0,0,4.0,0,10.5,0.321
9500.0,36,7.9,297.26,A4,RENT,35000.0,Not Verified,2013-07-01,credit_card,20.64,1998-03-01,8.0,0.0,11191.0,38.6,20.0,f,INDIVIDUAL,0.0,0.0,0,0.0,0,15.3,0.271
4000.0,36,19.05,146.73,D4,RENT,18707.0,Not Verified,2013-05-01,debt_consolidation,6.8,2008-08-01,4.0,0.0,3367.0,86.3,4.0,f,INDIVIDUAL,0.0,0.0,0,6.0,0,4.7,0.214
11000.0,36,13.11,371.22,B4,MORTGAGE,90000.0,Verified,2013-02-01,debt_consolidation,11.19,1991-03-01,16.0,0.0,12340.0,57.1,47.0,f,INDIVIDUAL,4.0,0.0,0,0.0,0,21.9,0.122
2700.0,36,19.72,99.96,D5,RENT,35000.0,Not Verified,2013-03-01,credit_card,20.19,1998-04-01,6.0,0.0,3333.0,65.4,22.0,w,INDIVIDUAL,1.0,0.0,0,3.0,0,14.9,0.077
12000.0,36,8.39,378.2,A5,OWN,32000.0,Source Verified,2014-09-01,debt_consolidation,33.23,1981-02-01,5.0,0.0,14340.0,76.3,12.0,w,INDIVIDUAL,1.0,0.0,0,2.0,0,33.6,0.375
6700.0,36,13.49,227.34,C2,RENT,53000.0,Not Verified,2011-06-01,debt_consolidation,12.43,2003-08-01,6.0,0.0,6790.0,65.3,19.0,f,INDIVIDUAL,1.0,0.0,0,6.0,0,7.8,0.126
30000.0,36,12.99,1010.68,C2,OWN,120000.0,Verified,2016-03-01,home_improvement,22.3,1996-09-01,10.0,0.0,29756.0,93.3,21.0,w,INDIVIDUAL,4.0,0.0,0,10.0,0,19.5,0.25
4000.0,36,10.75,130.49,B4,OWN,59000.0,Source Verified,2016-05-01,debt_consolidation,35.05,2000-10-01,16.0,0.0,7372.0,45.0,38.0,w,INDIVIDUAL,3.0,0.0,0,2.0,0,15.6,0.068
4425.0,36,19.99,164.43,E4,MORTGAGE,40000.0,Verified,2015-08-01,debt_consolidation,23.25,2005-04-01,9.0,0.0,3005.0,75.1,16.0,w,INDIVIDUAL,2.0,0.0,0,7.0,0,10.3,0.111
20000.0,36,14.33,686.77,C2,RENT,61400.0,Source Verified,2013-09-01,debt_consolidation,22.76,2005-06-01,14.0,0.0,13266.0,55.3,27.0,f,INDIVIDUAL,0.0,0.0,0,8.0,0,8.3,0.326
24000.0,36,17.27,858.9,D2,MORTGAGE,100000.0,Not Verified,2016-03-01,debt_consolidation,18.3,1999-03-01,10.0,2.0,8099.0,28.0,24.0,w,INDIVIDUAL,2.0,0.0,0,10.0,0,17.0,0.24
27350.0,36,15.41,953.6,D1,RENT,60000.0,Verified,2015-12-01,credit_card,13.02,2008-09-01,10.0,0.0,22804.0,85.1,14.0,f,INDIVIDUAL,0.0,0.0,0,10.0,0,7.2,0.456
7500.0,36,9.67,240.85,B1,OWN,60000.0,Not Verified,2014-02-01,credit_card,6.76,2005-11-01,9.0,0.0,7490.0,46.8,15.0,f,INDIVIDUAL,0.0,0.0,1,5.0,0,8.3,0.125
13475.0,60,23.4,382.97,E5,RENT,38000.0,Source Verified,2013-11-01,other,12.76,1994-11-01,7.0,0.0,5629.0,73.1,22.0,f,INDIVIDUAL,0.0,0.0,0,7.0,0,19.0,0.355
16000.0,36,13.11,539.96,B4,RENT,45000.0,Verified,2013-02-01,debt_consolidation,20.53,1994-05-01,8.0,0.0,21615.0,91.4,12.0,f,INDIVIDUAL,0.0,0.0,0,5.0,0,18.8,0.356
16000.0,36,6.03,486.97,A1,MORTGAGE,60000.0,Not Verified,2014-07-01,credit_card,10.96,2003-08-01,13.0,0.0,28155.0,38.2,24.0,w,INDIVIDUAL,3.0,0.0,0,10.0,0,10.9,0.267
6000.0,36,13.92,204.83,C4,MORTGAGE,62000.0,Verified,2009-09-01,debt_consolidation,14.05,2000-03-01,7.0,0.0,5810.0,85.4,8.0,f,INDIVIDUAL,0.0,0.0,0,2.0,0,9.5,0.097
13800.0,60,14.46,324.41,C4,OWN,32906.0,Verified,2016-04-01,major_purchase,23.85,1995-09-01,8.0,0.0,10247.0,43.2,21.0,w,INDIVIDUAL,3.0,0.0,0,10.0,0,20.6,0.419
4800.0,36,19.52,177.22,E3,RENT,55000.0,Source Verified,2015-04-01,debt_consolidation,33.62,2006-11-01,11.0,0.0,14110.0,65.9,25.0,f,INDIVIDUAL,0.0,0.0,1,3.0,0,8.4,0.087
16000.0,36,7.9,500.65,A4,MORTGAGE,72000.0,Verified,2013-08-01,debt_consolidation,26.19,1994-11-01,11.0,0.0,16969.0,59.1,44.0,f,INDIVIDUAL,6.0,0.0,0,10.0,0,18.7,0.222
8400.0,36,14.16,287.75,C2,RENT,39600.0,Not Verified,2014-03-01,debt_consolidation,19.39,2006-08-01,29.0,0.0,8497.0,78.7,33.0,w,INDIVIDUAL,0.0,0.0,1,0.0,0,7.6,0.212
28000.0,36,6.92,863.54,A4,MORTGAGE,300000.0,Source Verified,2015-02-01,debt_consolidation,9.71,1989-08-01,15.0,0.0,58979.0,16.3,27.0,f,INDIVIDUAL,4.0,0.0,0,9.0,0,25.5,0.093
5600.0,36,13.98,191.35,C3,RENT,26000.0,Source Verified,2014-10-01,debt_consolidation,22.21,2001-11-01,8.0,0.0,3770.0,53.9,19.0,w,INDIVIDUAL,0.0,0.0,1,5.0,0,12.9,0.215
11575.0,60,19.19,301.48,E3,RENT,125000.0,Source Verified,2015-08-01,debt_consolidation,10.57,2003-01-01,8.0,0.0,7011.0,75.4,27.0,w,INDIVIDUAL,0.0,0.0,0,10.0,0,12.6,0.093
19200.0,60,10.99,417.36,B4,OWN,52000.0,Not Verified,2015-04-01,debt_consolidation,23.33,1989-03-01,43.0,0.0,10560.0,28.9,66.0,w,INDIVIDUAL,1.0,0.0,0,7.0,0,26.1,0.369
19700.0,60,10.16,420.12,B1,OWN,45000.0,Verified,2013-01-01,debt_consolidation,24.83,1983-03-01,18.0,0.0,54652.0,9.9,41.0,f,INDIVIDUAL,2.0,0.0,0,6.0,1,29.8,0.438
15000.0,36,9.67,481.69,B1,MORTGAGE,80000.0,Source Verified,2014-03-01,credit_card,17.16,1995-12-01,12.0,0.0,19095.0,47.5,24.0,f,INDIVIDUAL,3.0,0.0,0,10.0,0,18.2,0.188
9000.0,36,7.9,281.62,A4,RENT,80000.0,Source Verified,2014-04-01,credit_card,10.41,2000-10-01,9.0,0.0,11715.0,20.5,24.0,f,INDIVIDUAL,0.0,0.0,0,5.0,0,13.5,0.112
12000.0,36,15.8,420.71,C3,RENT,87000.0,Verified,2013-06-01,debt_consolidation,7.03,1995-11-01,22.0,0.0,13010.0,31.6,30.0,f,INDIVIDUAL,0.0,0.0,0,10.0,0,17.6,0.138
23675.0,36,9.67,760.27,B1,OWN,75000.0,Source Verified,2013-11-01,debt_consolidation,29.82,1982-11-01,19.0,0.0,19344.0,54.3,36.0,f,INDIVIDUAL,0.0,0.0,0,10.0,0,31.0,0.316
18000.0,36,15.22,625.92,C3,MORTGAGE,49000.0,Verified,2013-08-01,debt_consolidation,28.44,2002-08-01,12.0,0.0,23505.0,67.9,13.0,w,INDIVIDUAL,1.0,0.0,0,10.0,0,11.0,0.367
13250.0,36,13.98,452.73,C1,RENT,74000.0,Verified,2014-01-01,credit_card,6.36,1995-06-01,14.0,0.0,9469.0,48.8,26.0,f,INDIVIDUAL,0.0,0.0,1,10.0,0,18.6,0.179
10000.0,36,11.53,329.91,B5,MORTGAGE,70000.0,Source Verified,2015-03-01,debt_consolidation,13.58,2004-08-01,9.0,0.0,10417.0,68.5,23.0,w,INDIVIDUAL,1.0,0.0,0,1.0,0,10.6,0.143
21600.0,36,12.99,727.69,C2,MORTGAGE,65000.0,Source Verified,2015-01-01,debt_consolidation,15.45,2005-02-01,9.0,0.0,20340.0,88.1,41.0,w,INDIVIDUAL,2.0,0.0,0,1.0,0,9.9,0.332
5000.0,36,16.55,177.15,D2,MORTGAGE,75000.0,Verified,2015-11-01,moving,32.69,1994-01-01,12.0,0.0,25608.0,93.1,27.0,f,INDIVIDUAL,3.0,0.0,0,3.0,0,21.8,0.067
22525.0,60,26.57,682.04,F5,MORTGAGE,92000.0,Verified,2016-02-01,debt_consolidation,17.43,2003-04-01,10.0,0.0,14386.0,65.0,31.0,w,INDIVIDUAL,3.0,0.0,1,10.0,0,12.8,0.245
11000.0,36,13.99,375.91,C4,RENT,49400.0,Source Verified,2015-06-01,debt_consolidation,24.9,2010-09-01,5.0,0.0,8071.0,58.1,8.0,w,INDIVIDUAL,0.0,0.0,0,3.0,0,4.7,0.223
5950.0,36,13.67,202.41,C3,MORTGAGE,68000.0,Source Verified,2016-02-01,debt_consolidation,15.27,1999-08-01,8.0,0.0,4615.0,42.0,22.0,w,INDIVIDUAL,5.0,0.0,0,2.0,0,16.5,0.088
14650.0,36,12.49,490.03,B5,OWN,79500.0,Not Verified,2014-05-01,credit_card,17.15,2002-02-01,7.0,1.0,11613.0,67.5,15.0,f,INDIVIDUAL,3.0,1.0,0,10.0,0,12.2,0.184
8000.0,36,11.67,264.46,B4,MORTGAGE,60000.0,Not Verified,2014-08-01,debt_consolidation,19.26,1989-10-01,12.0,0.0,30015.0,74.5,27.0,f,INDIVIDUAL,5.0,0.0,0,0.0,0,24.8,0.133
11500.0,60,16.55,283.03,D2,RENT,45000.0,Not Verified,2015-08-01,credit_card,16.43,2003-11-01,25.0,0.0,10359.0,66.4,41.0,w,INDIVIDUAL,0.0,0.0,1,5.0,0,11.7,0.256
28000.0,36,12.05,930.67,C1,MORTGAGE,90000.0,Not Verified,2015-11-01,debt_consolidation,18.24,1998-09-01,13.0,0.0,3520.0,64.0,35.0,f,INDIVIDUAL,5.0,0.0,0,10.0,0,17.2,0.311
26000.0,36,7.69,811.04,A4,MORTGAGE,97000.0,Verified,2014-06-01,debt_consolidation,16.84,1992-10-01,11.0,0.0,11299.0,38.6,27.0,f,INDIVIDUAL,1.0,0.0,0,7.0,0,21.7,0.268
4000.0,36,14.35,137.4,C4,MORTGAGE,40000.0,Not Verified,2010-06-01,credit_card,19.89,2003-02-01,15.0,0.0,11490.0,51.1,29.0,f,INDIVIDUAL,2.0,0.0,0,5.0,0,7.3,0.1
25000.0,60,15.59,602.52,C5,MORTGAGE,100000.0,Source Verified,2016-10-01,debt_consolidation,17.92,1994-12-01,11.0,0.0,14338.0,49.1,19.0,w,INDIVIDUAL,1.0,0.0,0,4.0,0,21.8,0.25
5000.0,36,14.16,171.28,C2,RENT,91000.0,Source Verified,2014-03-01,debt_consolidation,9.11,2003-01-01,9.0,3.0,2325.0,47.4,36.0,f,INDIVIDUAL,1.0,3.0,0,2.0,0,11.2,0.055
12000.0,60,17.27,299.98,C5,MORTGAGE,40000.0,Verified,2013-07-01,debt_consolidation,19.55,2002-12-01,13.0,0.0,13141.0,35.1,32.0,f,INDIVIDUAL,1.0,0.0,0,0.0,0,10.6,0.3
28600.0,36,6.49,876.44,A2,MORTGAGE,104000.0,Source Verified,2015-01-01,debt_consolidation,21.52,1998-04-01,17.0,0.0,33077.0,51.9,31.0,f,INDIVIDUAL,3.0,0.0,0,6.0,0,16.8,0.275
3600.0,36,18.55,131.15,D2,OWN,40560.0,Verified,2013-10-01,major_purchase,15.62,1987-06-01,10.0,1.0,664.0,15.8,32.0,f,INDIVIDUAL,0.0,1.0,0,2.0,0,26.3,0.089
12000.0,60,12.69,271.14,C2,RENT,70000.0,Source Verified,2015-04-01,debt_consolidation,15.57,2003-04-01,5.0,1.0,303.0,3.1,21.0,w,INDIVIDUAL,0.0,1.0,1,6.0,0,12.0,0.171
11200.0,36,11.14,367.42,B2,RENT,105000.0,Verified,2012-12-01,debt_consolidation,21.99,1998-10-01,11.0,0.0,6659.0,72.4,42.0,f,INDIVIDUAL,0.0,0.0,0,10.0,0,14.2,0.107
12000.0,36,11.67,396.69,B4,MORTGAGE,30000.0,Not Verified,2014-11-01,home_improvement,32.08,1998-11-01,12.0,0.0,5390.0,42.1,27.0,f,INDIVIDUAL,3.0,0.0,0,10.0,0,16.0,0.4
14000.0,60,19.91,370.22,E4,RENT,51713.0,Verified,2011-11-01,debt_consolidation,20.05,1994-03-01,14.0,0.0,12015.0,69.1,30.0,f,INDIVIDUAL,2.0,0.0,1,6.0,1,17.7,0.271
12000.0,36,16.29,423.61,C4,RENT,52000.0,Not Verified,2013-03-01,debt_consolidation,9.77,2006-03-01,10.0,0.0,8465.0,72.4,14.0,w,INDIVIDUAL,0.0,0.0,0,2.0,0,7.0,0.231
17600.0,36,10.99,576.12,B2,MORTGAGE,62000.0,Source Verified,2013-09-01,credit_card,12.46,2003-02-01,7.0,0.0,24633.0,82.4,11.0,f,INDIVIDUAL,1.0,0.0,0,9.0,0,10.6,0.284
30000.0,60,18.24,765.73,D5,MORTGAGE,250000.0,Verified,2014-05-01,debt_consolidation,18.53,1999-10-01,18.0,0.0,13186.0,79.4,61.0,f,INDIVIDUAL,1.0,0.0,0,0.0,0,14.6,0.12
15000.0,60,14.49,352.85,C4,MORTGAGE,65000.0,Not Verified,2014-08-01,debt_consolidation,24.1,1999-05-01,9.0,0.0,13265.0,72.9,22.0,w,INDIVIDUAL,2.0,0.0,0,9.0,0,15.3,0.231
9000.0,36,7.9,281.62,A4,MORTGAGE,75000.0,Source Verified,2012-11-01,home_improvement,8.62,1994-10-01,10.0,0.0,27151.0,31.5,23.0,f,INDIVIDUAL,5.0,0.0,0,9.0,0,18.1,0.12
14500.0,36,19.2,532.98,D3,RENT,38000.0,Verified,2013-10-01,small_business,32.68,2005-02-01,18.0,0.0,22149.0,69.2,34.0,f,INDIVIDUAL,0.0,0.0,0,10.0,0,8.7,0.382
8400.0,36,9.16,267.75,B2,MORTGAGE,60000.0,Source Verified,2016-02-01,home_improvement,8.26,2001-09-01,23.0,0.0,9262.0,46.8,36.0,w,INDIVIDUAL,1.0,0.0,0,1.0,0,14.4,0.14
30000.0,36,10.99,982.02,B2,MORTGAGE,165000.0,Verified,2013-12-01,debt_consolidation,32.0,1995-01-01,10.0,0.0,57650.0,97.2,43.0,w,INDIVIDUAL,6.0,0.0,0,7.0,0,18.9,0.182
10000.0,36,11.67,330.57,B4,MORTGAGE,75000.0,Not Verified,2014-07-01,credit_card,4.46,2005-07-01,4.0,0.0,10199.0,79.7,12.0,w,INDIVIDUAL,0.0,0.0,0,2.0,0,9.0,0.133
8400.0,36,10.74,273.98,B2,MORTGAGE,60000.0,Not Verified,2012-05-01,debt_consolidation,5.92,1997-08-01,9.0,1.0,5656.0,49.2,22.0,f,INDIVIDUAL,1.0,1.0,0,4.0,0,14.7,0.14
6000.0,36,11.14,196.84,B2,RENT,35000.0,Not Verified,2013-06-01,credit_card,10.87,1999-10-01,6.0,1.0,8429.0,40.1,9.0,f,INDIVIDUAL,0.0,1.0,0,10.0,0,13.7,0.171
8000.0,36,15.22,278.19,C3,MORTGAGE,108000.0,Not Verified,2013-07-01,debt_consolidation,13.66,2000-10-01,9.0,0.0,10472.0,92.7,38.0,f,INDIVIDUAL,5.0,0.0,0,0.0,0,12.7,0.074
7000.0,36,17.56,251.53,D1,RENT,45000.0,Not Verified,2013-08-01,debt_consolidation,22.85,1989-10-01,12.0,0.0,7437.0,78.8,17.0,f,INDIVIDUAL,1.0,0.0,1,10.0,0,23.8,0.156
10000.0,60,12.29,223.92,C1,MORTGAGE,108900.0,Not Verified,2015-10-01,credit_card,6.26,1996-06-01,8.0,0.0,5930.0,27.1,25.0,w,INDIVIDUAL,5.0,0.0,0,5.0,0,19.3,0.092
20000.0,60,14.49,470.47,C4,MORTGAGE,70000.0,Source Verified,2014-05-01,debt_consolidation,16.17,2000-05-01,7.0,0.0,4457.0,46.4,20.0,w,INDIVIDUAL,0.0,0.0,0,6.0,0,14.0,0.286
20050.0,60,19.72,528.09,D5,MORTGAGE,75000.0,Verified,2013-04-01,debt_consolidation,3.55,2003-01-01,5.0,0.0,10767.0,50.8,12.0,f,INDIVIDUAL,3.0,0.0,0,1.0,0,10.2,0.267
21000.0,60,9.75,443.61,B3,MORTGAGE,155000.0,Not Verified,2016-03-01,debt_consolidation,19.96,2006-08-01,10.0,0.0,182886.0,83.0,38.0,w,INDIVIDUAL,3.0,0.0,0,3.0,0,9.6,0.135
20500.0,60,10.99,445.62,B4,MORTGAGE,107500.0,Source Verified,2015-11-01,debt_consolidation,11.4,2005-01-01,17.0,0.0,21032.0,61.7,27.0,f,INDIVIDUAL,1.0,0.0,1,0.0,0,10.8,0.191
20000.0,36,14.99,693.21,C5,OWN,50000.0,Source Verified,2014-12-01,credit_card,10.73,2008-09-01,4.0,0.0,7424.0,72.8,7.0,w,INDIVIDUAL,0.0,0.0,0,10.0,0,6.2,0.4
5600.0,36,7.89,175.2,A5,MORTGAGE,63000.0,Verified,2016-06-01,credit_card,3.2,2012-09-01,5.0,0.0,5066.0,46.9,8.0,f,INDIVIDUAL,1.0,0.0,0,5.0,0,3.7,0.089
2500.0,36,23.43,97.34,F1,RENT,32000.0,Not Verified,2014-07-01,other,13.64,2005-08-01,3.0,0.0,4267.0,92.8,4.0,f,INDIVIDUAL,0.0,0.0,1,3.0,0,8.9,0.078
12000.0,36,9.17,382.55,B1,MORTGAGE,110000.0,Not Verified,2014-10-01,debt_consolidation,2.98,2002-09-01,3.0,0.0,8180.0,83.5,12.0,f,INDIVIDUAL,5.0,0.0,0,5.0,0,12.1,0.109
15250.0,60,16.29,373.21,C4,MORTGAGE,40750.0,Verified,2013-06-01,debt_consolidation,24.41,1995-12-01,14.0,0.0,14223.0,67.4,18.0,f,INDIVIDUAL,2.0,0.0,1,10.0,0,17.5,0.374
15000.0,36,10.15,485.07,B2,RENT,115000.0,Not Verified,2014-10-01,debt_consolidation,3.81,2004-12-01,4.0,0.0,13098.0,82.9,11.0,f,INDIVIDUAL,0.0,0.0,0,3.0,0,9.8,0.13
8000.0,36,12.35,267.06,B4,RENT,79500.0,Verified,2013-07-01,debt_consolidation,10.39,1991-03-01,12.0,1.0,4284.0,29.5,27.0,w,INDIVIDUAL,3.0,1.0,0,10.0,0,22.3,0.101
28000.0,36,7.89,876.0,A5,MORTGAGE,100000.0,Source Verified,2015-04-01,credit_card,22.95,1987-12-01,11.0,0.0,14309.0,71.2,21.0,w,INDIVIDUAL,0.0,0.0,1,8.0,0,27.3,0.28
30000.0,60,12.29,671.74,C1,MORTGAGE,85000.0,Source Verified,2015-10-01,debt_consolidation,13.4,1999-05-01,9.0,0.0,21056.0,68.6,27.0,w,INDIVIDUAL,4.0,0.0,1,5.0,0,16.4,0.353
6000.0,36,14.33,206.03,C1,OWN,24000.0,Not Verified,2012-11-01,car,20.23,2008-06-01,8.0,0.0,5077.0,50.8,10.0,f,INDIVIDUAL,0.0,0.0,0,5.0,0,4.4,0.25
29100.0,60,13.11,663.76,B4,RENT,60000.0,Verified,2012-04-01,debt_consolidation,22.7,1988-08-01,12.0,0.0,37325.0,62.4,21.0,f,INDIVIDUAL,0.0,0.0,0,10.0,0,23.7,0.485
20500.0,36,19.05,751.97,D4,RENT,46618.0,Verified,2012-11-01,debt_consolidation,16.84,1997-09-01,9.0,0.0,20294.0,39.3,12.0,w,INDIVIDUAL,0.0,0.0,0,1.0,0,15.2,0.44
20000.0,36,6.62,614.08,A2,OWN,105000.0,Verified,2013-04-01,credit_card,15.43,1986-07-01,14.0,0.0,18214.0,50.6,23.0,f,INDIVIDUAL,0.0,0.0,0,10.0,0,26.8,0.19
10000.0,60,18.99,259.36,E1,MORTGAGE,48500.0,Verified,2014-10-01,debt_consolidation,33.23,2004-03-01,23.0,1.0,14174.0,58.6,32.0,w,INDIVIDUAL,1.0,1.0,1,10.0,0,10.6,0.206
15000.0,36,14.16,513.84,C2,MORTGAGE,75000.0,Source Verified,2014-03-01,credit_card,25.47,1988-06-01,8.0,0.0,11127.0,80.1,18.0,f,INDIVIDUAL,1.0,0.0,0,8.0,0,25.7,0.2
10000.0,60,18.25,255.3,D3,MORTGAGE,72000.0,Source Verified,2016-05-01,home_improvement,25.7,2006-02-01,18.0,0.0,3958.0,28.9,51.0,w,INDIVIDUAL,2.0,0.0,1,0.0,0,10.2,0.139
35000.0,60,21.15,949.83,E2,MORTGAGE,180000.0,Verified,2013-09-01,debt_consolidation,17.44,2000-03-01,8.0,0.0,11916.0,68.9,29.0,f,INDIVIDUAL,6.0,0.0,1,10.0,0,13.5,0.194
23075.0,36,18.54,840.49,E1,MORTGAGE,61000.0,Verified,2015-01-01,debt_consolidation,24.38,1999-12-01,9.0,0.0,39295.0,88.5,33.0,f,INDIVIDUAL,1.0,0.0,0,10.0,0,15.1,0.378
10000.0,36,11.44,329.48,B4,MORTGAGE,75000.0,Source Verified,2015-01-01,home_improvement,37.73,1998-03-01,7.0,0.0,11130.0,79.5,18.0,f,INDIVIDUAL,2.0,0.0,0,10.0,0,16.8,0.133
8000.0,36,12.99,269.52,B4,RENT,80000.0,Verified,2013-10-01,debt_consolidation,18.72,1999-11-01,14.0,0.0,19197.0,54.1,16.0,f,INDIVIDUAL,0.0,0.0,0,8.0,0,13.9,0.1
3000.0,36,8.49,94.69,B1,OWN,35000.0,Source Verified,2016-01-01,debt_consolidation,10.77,1991-10-01,9.0,0.0,8762.0,16.3,21.0,w,INDIVIDUAL,2.0,0.0,0,10.0,0,24.3,0.086
21000.0,60,12.99,477.71,C2,OWN,75000.0,Source Verified,2014-11-01,credit_card,14.82,1998-07-01,11.0,0.0,40674.0,55.8,26.0,w,INDIVIDUAL,0.0,0.0,1,0.0,0,16.3,0.28
9750.0,36,18.55,355.19,D2,OWN,58500.0,Not Verified,2013-11-01,medical,20.66,1984-03-01,12.0,0.0,9330.0,69.6,31.0,f,INDIVIDUAL,1.0,0.0,0,8.0,0,29.7,0.167
15000.0,36,11.99,498.15,B3,MORTGAGE,138000.0,Verified,2013-12-01,debt_consolidation,7.33,1990-12-01,9.0,1.0,14734.0,82.3,12.0,f,INDIVIDUAL,1.0,0.0,0,8.0,0,23.0,0.109
24000.0,36,11.83,795.22,B3,OWN,150000.0,Verified,2009-12-01,debt_consolidation,0.7,1977-12-01,10.0,0.0,346.0,0.7,16.0,f,INDIVIDUAL,0.0,0.0,0,0.0,0,32.0,0.16
7800.0,36,15.8,273.46,C3,MORTGAGE,75000.0,Source Verified,2012-11-01,debt_consolidation,18.18,1998-11-01,13.0,0.0,26447.0,65.0,26.0,f,INDIVIDUAL,2.0,0.0,0,10.0,0,14.0,0.104
11000.0,36,14.31,377.62,C4,RENT,39000.0,Source Verified,2015-01-01,debt_consolidation,18.15,1996-01-01,7.0,1.0,2547.0,39.2,32.0,f,INDIVIDUAL,0.0,1.0,0,3.0,0,19.0,0.282
18300.0,60,20.49,489.85,E4,MORTGAGE,51000.0,Source Verified,2015-05-01,debt_consolidation,3.58,2005-04-01,6.0,0.0,4387.0,21.6,15.0,w,INDIVIDUAL,3.0,0.0,0,9.0,0,10.1,0.359
3000.0,36,18.25,108.84,E1,OWN,26000.0,Verified,2015-03-01,other,21.24,2005-08-01,8.0,0.0,5762.0,91.5,11.0,w,INDIVIDUAL,0.0,0.0,1,7.0,0,9.6,0.115
7000.0,36,17.1,249.92,C5,RENT,46000.0,Not Verified,2013-11-01,debt_consolidation,23.01,2010-08-01,9.0,0.0,6414.0,36.9,10.0,w,INDIVIDUAL,0.0,0.0,0,2.0,0,3.3,0.152
8400.0,36,8.18,263.93,B1,RENT,29991.0,Not Verified,2015-03-01,debt_consolidation,12.77,2003-09-01,6.0,0.0,8173.0,65.4,12.0,f,INDIVIDUAL,0.0,0.0,0,3.0,0,11.5,0.28
20000.0,36,7.62,623.23,A3,MORTGAGE,90000.0,Not Verified,2014-05-01,credit_card,12.75,1999-01-01,13.0,0.0,18358.0,48.3,26.0,w,INDIVIDUAL,2.0,0.0,0,1.0,0,15.3,0.222
12000.0,60,19.41,314.01,F4,MORTGAGE,75996.0,Source Verified,2010-06-01,major_purchase,16.49,1995-02-01,27.0,0.0,6078.0,14.9,81.0,f,INDIVIDUAL,3.0,0.0,0,10.0,0,15.3,0.158
10000.0,60,10.99,217.38,B4,MORTGAGE,67000.0,Source Verified,2015-08-01,credit_card,6.27,2000-10-01,8.0,0.0,5604.0,40.6,20.0,w,INDIVIDUAL,1.0,0.0,1,6.0,0,14.8,0.149
15000.0,60,17.57,377.41,D4,RENT,85000.0,Verified,2015-02-01,debt_consolidation,20.4,1993-10-01,9.0,1.0,7901.0,70.5,20.0,w,INDIVIDUAL,1.0,1.0,0,10.0,0,21.3,0.176
11100.0,36,17.57,398.91,D2,RENT,33000.0,Verified,2013-12-01,debt_consolidation,7.27,2006-07-01,4.0,0.0,5624.0,56.2,12.0,f,INDIVIDUAL,0.0,0.0,0,10.0,0,7.4,0.336
8650.0,36,18.85,316.42,D3,RENT,32000.0,Not Verified,2013-08-01,debt_consolidation,14.4,2006-11-01,8.0,0.0,7838.0,85.2,13.0,f,INDIVIDUAL,0.0,0.0,0,6.0,0,6.7,0.27
8000.0,36,7.26,247.97,A4,MORTGAGE,57000.0,Not Verified,2015-12-01,debt_consolidation,20.84,1995-10-01,23.0,0.0,19085.0,24.3,50.0,f,INDIVIDUAL,4.0,0.0,0,5.0,0,20.2,0.14
8000.0,36,8.39,252.14,A5,MORTGAGE,219000.0,Not Verified,2014-06-01,home_improvement,5.73,2000-03-01,12.0,0.0,8038.0,44.4,23.0,f,INDIVIDUAL,4.0,0.0,0,5.0,0,14.3,0.037
10000.0,36,7.9,312.91,A4,MORTGAGE,50000.0,Not Verified,2014-03-01,credit_card,5.28,2002-04-01,13.0,1.0,4619.0,72.2,25.0,f,INDIVIDUAL,1.0,1.0,1,9.0,0,11.9,0.2
14075.0,60,22.45,392.35,E5,MORTGAGE,32000.0,Verified,2016-03-01,debt_consolidation,28.91,2010-06-01,11.0,0.0,15245.0,70.6,22.0,w,INDIVIDUAL,4.0,0.0,0,5.0,0,5.7,0.44
12000.0,36,20.31,447.87,D5,MORTGAGE,180000.0,Verified,2013-08-01,debt_consolidation,8.9,2000-09-01,10.0,1.0,8540.0,84.6,17.0,f,INDIVIDUAL,1.0,0.0,1,3.0,0,12.9,0.067
1500.0,36,7.89,46.93,A5,MORTGAGE,9123.36,Verified,2015-05-01,credit_card,4.87,1992-06-01,5.0,1.0,1336.0,35.2,40.0,w,INDIVIDUAL,3.0,1.0,0,6.0,1,22.9,0.164
11225.0,36,12.69,376.55,B5,RENT,32000.0,Source Verified,2012-02-01,credit_card,12.41,1987-07-01,24.0,0.0,9368.0,32.5,36.0,f,INDIVIDUAL,2.0,0.0,1,0.0,0,24.6,0.351
11200.0,36,16.29,395.37,C4,RENT,40165.0,Not Verified,2012-10-01,debt_consolidation,20.79,2006-09-01,7.0,0.0,6494.0,81.2,10.0,f,INDIVIDUAL,0.0,0.0,0,4.0,0,6.1,0.279
3000.0,36,19.52,110.76,E2,RENT,56000.0,Not Verified,2014-05-01,medical,20.45,2002-12-01,6.0,0.0,1709.0,17.4,16.0,f,INDIVIDUAL,2.0,0.0,1,10.0,0,11.4,0.054
12550.0,36,9.75,403.49,B3,MORTGAGE,31428.0,Verified,2016-02-01,home_improvement,3.67,2002-02-01,6.0,0.0,3912.0,29.0,22.0,w,INDIVIDUAL,3.0,0.0,0,6.0,1,14.0,0.399
6000.0,36,12.99,202.14,B4,MORTGAGE,45000.0,Verified,2013-10-01,debt_consolidation,13.87,2004-09-01,6.0,0.0,6139.0,36.3,39.0,w,INDIVIDUAL,3.0,0.0,0,2.0,0,9.1,0.133
20000.0,60,8.9,414.2,A5,MORTGAGE,100000.0,Verified,2013-05-01,house,15.23,2000-07-01,21.0,0.0,31833.0,46.7,39.0,f,INDIVIDUAL,3.0,0.0,0,10.0,0,12.8,0.2
20000.0,36,6.03,608.72,A1,MORTGAGE,115000.0,Not Verified,2013-03-01,debt_consolidation,24.6,1990-05-01,24.0,0.0,36538.0,21.6,47.0,f,INDIVIDUAL,3.0,0.0,0,10.0,0,22.8,0.174
2000.0,36,12.99,67.38,C2,MORTGAGE,24000.0,Not Verified,2014-12-01,debt_consolidation,34.6,2000-07-01,13.0,0.0,13178.0,58.8,23.0,f,INDIVIDUAL,1.0,0.0,0,3.0,0,14.4,0.083
12000.0,36,14.09,410.66,B5,MORTGAGE,60000.0,Not Verified,2012-08-01,debt_consolidation,12.76,2001-12-01,14.0,0.0,7709.0,65.3,25.0,f,INDIVIDUAL,1.0,0.0,0,4.0,0,10.7,0.2
6075.0,36,8.9,192.91,A5,RENT,22000.0,Not Verified,2013-09-01,credit_card,15.33,1998-11-01,7.0,0.0,6534.0,33.0,22.0,w,INDIVIDUAL,2.0,0.0,1,10.0,0,14.8,0.276
21000.0,60,11.14,458.06,B2,MORTGAGE,80000.0,Verified,2013-01-01,credit_card,29.92,2000-04-01,8.0,0.0,33595.0,90.6,19.0,f,INDIVIDUAL,3.0,0.0,0,2.0,0,12.8,0.262
30000.0,60,21.0,811.61,E2,MORTGAGE,84000.0,Verified,2012-08-01,debt_consolidation,13.34,1998-05-01,17.0,0.0,13384.0,45.5,30.0,f,INDIVIDUAL,5.0,0.0,1,9.0,0,14.3,0.357
8000.0,36,7.89,250.29,A5,MORTGAGE,79500.0,Source Verified,2015-02-01,debt_consolidation,15.85,1994-08-01,7.0,1.0,5617.0,46.4,35.0,w,INDIVIDUAL,4.0,1.0,0,10.0,0,20.5,0.101
10000.0,36,14.09,342.22,B5,MORTGAGE,31060.0,Verified,2013-03-01,credit_card,10.12,2002-09-01,9.0,0.0,10070.0,39.6,19.0,f,INDIVIDUAL,6.0,0.0,0,1.0,0,10.5,0.322
35000.0,36,7.9,1095.16,A4,MORTGAGE,450000.0,Verified,2012-10-01,home_improvement,5.42,1986-12-01,12.0,0.0,86618.0,3.5,24.0,f,INDIVIDUAL,4.0,0.0,0,3.0,0,25.8,0.078
8000.0,36,13.11,269.98,B4,MORTGAGE,60000.0,Verified,2013-01-01,debt_consolidation,28.38,1990-11-01,11.0,0.0,27140.0,52.2,24.0,f,INDIVIDUAL,5.0,0.0,1,10.0,0,22.2,0.133
4200.0,36,11.55,138.6,B3,MORTGAGE,93996.0,Not Verified,2013-07-01,car,18.31,2000-06-01,11.0,0.0,22150.0,53.0,21.0,f,INDIVIDUAL,1.0,0.0,0,10.0,0,13.1,0.045
13000.0,60,17.57,327.09,D4,MORTGAGE,57000.0,Verified,2015-06-01,debt_consolidation,16.63,2000-08-01,18.0,0.0,8120.0,36.9,40.0,w,INDIVIDUAL,5.0,0.0,0,10.0,0,14.8,0.228
16800.0,36,7.39,521.74,A4,MORTGAGE,63000.0,Source Verified,2016-04-01,debt_consolidation,9.62,1992-09-01,6.0,0.0,5754.0,25.3,17.0,w,INDIVIDUAL,2.0,0.0,0,2.0,0,23.6,0.267
20000.0,60,17.58,503.32,D4,MORTGAGE,42000.0,Verified,2011-12-01,debt_consolidation,8.91,2000-11-01,6.0,0.0,11762.0,66.5,13.0,f,INDIVIDUAL,0.0,0.0,0,2.0,0,11.1,0.476
10000.0,36,13.79,340.76,C5,RENT,48000.0,Not Verified,2009-01-01,wedding,4.95,2000-06-01,16.0,0.0,1718.0,14.9,24.0,f,INDIVIDUAL,1.0,0.0,0,1.0,0,8.6,0.208
24000.0,36,8.9,762.08,A5,MORTGAGE,70000.0,Verified,2014-01-01,debt_consolidation,22.48,1992-05-01,15.0,0.0,30180.0,38.2,31.0,f,INDIVIDUAL,3.0,0.0,0,1.0,0,21.7,0.343
35000.0,36,8.18,1099.69,B1,OWN,120000.0,Verified,2015-05-01,credit_card,18.24,1999-12-01,15.0,0.0,206756.0,74.2,32.0,w,INDIVIDUAL,3.0,0.0,0,10.0,0,15.4,0.292
18000.0,36,7.9,563.23,A4,MORTGAGE,87000.0,Not Verified,2012-08-01,credit_card,14.01,1999-08-01,11.0,0.0,33886.0,50.5,23.0,f,INDIVIDUAL,2.0,0.0,0,1.0,0,13.0,0.207
15000.0,36,17.57,539.06,D4,RENT,46000.0,Verified,2014-08-01,debt_consolidation,34.41,2003-09-01,11.0,0.0,10016.0,59.6,32.0,f,INDIVIDUAL,2.0,0.0,1,6.0,1,10.9,0.326
8400.0,36,8.19,263.97,A5,MORTGAGE,62000.0,Not Verified,2015-01-01,debt_consolidation,15.12,1977-01-01,20.0,1.0,11967.0,35.1,44.0,f,INDIVIDUAL,2.0,1.0,0,8.0,0,38.0,0.135
15600.0,36,6.03,474.8,A1,MORTGAGE,115000.0,Source Verified,2013-12-01,credit_card,8.06,1993-10-01,10.0,0.0,17888.0,32.1,27.0,f,INDIVIDUAL,10.0,0.0,0,7.0,0,20.2,0.136
12500.0,60,13.99,290.79,C4,RENT,65000.0,Verified,2015-09-01,other,11.72,2007-07-01,14.0,0.0,4278.0,17.3,25.0,w,INDIVIDUAL,1.0,0.0,0,2.0,0,8.2,0.192
7000.0,36,9.76,225.09,B3,MORTGAGE,52000.0,Verified,2015-12-01,debt_consolidation,1.18,2004-08-01,12.0,1.0,1709.0,10.3,27.0,w,INDIVIDUAL,4.0,1.0,0,10.0,0,11.3,0.135
21725.0,36,13.11,733.16,B4,MORTGAGE,130000.0,Verified,2012-09-01,debt_consolidation,25.07,2000-10-01,23.0,0.0,48381.0,67.3,35.0,f,INDIVIDUAL,2.0,0.0,0,6.0,0,11.9,0.167
3825.0,36,18.25,138.77,D3,RENT,27176.4,Verified,2014-01-01,credit_card,7.24,2005-04-01,7.0,0.0,3498.0,29.4,12.0,f,INDIVIDUAL,0.0,0.0,0,6.0,1,8.8,0.141
13000.0,36,12.29,433.59,C1,MORTGAGE,55000.0,Not Verified,2015-07-01,credit_card,12.94,2006-03-01,18.0,1.0,15707.0,38.8,23.0,f,INDIVIDUAL,1.0,1.0,0,7.0,0,9.3,0.236
9000.0,36,7.39,279.51,A4,RENT,75000.0,Verified,2016-06-01,debt_consolidation,8.78,2010-06-01,6.0,0.0,3310.0,25.3,9.0,w,INDIVIDUAL,0.0,0.0,0,2.0,0,6.0,0.12
13000.0,60,10.59,280.01,B2,RENT,65004.0,Source Verified,2011-06-01,debt_consolidation,11.63,1997-02-01,11.0,0.0,1883.0,8.8,41.0,f,INDIVIDUAL,3.0,0.0,0,1.0,0,14.3,0.2
19350.0,60,18.49,496.54,D2,RENT,65000.0,Verified,2013-04-01,debt_consolidation,20.86,1999-11-01,10.0,0.0,35866.0,91.7,28.0,f,INDIVIDUAL,2.0,0.0,1,5.0,0,13.4,0.298
15000.0,60,10.65,323.53,B2,MORTGAGE,140000.0,Verified,2011-09-01,debt_consolidation,13.95,1999-04-01,7.0,0.0,7459.0,32.9,15.0,f,INDIVIDUAL,0.0,0.0,0,10.0,0,12.4,0.107
10000.0,36,9.75,321.5,B3,MORTGAGE,87000.0,Not Verified,2016-02-01,debt_consolidation,9.78,2001-09-01,16.0,1.0,7307.0,32.6,26.0,w,INDIVIDUAL,2.0,0.0,0,10.0,0,14.4,0.115
2200.0,36,16.49,77.88,D3,RENT,16200.0,Source Verified,2011-06-01,small_business,7.41,2008-05-01,8.0,0.0,2185.0,87.4,9.0,f,INDIVIDUAL,0.0,0.0,0,2.0,0,3.1,0.136
8875.0,36,19.05,325.55,D4,RENT,77213.0,Not Verified,2013-06-01,other,7.38,1989-05-01,6.0,0.0,4542.0,82.6,11.0,f,INDIVIDUAL,0.0,0.0,0,10.0,0,24.1,0.115
34550.0,60,20.2,919.22,E3,MORTGAGE,78600.0,Source Verified,2014-09-01,debt_consolidation,32.08,1998-12-01,12.0,0.0,28714.0,60.3,35.0,w,INDIVIDUAL,2.0,0.0,0,2.0,0,15.8,0.44
6000.0,36,15.8,210.36,C3,RENT,35000.0,Verified,2013-06-01,credit_card,23.07,2005-07-01,4.0,0.0,5121.0,84.0,8.0,f,INDIVIDUAL,0.0,0.0,0,8.0,0,7.9,0.171
19000.0,60,8.18,386.9,B1,MORTGAGE,96000.0,Verified,2015-09-01,credit_card,12.44,2002-12-01,18.0,0.0,10870.0,10.6,40.0,w,INDIVIDUAL,5.0,0.0,0,2.0,0,12.8,0.198
7000.0,36,11.14,229.64,B2,OWN,40000.0,Not Verified,2013-04-01,debt_consolidation,28.02,1974-06-01,6.0,0.0,2828.0,19.2,21.0,f,INDIVIDUAL,2.0,0.0,0,10.0,0,38.8,0.175
15000.0,36,8.9,476.3,A5,MORTGAGE,41168.0,Not Verified,2013-04-01,debt_consolidation,9.07,1999-02-01,15.0,0.0,14759.0,28.4,26.0,w,INDIVIDUAL,3.0,0.0,0,10.0,0,14.2,0.364
12000.0,60,24.99,352.15,F4,RENT,30000.0,Verified,2015-09-01,debt_consolidation,33.12,2003-09-01,7.0,0.0,15024.0,97.6,10.0,f,INDIVIDUAL,0.0,0.0,1,10.0,0,12.0,0.4
21550.0,60,25.8,642.67,G1,MORTGAGE,75000.0,Verified,2015-01-01,debt_consolidation,21.06,1997-07-01,16.0,1.0,44358.0,72.0,24.0,w,INDIVIDUAL,1.0,1.0,0,10.0,0,17.5,0.287
25000.0,36,20.03,929.48,G2,MORTGAGE,120000.0,Verified,2010-11-01,debt_consolidation,19.69,2000-10-01,6.0,0.0,66753.0,95.8,47.0,f,INDIVIDUAL,3.0,0.0,0,4.0,0,10.1,0.208
9600.0,36,9.17,306.04,B2,RENT,60000.0,Source Verified,2015-04-01,debt_consolidation,13.7,2007-02-01,10.0,0.0,2684.0,19.4,14.0,w,INDIVIDUAL,0.0,0.0,1,10.0,0,8.2,0.16
8000.0,36,13.99,273.39,C4,RENT,37000.0,Verified,2016-01-01,debt_consolidation,30.43,2007-11-01,17.0,0.0,4879.0,97.6,35.0,w,INDIVIDUAL,0.0,0.0,1,0.0,0,8.2,0.216
22250.0,36,14.49,765.76,C4,RENT,53000.0,Source Verified,2014-08-01,debt_consolidation,20.45,1999-04-01,18.0,0.0,6024.0,72.6,26.0,w,INDIVIDUAL,0.0,0.0,0,3.0,0,15.3,0.42
4000.0,36,9.32,127.79,A4,RENT,48996.0,Source Verified,2009-06-01,car,8.67,1998-05-01,5.0,0.0,34.0,0.3,21.0,f,INDIVIDUAL,1.0,0.0,0,2.0,0,11.1,0.082
6275.0,36,17.14,224.16,D4,MORTGAGE,37000.0,Source Verified,2015-01-01,home_improvement,31.4,2000-09-01,12.0,0.0,12227.0,46.5,24.0,f,INDIVIDUAL,5.0,0.0,0,10.0,0,14.3,0.17
22500.0,36,7.39,698.76,A4,MORTGAGE,45000.0,Not Verified,2016-06-01,credit_card,14.17,1992-10-01,14.0,0.0,24928.0,26.6,28.0,w,INDIVIDUAL,4.0,0.0,0,9.0,0,23.7,0.5
15000.0,36,10.16,485.14,B1,MORTGAGE,55000.0,Verified,2013-06-01,home_improvement,14.64,2001-10-01,7.0,1.0,3069.0,13.9,25.0,f,INDIVIDUAL,0.0,0.0,0,3.0,0,11.7,0.273
20000.0,36,7.62,623.23,A3,RENT,150000.0,Verified,2013-11-01,credit_card,3.77,1999-03-01,11.0,0.0,16460.0,25.1,28.0,w,INDIVIDUAL,6.0,0.0,0,10.0,0,14.7,0.133
18500.0,36,13.33,626.29,C3,OWN,37000.0,Source Verified,2015-06-01,debt_consolidation,31.08,1994-02-01,12.0,0.0,29682.0,91.3,21.0,f,INDIVIDUAL,0.0,0.0,1,10.0,0,21.3,0.5
10000.0,36,9.99,322.63,B3,RENT,51000.0,Source Verified,2015-05-01,debt_consolidation,27.51,1999-06-01,6.0,0.0,12025.0,58.7,18.0,w,INDIVIDUAL,0.0,0.0,0,5.0,0,15.9,0.196
35000.0,36,15.8,1227.05,C3,RENT,90000.0,Verified,2013-06-01,debt_consolidation,19.13,1992-02-01,7.0,0.0,10096.0,28.3,34.0,f,INDIVIDUAL,5.0,0.0,0,10.0,0,21.3,0.389
7000.0,36,9.99,225.84,B3,OWN,37000.0,Verified,2015-08-01,debt_consolidation,19.1,1990-09-01,13.0,1.0,5770.0,24.9,21.0,f,INDIVIDUAL,1.0,1.0,0,10.0,0,24.9,0.189
6625.0,36,10.16,214.27,B1,RENT,22234.8,Verified,2013-05-01,debt_consolidation,20.89,2001-05-01,5.0,1.0,5354.0,36.7,13.0,w,INDIVIDUAL,0.0,1.0,0,6.0,1,12.0,0.298
6450.0,36,16.29,227.69,D2,MORTGAGE,34405.0,Verified,2014-07-01,debt_consolidation,31.39,2002-05-01,8.0,0.0,3406.0,46.0,15.0,f,INDIVIDUAL,0.0,0.0,0,2.0,0,12.2,0.187
8000.0,36,11.67,264.46,B4,RENT,61000.0,Not Verified,2014-07-01,debt_consolidation,19.89,1995-11-01,11.0,0.0,9970.0,79.1,25.0,w,INDIVIDUAL,1.0,0.0,0,2.0,0,18.7,0.131
17325.0,36,12.99,583.67,B4,MORTGAGE,170000.0,Verified,2013-10-01,home_improvement,15.29,2006-09-01,9.0,0.0,4326.0,33.4,14.0,w,INDIVIDUAL,1.0,0.0,0,4.0,0,7.1,0.102
4000.0,36,18.25,145.12,D3,RENT,35000.0,Verified,2014-02-01,debt_consolidation,25.82,2010-09-01,8.0,0.0,2655.0,41.5,13.0,f,INDIVIDUAL,0.0,0.0,0,2.0,0,3.4,0.114
16000.0,60,24.89,468.59,F4,OWN,87000.0,Source Verified,2013-09-01,home_improvement,17.78,1997-04-01,6.0,0.0,2922.0,55.1,31.0,w,INDIVIDUAL,0.0,0.0,0,10.0,0,16.4,0.184
9700.0,36,7.69,302.58,A4,RENT,60000.0,Not Verified,2014-07-01,credit_card,18.5,2002-06-01,9.0,0.0,9605.0,49.5,20.0,w,INDIVIDUAL,0.0,0.0,0,10.0,0,12.1,0.162
30000.0,36,11.53,989.71,B5,MORTGAGE,170000.0,Source Verified,2015-08-01,debt_consolidation,21.67,2001-01-01,21.0,0.0,48449.0,65.6,62.0,w,INDIVIDUAL,2.0,0.0,1,3.0,0,14.6,0.176
20000.0,36,6.54,391.01,A4,RENT,49400.0,Verified,2010-12-01,credit_card,15.64,2000-10-01,7.0,0.0,31333.0,49.0,44.0,f,INDIVIDUAL,3.0,0.0,0,0.0,0,10.2,0.405
20000.0,36,16.2,705.12,C4,RENT,80000.0,Verified,2013-10-01,debt_consolidation,25.5,1992-01-01,15.0,0.0,19135.0,76.2,41.0,f,INDIVIDUAL,4.0,0.0,0,2.0,0,21.7,0.25
12800.0,36,12.12,425.88,B3,MORTGAGE,110000.0,Not Verified,2012-07-01,credit_card,9.42,2003-09-01,15.0,0.0,13158.0,38.9,21.0,f,INDIVIDUAL,1.0,0.0,0,6.0,0,8.8,0.116
25000.0,36,6.97,771.59,A3,RENT,100000.0,Verified,2016-03-01,other,6.34,2010-07-01,6.0,0.0,167.0,0.4,7.0,w,INDIVIDUAL,0.0,0.0,0,5.0,0,5.7,0.25
23000.0,36,15.81,806.46,C4,RENT,150000.0,Not Verified,2012-03-01,debt_consolidation,11.16,1995-03-01,11.0,0.0,27933.0,35.7,33.0,f,INDIVIDUAL,0.0,0.0,0,3.0,0,17.0,0.153
18900.0,36,11.53,623.52,B5,MORTGAGE,45000.0,Not Verified,2015-02-01,debt_consolidation,32.05,2000-09-01,13.0,0.0,30879.0,55.6,51.0,f,INDIVIDUAL,2.0,0.0,1,7.0,0,14.4,0.42
14100.0,36,13.05,475.43,B5,OWN,40000.0,Verified,2013-08-01,credit_card,24.63,2006-04-01,15.0,0.0,19067.0,70.1,27.0,f,INDIVIDUAL,0.0,0.0,0,3.0,0,7.3,0.352
7200.0,36,18.25,261.21,D3,OWN,42000.0,Source Verified,2014-04-01,debt_consolidation,19.26,2010-01-01,9.0,0.0,4790.0,59.1,10.0,w,INDIVIDUAL,0.0,0.0,0,9.0,0,4.2,0.171
16000.0,60,19.52,419.65,E2,MORTGAGE,69300.0,Source Verified,2014-09-01,debt_consolidation,22.49,2004-01-01,28.0,1.0,16808.0,55.3,67.0,w,INDIVIDUAL,8.0,1.0,1,9.0,0,10.7,0.231
12375.0,36,13.05,417.27,B5,OWN,122000.0,Verified,2013-09-01,major_purchase,2.94,1970-08-01,8.0,1.0,3047.0,26.3,55.0,f,INDIVIDUAL,15.0,1.0,0,10.0,0,43.1,0.101
2875.0,36,17.57,103.32,D4,RENT,35700.0,Not Verified,2015-12-01,debt_consolidation,5.75,2006-11-01,23.0,0.0,4103.0,33.9,36.0,w,INDIVIDUAL,0.0,0.0,1,2.0,0,9.1,0.081
12000.0,60,14.85,284.54,C5,RENT,120000.0,Not Verified,2016-01-01,debt_consolidation,12.06,1996-06-01,18.0,0.0,57247.0,48.5,37.0,w,INDIVIDUAL,0.0,0.0,1,2.0,0,19.6,0.1
7000.0,36,12.99,235.83,C1,MORTGAGE,68600.0,Verified,2014-08-01,debt_consolidation,32.52,1999-10-01,19.0,0.0,56461.0,82.7,40.0,w,INDIVIDUAL,1.0,0.0,1,10.0,0,14.8,0.102
1000.0,36,13.98,34.17,C1,OWN,42000.0,Not Verified,2013-12-01,other,26.6,1991-04-01,15.0,0.0,7977.0,44.1,34.0,f,INDIVIDUAL,2.0,0.0,0,6.0,0,22.7,0.024
13500.0,36,7.89,422.36,A5,RENT,80000.0,Not Verified,2015-04-01,credit_card,9.59,2004-05-01,7.0,0.0,13753.0,76.0,35.0,w,INDIVIDUAL,0.0,0.0,0,1.0,0,10.9,0.169
10000.0,36,14.09,342.22,B5,RENT,43000.0,Not Verified,2013-06-01,debt_consolidation,15.82,2005-07-01,6.0,0.0,8211.0,70.8,12.0,f,INDIVIDUAL,0.0,0.0,0,0.0,0,7.9,0.233
14000.0,36,14.47,481.69,C2,MORTGAGE,110000.0,Verified,2013-12-01,credit_card,15.03,2000-08-01,11.0,0.0,9680.0,54.1,30.0,f,INDIVIDUAL,1.0,0.0,0,0.0,0,13.3,0.127
18000.0,36,8.19,565.64,A5,RENT,110000.0,Not Verified,2015-01-01,debt_consolidation,26.93,2000-01-01,17.0,0.0,32024.0,76.4,47.0,w,INDIVIDUAL,4.0,0.0,0,4.0,0,15.0,0.164
5375.0,36,12.12,178.84,B3,MORTGAGE,18000.0,Not Verified,2012-10-01,debt_consolidation,15.13,1988-01-01,9.0,0.0,4221.0,22.9,18.0,f,INDIVIDUAL,3.0,0.0,0,6.0,1,24.8,0.299
9550.0,36,14.33,327.93,C1,MORTGAGE,30680.0,Verified,2013-02-01,debt_consolidation,26.13,1995-05-01,8.0,0.0,26961.0,82.7,22.0,f,INDIVIDUAL,1.0,0.0,0,6.0,0,17.8,0.311
6300.0,36,16.55,223.21,D2,MORTGAGE,75000.0,Verified,2015-07-01,other,15.66,2002-02-01,7.0,0.0,41304.0,34.0,11.0,f,INDIVIDUAL,1.0,0.0,0,9.0,0,13.4,0.084
8000.0,36,8.9,254.03,A5,MORTGAGE,130000.0,Verified,2013-02-01,debt_consolidation,12.78,2003-02-01,10.0,0.0,19568.0,75.8,18.0,f,INDIVIDUAL,1.0,0.0,1,9.0,0,10.0,0.062
30000.0,36,12.39,1002.03,C1,RENT,265000.0,Verified,2014-11-01,debt_consolidation,16.72,1998-02-01,9.0,0.0,2020.0,29.7,25.0,w,INDIVIDUAL,0.0,0.0,0,7.0,0,16.7,0.113
10000.0,36,17.77,360.38,D1,OWN,77000.0,Verified,2013-03-01,debt_consolidation,27.13,2001-04-01,15.0,0.0,16258.0,69.0,23.0,w,INDIVIDUAL,0.0,0.0,0,10.0,0,11.9,0.13
21000.0,36,11.53,692.8,B5,RENT,106000.0,Verified,2015-07-01,debt_consolidation,12.77,1988-03-01,12.0,1.0,9248.0,39.0,38.0,w,INDIVIDUAL,3.0,1.0,0,0.0,0,27.3,0.198
35000.0,60,18.55,899.28,E2,MORTGAGE,175000.0,Source Verified,2015-08-01,credit_card,8.01,1985-07-01,22.0,0.0,73865.0,50.8,44.0,w,INDIVIDUAL,5.0,0.0,0,10.0,0,30.1,0.2
8000.0,36,11.14,262.43,B1,RENT,60000.0,Not Verified,2010-01-01,other,13.52,2002-03-01,14.0,0.0,3862.0,13.5,32.0,f,INDIVIDUAL,2.0,0.0,0,0.0,0,7.8,0.133
12000.0,36,11.99,398.52,B3,MORTGAGE,86000.0,Not Verified,2013-11-01,debt_consolidation,10.81,1998-04-01,6.0,0.0,7851.0,57.7,28.0,w,INDIVIDUAL,4.0,0.0,0,4.0,0,15.6,0.14
23500.0,60,13.11,536.03,B4,MORTGAGE,53000.0,Verified,2013-03-01,debt_consolidation,25.74,1984-12-01,10.0,0.0,16096.0,47.6,25.0,f,INDIVIDUAL,1.0,0.0,0,7.0,0,28.2,0.443
9300.0,36,17.86,335.57,D5,OWN,35000.0,Source Verified,2015-05-01,debt_consolidation,25.69,1999-12-01,24.0,2.0,2900.0,65.9,35.0,w,INDIVIDUAL,1.0,1.0,0,3.0,0,15.4,0.266
16000.0,36,10.16,517.48,B1,MORTGAGE,120000.0,Not Verified,2012-12-01,credit_card,10.12,1984-10-01,9.0,0.0,13195.0,84.0,17.0,w,INDIVIDUAL,2.0,0.0,0,6.0,0,28.2,0.133
5000.0,36,11.47,164.81,B5,OWN,19000.0,Verified,2016-05-01,debt_consolidation,30.76,1986-09-01,11.0,1.0,10394.0,28.4,21.0,w,INDIVIDUAL,0.0,1.0,0,6.0,1,29.7,0.263
21000.0,60,18.25,536.13,E1,MORTGAGE,107000.0,Source Verified,2015-10-01,debt_consolidation,11.89,1993-09-01,14.0,0.0,26239.0,91.7,20.0,f,INDIVIDUAL,2.0,0.0,0,10.0,0,22.1,0.196
12000.0,36,7.9,375.49,A4,RENT,100000.0,Verified,2014-01-01,debt_consolidation,17.18,2000-03-01,11.0,0.0,10467.0,54.0,22.0,w,INDIVIDUAL,0.0,0.0,0,0.0,0,13.8,0.12
15000.0,60,16.55,369.17,D2,RENT,48000.0,Source Verified,2015-05-01,debt_consolidation,17.35,2001-09-01,6.0,0.0,14664.0,91.1,11.0,f,INDIVIDUAL,0.0,0.0,0,10.0,0,13.7,0.312
25000.0,36,10.25,809.62,B2,RENT,82000.0,Not Verified,2010-03-01,other,2.49,1995-07-01,6.0,0.0,8185.0,8.3,15.0,f,INDIVIDUAL,0.0,0.0,0,10.0,0,14.7,0.305
24000.0,36,9.99,774.3,B3,MORTGAGE,185000.0,Source Verified,2015-02-01,debt_consolidation,8.82,1987-04-01,10.0,0.0,32164.0,57.2,29.0,w,INDIVIDUAL,6.0,0.0,0,1.0,0,27.8,0.13
25000.0,36,16.0,878.94,E2,MORTGAGE,174000.0,Verified,2009-05-01,credit_card,15.43,1994-12-01,20.0,1.0,35010.0,65.7,48.0,f,INDIVIDUAL,3.0,1.0,0,5.0,0,14.4,0.144
18200.0,60,15.61,438.83,D1,RENT,45000.0,Verified,2014-07-01,debt_consolidation,14.03,1997-05-01,17.0,0.0,21479.0,44.1,21.0,w,INDIVIDUAL,1.0,0.0,0,0.0,0,17.2,0.404
16000.0,60,15.61,385.79,C3,MORTGAGE,65000.0,Source Verified,2013-09-01,home_improvement,10.67,1998-12-01,14.0,0.0,21802.0,84.5,30.0,w,INDIVIDUAL,6.0,0.0,0,10.0,0,14.8,0.246
19075.0,36,7.49,593.27,A4,RENT,30000.0,Verified,2011-08-01,small_business,18.88,2005-02-01,10.0,0.0,2334.0,8.1,17.0,f,INDIVIDUAL,1.0,0.0,0,5.0,0,6.5,0.636
1600.0,36,11.99,53.14,B5,OWN,57000.0,Not Verified,2014-11-01,medical,15.37,1989-08-01,11.0,2.0,4813.0,44.2,37.0,f,INDIVIDUAL,0.0,1.0,0,6.0,0,25.3,0.028
12000.0,36,7.69,374.33,A4,MORTGAGE,70000.0,Not Verified,2014-09-01,credit_card,10.34,2009-11-01,16.0,0.0,9086.0,26.2,19.0,w,INDIVIDUAL,1.0,0.0,0,5.0,0,4.8,0.171
5000.0,36,16.99,178.24,D3,MORTGAGE,28000.0,Not Verified,2014-06-01,credit_card,24.73,2006-04-01,13.0,0.0,3559.0,32.1,27.0,w,INDIVIDUAL,1.0,0.0,0,10.0,0,8.2,0.179
15000.0,60,17.58,377.49,D4,MORTGAGE,112000.0,Verified,2011-09-01,medical,14.55,1996-05-01,6.0,0.0,54675.0,99.7,9.0,f,INDIVIDUAL,0.0,0.0,0,10.0,0,15.3,0.134
19000.0,36,9.17,605.7,B2,MORTGAGE,125000.0,Verified,2015-02-01,debt_consolidation,4.48,1999-09-01,9.0,1.0,17648.0,77.7,20.0,f,INDIVIDUAL,5.0,0.0,1,10.0,0,15.4,0.152
25000.0,36,11.83,828.35,B3,MORTGAGE,130000.0,Not Verified,2010-01-01,home_improvement,5.18,1997-11-01,9.0,0.0,6469.0,1.1,26.0,f,INDIVIDUAL,2.0,0.0,0,3.0,0,12.2,0.192
20000.0,36,16.29,706.01,C4,MORTGAGE,98000.0,Verified,2012-11-01,debt_consolidation,14.41,1998-11-01,16.0,0.0,14310.0,65.9,53.0,f,INDIVIDUAL,4.0,0.0,0,4.0,0,14.0,0.204
21000.0,36,7.9,657.1,A4,RENT,110000.0,Verified,2013-02-01,credit_card,24.51,2004-06-01,8.0,0.0,35453.0,77.9,13.0,f,INDIVIDUAL,0.0,0.0,0,0.0,0,8.7,0.191
20000.0,60,18.25,510.6,D3,MORTGAGE,52578.0,Source Verified,2014-01-01,debt_consolidation,12.31,1993-12-01,6.0,0.0,13027.0,97.2,13.0,f,INDIVIDUAL,4.0,0.0,0,10.0,0,20.1,0.38
5000.0,36,12.69,167.73,C2,RENT,25000.0,Source Verified,2015-07-01,debt_consolidation,23.91,2003-10-01,13.0,1.0,12070.0,61.9,28.0,f,INDIVIDUAL,0.0,1.0,0,0.0,0,11.7,0.2
7800.0,36,17.1,278.48,C5,RENT,51000.0,Not Verified,2013-09-01,debt_consolidation,17.67,2002-02-01,9.0,0.0,5389.0,35.7,18.0,w,INDIVIDUAL,1.0,0.0,1,7.0,0,11.6,0.153
40000.0,36,5.32,1204.6,A1,RENT,157000.0,Verified,2016-03-01,major_purchase,2.48,2000-04-01,11.0,0.0,5967.0,11.6,31.0,w,INDIVIDUAL,4.0,0.0,0,10.0,0,15.9,0.255
6000.0,36,8.9,190.52,A5,OWN,34000.0,Source Verified,2014-04-01,debt_consolidation,13.45,1992-09-01,7.0,0.0,7767.0,38.5,22.0,f,INDIVIDUAL,0.0,0.0,0,3.0,0,21.6,0.176
8000.0,36,13.05,269.75,B5,RENT,35000.0,Source Verified,2013-08-01,debt_consolidation,22.32,2000-02-01,9.0,1.0,5398.0,43.9,29.0,w,INDIVIDUAL,0.0,1.0,0,10.0,0,13.5,0.229
8000.0,36,14.33,274.71,C1,MORTGAGE,65000.0,Verified,2013-06-01,debt_consolidation,22.62,1997-12-01,11.0,0.0,34133.0,92.2,31.0,w,INDIVIDUAL,5.0,0.0,0,7.0,0,15.5,0.123
20000.0,36,9.75,643.0,B3,MORTGAGE,78000.0,Verified,2016-06-01,other,10.45,1987-08-01,10.0,0.0,55588.0,23.5,24.0,f,INDIVIDUAL,2.0,0.0,0,6.0,1,28.8,0.256
12000.0,36,11.47,395.55,B5,MORTGAGE,45000.0,Source Verified,2016-02-01,debt_consolidation,8.64,2005-02-01,12.0,0.0,10895.0,62.6,24.0,w,INDIVIDUAL,3.0,0.0,0,5.0,0,11.0,0.267
34475.0,36,12.99,1161.44,B5,MORTGAGE,78500.0,Source Verified,2014-03-01,credit_card,18.8,1998-07-01,27.0,0.0,34564.0,90.7,62.0,f,INDIVIDUAL,0.0,0.0,0,5.0,0,15.7,0.439
21000.0,36,7.62,654.39,A3,MORTGAGE,120000.0,Not Verified,2013-02-01,credit_card,12.34,1995-12-01,9.0,0.0,37714.0,72.4,16.0,f,INDIVIDUAL,1.0,0.0,0,4.0,0,17.2,0.175
18000.0,36,18.99,659.72,E1,RENT,75100.0,Source Verified,2014-07-01,debt_consolidation,19.35,2003-10-01,22.0,0.0,15231.0,59.7,34.0,f,INDIVIDUAL,0.0,0.0,0,10.0,0,10.7,0.24
2000.0,36,12.29,66.71,C1,RENT,61000.0,Not Verified,2015-07-01,debt_consolidation,22.92,1996-10-01,17.0,0.0,17543.0,70.2,24.0,w,INDIVIDUAL,0.0,0.0,1,10.0,0,18.7,0.033
7500.0,36,16.29,264.76,C4,RENT,81000.0,Not Verified,2013-04-01,other,4.19,2000-02-01,7.0,1.0,11026.0,56.0,28.0,f,INDIVIDUAL,0.0,1.0,0,10.0,0,13.2,0.093
15400.0,36,18.49,560.54,D2,RENT,39000.0,Verified,2012-12-01,credit_card,11.85,2000-08-01,4.0,0.0,4189.0,91.1,13.0,f,INDIVIDUAL,0.0,0.0,1,5.0,0,12.3,0.395
25475.0,36,20.99,959.65,E3,RENT,65000.0,Verified,2012-06-01,credit_card,19.29,2004-11-01,11.0,0.0,14494.0,53.1,11.0,f,INDIVIDUAL,0.0,0.0,1,6.0,0,7.6,0.392
10000.0,36,15.61,349.65,D1,RENT,70000.0,Source Verified,2014-10-01,debt_consolidation,14.3,1998-10-01,8.0,1.0,5482.0,49.8,20.0,w,INDIVIDUAL,0.0,1.0,0,5.0,0,16.0,0.143
10400.0,36,10.99,340.44,B3,MORTGAGE,180000.0,Source Verified,2014-05-01,credit_card,5.71,1987-11-01,14.0,1.0,8475.0,52.0,48.0,f,INDIVIDUAL,13.0,1.0,0,4.0,0,26.5,0.058
23100.0,60,17.86,584.84,D5,RENT,52000.0,Verified,2014-11-01,debt_consolidation,35.52,2002-10-01,12.0,0.0,15292.0,80.9,54.0,w,INDIVIDUAL,0.0,0.0,0,0.0,0,12.1,0.444
16425.0,36,19.05,602.5,D4,RENT,38000.0,Not Verified,2013-04-01,debt_consolidation,9.76,2006-11-01,6.0,0.0,7410.0,54.1,12.0,w,INDIVIDUAL,0.0,0.0,0,5.0,0,6.4,0.432
6000.0,36,7.62,186.97,A3,RENT,80000.0,Not Verified,2013-01-01,debt_consolidation,10.11,2001-05-01,11.0,1.0,6518.0,55.2,33.0,f,INDIVIDUAL,0.0,1.0,0,1.0,0,11.7,0.075
24050.0,60,21.99,664.1,F1,RENT,150000.0,Verified,2015-09-01,debt_consolidation,18.76,2002-05-01,8.0,1.0,7582.0,26.1,22.0,f,INDIVIDUAL,0.0,1.0,1,3.0,0,13.3,0.16
15400.0,60,15.41,369.69,D1,RENT,35000.0,Not Verified,2015-12-01,debt_consolidation,21.16,2002-01-01,7.0,0.0,3902.0,26.5,11.0,w,INDIVIDUAL,0.0,0.0,0,10.0,0,13.9,0.44
18000.0,36,18.49,655.18,D2,MORTGAGE,61400.0,Verified,2012-07-01,debt_consolidation,19.23,2006-03-01,10.0,0.0,14094.0,76.6,11.0,f,INDIVIDUAL,1.0,0.0,0,0.0,0,6.3,0.293
8675.0,36,19.52,320.28,E3,RENT,50000.0,Verified,2015-03-01,other,4.97,2006-01-01,6.0,1.0,547.0,6.5,26.0,f,INDIVIDUAL,0.0,1.0,0,6.0,0,9.2,0.174
8000.0,36,16.55,283.44,D2,MORTGAGE,56000.0,Verified,2015-05-01,debt_consolidation,19.67,2003-05-01,28.0,0.0,13607.0,17.2,41.0,w,INDIVIDUAL,4.0,0.0,0,4.0,0,12.0,0.143
25000.0,36,9.67,802.82,B1,RENT,120000.0,Source Verified,2014-01-01,debt_consolidation,17.83,1991-02-01,15.0,0.0,7041.0,26.0,29.0,w,INDIVIDUAL,1.0,0.0,0,10.0,0,22.9,0.208
6800.0,36,21.74,258.79,F5,RENT,36500.0,Source Verified,2011-07-01,moving,20.48,2002-10-01,33.0,0.0,6525.0,89.4,36.0,f,INDIVIDUAL,2.0,0.0,1,2.0,0,8.7,0.186
30000.0,36,14.16,1027.67,C2,MORTGAGE,125000.0,Verified,2014-04-01,debt_consolidation,7.73,2004-07-01,17.0,0.0,30489.0,53.0,21.0,f,INDIVIDUAL,2.0,0.0,0,9.0,0,9.7,0.24
6000.0,60,17.49,150.71,D5,RENT,30000.0,Source Verified,2011-05-01,wedding,19.36,2002-01-01,6.0,0.0,2233.0,79.7,16.0,f,INDIVIDUAL,0.0,0.0,0,5.0,0,9.3,0.2
30000.0,36,9.17,956.37,B2,MORTGAGE,600000.0,Source Verified,2015-08-01,home_improvement,1.93,1998-09-01,3.0,0.0,12480.0,68.2,24.0,w,INDIVIDUAL,3.0,0.0,0,3.0,0,16.9,0.05
35000.0,60,22.99,986.47,F1,MORTGAGE,95000.0,Verified,2015-01-01,debt_consolidation,34.59,1997-12-01,26.0,0.0,49248.0,87.3,40.0,f,INDIVIDUAL,1.0,0.0,1,10.0,0,17.1,0.368
35000.0,60,18.25,893.54,E1,MORTGAGE,85000.0,Verified,2015-05-01,debt_consolidation,22.66,1998-03-01,22.0,0.0,34926.0,71.9,41.0,w,INDIVIDUAL,4.0,0.0,0,10.0,0,17.2,0.412
7200.0,36,11.44,237.23,B4,MORTGAGE,65000.0,Not Verified,2014-11-01,other,6.57,1989-08-01,7.0,0.0,7883.0,83.0,23.0,f,INDIVIDUAL,4.0,0.0,0,10.0,0,25.3,0.111
5000.0,36,11.99,166.05,B3,MORTGAGE,122000.0,Verified,2014-01-01,debt_consolidation,31.11,1982-08-01,21.0,0.0,7422.0,48.8,60.0,f,INDIVIDUAL,4.0,0.0,0,0.0,0,31.4,0.041
13375.0,60,16.49,328.75,D3,RENT,38000.0,Source Verified,2014-11-01,debt_consolidation,14.02,2000-08-01,5.0,1.0,4016.0,68.1,15.0,w,INDIVIDUAL,2.0,1.0,0,10.0,0,14.3,0.352
10000.0,36,6.03,304.36,A1,OWN,103000.0,Source Verified,2015-01-01,debt_consolidation,17.78,1987-02-01,12.0,0.0,45403.0,35.6,21.0,f,INDIVIDUAL,3.0,0.0,0,10.0,0,27.9,0.097
11325.0,60,20.2,301.31,E3,RENT,100000.0,Not Verified,2014-10-01,car,13.07,1996-12-01,4.0,2.0,7761.0,57.0,26.0,f,INDIVIDUAL,4.0,2.0,0,4.0,0,17.8,0.113
14700.0,60,19.99,389.38,E3,RENT,41000.0,Source Verified,2015-01-01,debt_consolidation,19.23,2005-04-01,9.0,0.0,7089.0,59.1,16.0,f,INDIVIDUAL,0.0,0.0,1,1.0,0,9.8,0.359
20000.0,36,15.8,701.17,C3,MORTGAGE,84000.0,Source Verified,2012-10-01,debt_consolidation,10.2,1984-01-01,13.0,0.0,9807.0,36.6,33.0,f,INDIVIDUAL,5.0,0.0,0,4.0,0,28.8,0.238
8000.0,60,20.9,215.98,G3,MORTGAGE,50000.0,Verified,2010-08-01,debt_consolidation,20.4,1995-09-01,31.0,0.0,11712.0,78.1,57.0,f,INDIVIDUAL,3.0,0.0,1,7.0,0,14.9,0.16
15000.0,36,15.8,525.88,C3,RENT,38400.0,Source Verified,2013-05-01,debt_consolidation,26.84,2005-07-01,12.0,0.0,15749.0,83.3,23.0,w,INDIVIDUAL,0.0,0.0,1,8.0,0,7.8,0.391
18000.0,60,15.61,434.01,D1,RENT,74000.0,Source Verified,2015-05-01,debt_consolidation,10.48,2003-10-01,6.0,0.0,28325.0,67.9,20.0,w,INDIVIDUAL,0.0,0.0,0,8.0,0,11.6,0.243
6000.0,36,9.25,191.5,A5,RENT,47000.0,Verified,2013-10-01,debt_consolidation,23.5,2002-08-01,10.0,0.0,2867.0,16.6,19.0,f,INDIVIDUAL,0.0,0.0,0,7.0,0,11.2,0.128
19375.0,36,11.14,635.6,B2,RENT,44000.0,Verified,2013-01-01,debt_consolidation,31.69,1996-01-01,19.0,0.0,29472.0,46.6,34.0,f,INDIVIDUAL,0.0,0.0,0,7.0,0,17.0,0.44
18000.0,36,10.99,589.22,B2,OWN,78000.0,Verified,2014-01-01,debt_consolidation,32.96,1998-01-01,11.0,0.0,30972.0,60.8,25.0,w,INDIVIDUAL,3.0,0.0,1,10.0,0,16.0,0.231
15000.0,36,14.09,513.33,B5,MORTGAGE,75000.0,Not Verified,2012-08-01,debt_consolidation,26.24,2001-03-01,12.0,0.0,14862.0,41.1,30.0,f,INDIVIDUAL,7.0,0.0,0,10.0,0,11.4,0.2
24000.0,60,13.67,554.35,C4,MORTGAGE,140000.0,Source Verified,2015-11-01,credit_card,19.41,2002-06-01,19.0,0.0,16891.0,69.2,27.0,w,INDIVIDUAL,2.0,0.0,1,6.0,0,13.4,0.171
19125.0,36,14.49,658.21,C4,OWN,60000.0,Source Verified,2014-10-01,debt_consolidation,17.14,1983-01-01,5.0,0.0,4844.0,96.9,12.0,w,INDIVIDUAL,0.0,0.0,0,10.0,0,31.7,0.319
12000.0,36,14.46,412.82,D2,RENT,75000.0,Source Verified,2010-12-01,debt_consolidation,11.25,1994-09-01,5.0,0.0,18148.0,68.8,14.0,f,INDIVIDUAL,0.0,0.0,0,1.0,0,16.2,0.16
8000.0,36,13.18,270.25,C3,RENT,45000.0,Source Verified,2015-11-01,debt_consolidation,23.2,1991-12-01,11.0,0.0,4831.0,28.8,28.0,f,INDIVIDUAL,0.0,0.0,0,6.0,0,23.9,0.178
15000.0,36,6.03,456.54,A1,MORTGAGE,106000.0,Source Verified,2013-05-01,credit_card,7.49,1992-07-01,8.0,0.0,15074.0,31.7,19.0,f,INDIVIDUAL,3.0,0.0,0,6.0,0,20.8,0.142
35000.0,60,13.18,799.59,C3,RENT,90000.0,Not Verified,2015-12-01,debt_consolidation,38.01,1984-12-01,19.0,0.0,61665.0,69.0,37.0,w,INDIVIDUAL,0.0,0.0,1,10.0,0,31.0,0.389
1550.0,36,14.65,53.47,C5,MORTGAGE,75000.0,Source Verified,2015-08-01,home_improvement,23.41,2002-06-01,10.0,0.0,49221.0,92.9,30.0,w,INDIVIDUAL,7.0,0.0,0,10.0,0,13.2,0.021
3000.0,36,13.68,102.07,C1,MORTGAGE,42000.0,Verified,2013-09-01,debt_consolidation,14.77,1962-03-01,9.0,1.0,3221.0,27.1,29.0,w,INDIVIDUAL,2.0,1.0,0,6.0,1,51.5,0.071
6000.0,36,11.53,197.95,B5,MORTGAGE,30000.0,Verified,2015-04-01,debt_consolidation,6.02,1992-04-01,11.0,0.0,9445.0,18.3,22.0,f,INDIVIDUAL,3.0,0.0,0,8.0,0,23.0,0.2
12000.0,36,15.31,417.81,C2,RENT,60000.0,Not Verified,2012-09-01,credit_card,17.1,2000-06-01,6.0,0.0,12104.0,82.3,22.0,f,INDIVIDUAL,0.0,0.0,0,1.0,0,12.3,0.2
5000.0,36,15.05,173.46,D4,RENT,85000.0,Not Verified,2009-07-01,house,14.04,1994-07-01,5.0,0.0,9952.0,97.6,16.0,f,INDIVIDUAL,0.0,0.0,0,5.0,0,15.0,0.059
24000.0,36,17.27,858.9,C5,MORTGAGE,90000.0,Verified,2012-09-01,debt_consolidation,19.36,1997-02-01,20.0,0.0,26004.0,61.2,34.0,f,INDIVIDUAL,3.0,0.0,0,5.0,0,15.6,0.267
8000.0,36,9.75,257.2,B3,MORTGAGE,198000.0,Source Verified,2016-03-01,home_improvement,17.72,1995-04-01,9.0,0.0,1506.0,5.0,27.0,w,INDIVIDUAL,3.0,0.0,0,3.0,0,20.9,0.04
7350.0,36,13.98,251.14,C3,RENT,21971.88,Verified,2014-10-01,debt_consolidation,16.55,1996-05-01,5.0,1.0,6001.0,57.2,12.0,f,INDIVIDUAL,0.0,1.0,0,6.0,1,18.4,0.335
2000.0,36,17.57,71.88,D2,MORTGAGE,89000.0,Not Verified,2014-03-01,other,21.83,1990-09-01,15.0,0.0,8537.0,85.4,46.0,f,INDIVIDUAL,8.0,0.0,0,6.0,0,23.5,0.022
18000.0,36,10.49,584.96,B3,OWN,50000.0,Not Verified,2014-11-01,other,1.94,2005-04-01,6.0,0.0,4321.0,15.4,12.0,f,INDIVIDUAL,0.0,0.0,0,0.0,0,9.6,0.36
9175.0,36,17.27,328.35,C5,RENT,104000.0,Source Verified,2012-08-01,debt_consolidation,11.34,2006-06-01,8.0,0.0,2328.0,61.3,13.0,f,INDIVIDUAL,0.0,0.0,0,4.0,0,6.2,0.088
19000.0,36,9.99,612.99,B3,RENT,79000.0,Not Verified,2015-08-01,debt_consolidation,29.28,2005-06-01,22.0,0.0,20238.0,61.1,35.0,f,INDIVIDUAL,1.0,0.0,0,10.0,0,10.2,0.241
24000.0,36,12.29,800.48,C1,MORTGAGE,106000.0,Source Verified,2015-07-01,debt_consolidation,20.5,1998-08-01,18.0,0.0,37941.0,74.7,35.0,w,INDIVIDUAL,2.0,0.0,0,4.0,0,16.9,0.226
20125.0,36,14.33,691.06,C1,OWN,45000.0,Verified,2013-04-01,debt_consolidation,19.6,2002-11-01,5.0,0.0,25534.0,90.2,14.0,f,INDIVIDUAL,3.0,0.0,0,10.0,0,10.4,0.447
15000.0,36,9.76,482.32,B1,RENT,70000.0,Source Verified,2012-04-01,credit_card,13.66,2000-04-01,4.0,0.0,3864.0,48.9,9.0,f,INDIVIDUAL,0.0,0.0,0,4.0,0,12.0,0.214
5375.0,36,17.77,193.7,D1,RENT,28900.0,Not Verified,2013-05-01,debt_consolidation,18.69,2005-04-01,5.0,0.0,3157.0,80.9,10.0,f,INDIVIDUAL,0.0,0.0,0,2.0,0,8.1,0.186
24000.0,36,11.99,797.03,B3,MORTGAGE,88000.0,Source Verified,2013-12-01,debt_consolidation,9.03,1986-01-01,22.0,0.0,18668.0,24.7,45.0,f,INDIVIDUAL,2.0,0.0,0,10.0,0,27.9,0.273
9000.0,36,16.77,319.85,D2,OWN,30000.0,Source Verified,2012-02-01,debt_consolidation,10.12,2004-10-01,9.0,0.0,6550.0,45.8,13.0,f,INDIVIDUAL,0.0,0.0,0,6.0,1,7.3,0.3
10625.0,36,12.12,353.52,B3,MORTGAGE,83200.0,Source Verified,2012-06-01,debt_consolidation,8.6,2001-10-01,5.0,0.0,3378.0,84.4,11.0,f,INDIVIDUAL,1.0,0.0,0,0.0,0,10.7,0.128
24000.0,36,12.85,806.93,B4,RENT,160000.0,Verified,2014-02-01,debt_consolidation,9.11,2003-08-01,12.0,0.0,19505.0,37.2,28.0,f,INDIVIDUAL,3.0,0.0,0,2.0,0,10.5,0.15
30000.0,36,6.89,924.81,A3,MORTGAGE,150415.0,Source Verified,2015-08-01,debt_consolidation,13.49,1998-10-01,13.0,0.0,23149.0,24.2,38.0,w,INDIVIDUAL,2.0,0.0,0,2.0,0,16.8,0.199
2000.0,36,8.9,63.51,A5,RENT,23628.0,Not Verified,2012-06-01,debt_consolidation,14.68,2005-10-01,14.0,0.0,2318.0,38.0,15.0,f,INDIVIDUAL,0.0,0.0,0,2.0,0,6.7,0.085
7000.0,36,13.99,239.21,C4,MORTGAGE,40000.0,Verified,2015-05-01,debt_consolidation,21.39,2001-07-01,12.0,1.0,5746.0,50.8,35.0,f,INDIVIDUAL,6.0,0.0,0,10.0,0,13.8,0.175
5000.0,36,9.17,159.4,B1,MORTGAGE,63800.0,Verified,2014-06-01,medical,2.6,1994-11-01,11.0,0.0,700.0,1.5,34.0,w,INDIVIDUAL,5.0,0.0,1,4.0,0,19.6,0.078
24600.0,60,15.8,595.62,C3,MORTGAGE,135000.0,Source Verified,2013-03-01,debt_consolidation,22.8,1997-02-01,12.0,0.0,9073.0,55.3,39.0,f,INDIVIDUAL,3.0,0.0,0,9.0,0,16.1,0.182
14500.0,60,16.49,356.4,D3,RENT,30000.0,Verified,2011-06-01,debt_consolidation,20.2,2003-01-01,9.0,0.0,2597.0,55.3,20.0,f,INDIVIDUAL,1.0,0.0,0,10.0,0,8.4,0.483
21000.0,60,22.95,591.4,F1,MORTGAGE,92000.0,Verified,2013-06-01,debt_consolidation,18.39,1993-05-01,10.0,0.0,28876.0,59.5,43.0,w,INDIVIDUAL,6.0,0.0,0,10.0,0,20.1,0.228
12000.0,36,10.16,388.11,B1,MORTGAGE,65000.0,Verified,2012-10-01,credit_card,23.28,1997-12-01,15.0,0.0,25348.0,46.9,35.0,f,INDIVIDUAL,1.0,0.0,0,10.0,0,14.8,0.185
10000.0,36,12.35,333.82,B4,RENT,40000.0,Not Verified,2013-08-01,credit_card,24.21,2001-10-01,7.0,0.0,9349.0,83.5,18.0,f,INDIVIDUAL,0.0,0.0,0,2.0,0,11.8,0.25
8000.0,36,15.21,278.15,D2,MORTGAGE,86004.0,Verified,2010-07-01,other,23.11,1995-12-01,20.0,0.0,24027.0,85.8,45.0,f,INDIVIDUAL,3.0,0.0,0,10.0,0,14.6,0.093
31000.0,36,14.99,1074.48,C5,MORTGAGE,178000.0,Verified,2014-10-01,debt_consolidation,18.86,1994-10-01,6.0,0.0,5502.0,73.4,22.0,w,INDIVIDUAL,3.0,0.0,1,2.0,0,20.0,0.174
21600.0,60,13.67,498.91,B5,MORTGAGE,70000.0,Verified,2013-12-01,debt_consolidation,9.53,2003-06-01,6.0,0.0,18493.0,36.8,23.0,w,INDIVIDUAL,2.0,0.0,0,2.0,0,10.5,0.309
5000.0,36,10.99,163.67,B4,MORTGAGE,33000.0,Verified,2015-10-01,home_improvement,18.11,1995-03-01,8.0,1.0,1835.0,26.6,17.0,f,INDIVIDUAL,1.0,0.0,1,6.0,1,20.6,0.152
13500.0,36,7.62,420.68,A3,MORTGAGE,43000.0,Source Verified,2013-10-01,credit_card,23.08,2007-04-01,10.0,0.0,13343.0,30.8,14.0,f,INDIVIDUAL,1.0,0.0,0,5.0,0,6.5,0.314
16500.0,60,17.88,331.8,E5,RENT,33000.0,Source Verified,2011-05-01,small_business,15.75,2006-10-01,3.0,0.0,8274.0,68.9,4.0,f,INDIVIDUAL,0.0,0.0,0,10.0,0,4.6,0.5
1000.0,36,10.95,32.72,B1,MORTGAGE,32198.4,Verified,2009-07-01,other,15.43,1998-11-01,8.0,0.0,0.0,0.0,23.0,f,INDIVIDUAL,1.0,0.0,0,3.0,0,10.7,0.031
9875.0,36,13.33,334.3,C3,OWN,45215.0,Source Verified,2015-04-01,debt_consolidation,26.07,2006-04-01,15.0,1.0,4730.0,20.3,40.0,w,INDIVIDUAL,0.0,1.0,0,10.0,0,9.0,0.218
7200.0,36,15.23,250.41,C5,RENT,46000.0,Not Verified,2011-06-01,debt_consolidation,23.79,2003-12-01,24.0,0.0,3949.0,21.5,30.0,f,INDIVIDUAL,2.0,0.0,0,5.0,0,7.5,0.157
10000.0,36,12.39,334.01,C1,RENT,56000.0,Source Verified,2015-01-01,debt_consolidation,15.65,2002-02-01,16.0,0.0,18411.0,62.2,25.0,w,INDIVIDUAL,5.0,0.0,0,3.0,0,12.9,0.179
4000.0,36,18.25,145.12,D3,RENT,20000.0,Not Verified,2016-02-01,car,14.65,2012-10-01,7.0,0.0,0.0,0.0,8.0,w,INDIVIDUAL,0.0,0.0,0,0.0,0,3.3,0.2
8000.0,36,8.19,251.4,A5,RENT,70000.0,Source Verified,2014-11-01,credit_card,9.97,2004-11-01,10.0,0.0,7117.0,40.9,25.0,f,INDIVIDUAL,0.0,0.0,0,0.0,0,10.0,0.114
9500.0,36,15.31,330.77,C2,MORTGAGE,56000.0,Verified,2012-08-01,debt_consolidation,21.9,2001-04-01,14.0,0.0,11512.0,61.6,24.0,f,INDIVIDUAL,4.0,0.0,0,10.0,0,11.3,0.17
4800.0,36,13.35,162.55,C2,RENT,60000.0,Not Verified,2014-10-01,debt_consolidation,34.02,2011-08-01,7.0,0.0,4387.0,43.4,7.0,w,INDIVIDUAL,0.0,0.0,0,0.0,0,3.2,0.08
10000.0,36,8.9,317.54,A5,MORTGAGE,80000.0,Source Verified,2013-02-01,debt_consolidation,11.35,1990-10-01,15.0,0.0,14869.0,58.3,27.0,w,INDIVIDUAL,4.0,0.0,0,10.0,0,22.3,0.125
8700.0,36,17.56,312.61,D1,MORTGAGE,70000.0,Not Verified,2013-07-01,debt_consolidation,18.99,2008-02-01,11.0,0.0,8598.0,35.5,17.0,f,INDIVIDUAL,1.0,0.0,0,1.0,0,5.4,0.124
35000.0,36,18.24,1269.56,D5,MORTGAGE,127000.0,Source Verified,2014-05-01,debt_consolidation,11.74,1998-07-01,22.0,0.0,11993.0,58.2,36.0,f,INDIVIDUAL,0.0,0.0,0,8.0,0,15.8,0.276
35000.0,60,24.5,1017.07,F3,RENT,175000.0,Source Verified,2013-09-01,credit_card,7.77,2003-11-01,11.0,0.0,5076.0,66.8,24.0,f,INDIVIDUAL,0.0,0.0,0,0.0,0,9.8,0.2
14400.0,60,15.1,343.34,C2,MORTGAGE,40000.0,Verified,2013-11-01,debt_consolidation,18.66,1999-07-01,19.0,0.0,12177.0,79.1,46.0,f,INDIVIDUAL,3.0,0.0,0,8.0,0,14.3,0.36
10700.0,36,10.99,350.26,B4,MORTGAGE,75000.0,Not Verified,2015-03-01,debt_consolidation,11.23,2000-03-01,7.0,0.0,5298.0,42.7,23.0,f,INDIVIDUAL,2.0,0.0,0,10.0,0,15.0,0.143
11000.0,36,14.49,378.58,C4,RENT,130000.0,Not Verified,2014-07-01,debt_consolidation,1.5,2005-10-01,6.0,0.0,3881.0,20.5,17.0,w,INDIVIDUAL,0.0,0.0,0,8.0,0,8.7,0.085
14375.0,36,7.49,447.09,A4,RENT,50000.0,Source Verified,2014-12-01,debt_consolidation,26.07,1996-11-01,13.0,0.0,7539.0,23.7,32.0,f,INDIVIDUAL,1.0,0.0,0,2.0,0,18.1,0.288
16000.0,36,16.29,564.81,C4,RENT,45000.0,Source Verified,2013-03-01,credit_card,15.2,1987-09-01,9.0,0.0,19484.0,72.7,13.0,w,INDIVIDUAL,0.0,0.0,0,10.0,0,25.5,0.356
15000.0,60,13.98,348.87,C3,RENT,43920.0,Not Verified,2010-06-01,debt_consolidation,8.2,1996-02-01,10.0,0.0,8840.0,76.9,29.0,f,INDIVIDUAL,2.0,0.0,1,10.0,0,14.3,0.342
5000.0,36,12.29,166.77,C1,MORTGAGE,13000.0,Verified,2015-10-01,debt_consolidation,10.71,1995-06-01,8.0,0.0,3866.0,38.3,18.0,w,INDIVIDUAL,3.0,0.0,1,6.0,1,20.3,0.385
32000.0,60,20.49,856.56,E1,RENT,98000.0,Verified,2012-10-01,debt_consolidation,17.06,2002-10-01,10.0,0.0,18185.0,62.1,25.0,f,INDIVIDUAL,0.0,0.0,1,6.0,0,10.0,0.327
10475.0,36,15.31,364.72,C2,RENT,110000.0,Verified,2013-05-01,debt_consolidation,12.5,2001-10-01,8.0,0.0,7450.0,71.6,21.0,f,INDIVIDUAL,0.0,0.0,1,10.0,0,11.6,0.095
5000.0,36,10.16,161.72,B1,MORTGAGE,80000.0,Verified,2012-08-01,home_improvement,18.28,2000-09-01,9.0,0.0,15505.0,80.3,19.0,f,INDIVIDUAL,0.0,0.0,0,10.0,0,11.9,0.062
15000.0,36,11.99,498.15,B5,MORTGAGE,75000.0,Verified,2015-01-01,credit_card,14.42,1997-08-01,14.0,0.0,32549.0,49.7,28.0,w,INDIVIDUAL,2.0,0.0,0,5.0,0,17.4,0.2
5000.0,36,13.99,170.87,C3,RENT,60000.0,Not Verified,2011-06-01,other,14.44,2001-11-01,7.0,0.0,9156.0,66.8,23.0,f,INDIVIDUAL,1.0,0.0,0,2.0,0,9.6,0.083
10000.0,36,11.14,328.06,B2,MORTGAGE,80000.0,Verified,2013-02-01,debt_consolidation,17.95,2000-10-01,12.0,0.0,13918.0,90.4,20.0,f,INDIVIDUAL,1.0,0.0,0,6.0,0,12.3,0.125
8200.0,36,11.44,270.17,B4,MORTGAGE,40000.0,Verified,2015-01-01,debt_consolidation,33.84,1969-01-01,13.0,0.0,8329.0,67.7,38.0,f,INDIVIDUAL,4.0,0.0,0,6.0,1,46.0,0.205
5000.0,36,12.59,167.49,C2,RENT,48000.0,Source Verified,2015-11-01,debt_consolidation,17.7,2010-01-01,9.0,0.0,12797.0,69.2,10.0,w,INDIVIDUAL,0.0,0.0,1,1.0,0,5.8,0.104
7000.0,36,13.99,239.21,C4,RENT,30000.0,Source Verified,2015-08-01,credit_card,20.52,2003-06-01,4.0,0.0,6582.0,48.8,5.0,w,INDIVIDUAL,0.0,0.0,0,6.0,1,12.2,0.233
8450.0,60,13.49,194.39,C2,MORTGAGE,16500.0,Verified,2011-07-01,major_purchase,12.73,1995-11-01,2.0,0.0,0.0,0.0,14.0,f,INDIVIDUAL,0.0,0.0,1,2.0,0,15.7,0.512
10000.0,36,21.15,377.53,E2,RENT,50000.0,Not Verified,2013-08-01,debt_consolidation,7.06,2006-10-01,5.0,0.0,7512.0,82.5,9.0,f,INDIVIDUAL,0.0,0.0,0,0.0,0,6.8,0.2
7200.0,36,14.99,249.56,C5,RENT,53000.0,Source Verified,2014-10-01,debt_consolidation,34.69,2002-01-01,11.0,0.0,5735.0,42.8,14.0,w,INDIVIDUAL,0.0,0.0,1,3.0,0,12.7,0.136
10000.0,36,9.17,318.79,B2,MORTGAGE,80000.0,Not Verified,2015-11-01,debt_consolidation,4.25,1998-09-01,10.0,1.0,6163.0,29.3,20.0,w,INDIVIDUAL,2.0,1.0,0,10.0,0,17.2,0.125
24625.0,60,17.57,619.57,D4,MORTGAGE,64000.0,Verified,2015-04-01,debt_consolidation,27.6,2003-05-01,17.0,0.0,18305.0,81.7,41.0,w,INDIVIDUAL,2.0,0.0,0,10.0,0,11.9,0.385
5000.0,36,13.33,169.27,C3,RENT,18408.0,Verified,2015-10-01,debt_consolidation,36.7,2004-04-01,6.0,1.0,3425.0,38.5,14.0,w,INDIVIDUAL,0.0,1.0,0,6.0,1,11.5,0.272
24375.0,36,11.55,804.37,B3,RENT,55000.0,Verified,2013-08-01,debt_consolidation,24.94,2000-12-01,12.0,0.0,36198.0,59.5,23.0,f,INDIVIDUAL,3.0,0.0,0,10.0,0,12.7,0.443
28000.0,36,12.99,943.3,B4,MORTGAGE,141700.0,Source Verified,2013-09-01,debt_consolidation,7.96,1988-07-01,9.0,0.0,21120.0,80.3,26.0,w,INDIVIDUAL,8.0,0.0,0,10.0,0,25.2,0.198
34350.0,36,10.16,1110.97,B1,MORTGAGE,241000.0,Verified,2013-02-01,credit_card,9.77,1994-10-01,10.0,1.0,14269.0,54.3,28.0,f,INDIVIDUAL,1.0,0.0,0,2.0,0,18.3,0.143
16950.0,36,11.14,556.05,B2,MORTGAGE,100000.0,Source Verified,2013-05-01,credit_card,8.87,1999-01-01,7.0,0.0,10446.0,72.5,13.0,f,INDIVIDUAL,1.0,0.0,0,6.0,1,14.3,0.17
10000.0,36,6.03,304.36,A1,MORTGAGE,60000.0,Not Verified,2014-08-01,debt_consolidation,10.32,2004-08-01,17.0,0.0,8748.0,50.0,22.0,w,INDIVIDUAL,1.0,0.0,0,1.0,0,10.0,0.167
14000.0,60,13.11,319.34,B4,MORTGAGE,80000.0,Source Verified,2013-04-01,credit_card,16.36,1999-05-01,11.0,0.0,19357.0,46.6,24.0,w,INDIVIDUAL,3.0,0.0,1,10.0,0,13.9,0.175
28300.0,60,18.55,727.13,E2,MORTGAGE,60000.0,Not Verified,2015-08-01,other,33.22,2004-11-01,8.0,0.0,45507.0,3.1,21.0,w,INDIVIDUAL,4.0,0.0,0,10.0,0,10.7,0.472
13000.0,60,18.84,336.09,E2,RENT,34009.12,Source Verified,2015-05-01,debt_consolidation,35.04,2001-01-01,12.0,0.0,10999.0,53.7,22.0,f,INDIVIDUAL,0.0,0.0,0,0.0,0,14.3,0.382
6000.0,36,12.29,200.12,C1,RENT,75000.0,Not Verified,2015-04-01,major_purchase,6.29,2011-04-01,6.0,0.0,12669.0,58.9,6.0,w,INDIVIDUAL,0.0,0.0,0,4.0,0,4.0,0.08
35000.0,36,18.49,1273.96,D2,RENT,220000.0,Source Verified,2012-10-01,credit_card,21.31,1992-01-01,10.0,0.0,27706.0,84.2,32.0,w,INDIVIDUAL,3.0,0.0,0,10.0,0,20.8,0.159
3600.0,36,19.05,132.06,D4,RENT,44000.0,Not Verified,2013-05-01,other,24.33,1999-10-01,13.0,0.0,18537.0,63.5,34.0,f,INDIVIDUAL,0.0,0.0,0,6.0,0,13.6,0.082
24000.0,36,13.35,812.71,C2,RENT,60000.0,Verified,2014-06-01,small_business,15.46,2005-09-01,11.0,0.0,0.0,0.0,23.0,f,INDIVIDUAL,0.0,0.0,1,2.0,0,8.7,0.4
15000.0,60,18.25,382.95,E1,MORTGAGE,101000.0,Verified,2015-04-01,debt_consolidation,17.76,2002-04-01,20.0,0.0,3118.0,27.6,54.0,w,INDIVIDUAL,3.0,0.0,0,4.0,0,13.0,0.149
10800.0,36,10.15,349.25,B2,MORTGAGE,35000.0,Verified,2014-07-01,credit_card,21.84,2009-10-01,12.0,0.0,10370.0,21.0,17.0,w,INDIVIDUAL,1.0,0.0,0,3.0,0,4.7,0.309
7000.0,36,8.9,222.28,A5,RENT,55000.0,Not Verified,2013-06-01,credit_card,20.6,1997-12-01,18.0,0.0,23383.0,40.6,31.0,f,INDIVIDUAL,2.0,0.0,0,7.0,0,15.5,0.127
15000.0,36,15.61,524.48,C3,MORTGAGE,52000.0,Verified,2013-11-01,debt_consolidation,21.14,2005-06-01,8.0,0.0,4753.0,52.8,17.0,f,INDIVIDUAL,1.0,0.0,0,5.0,0,8.4,0.288
24000.0,36,13.53,814.8,B5,MORTGAGE,290000.0,Verified,2014-01-01,credit_card,1.8,1998-11-01,8.0,0.0,13652.0,69.3,18.0,f,INDIVIDUAL,6.0,0.0,0,10.0,0,15.2,0.083
35000.0,60,16.24,855.61,C5,MORTGAGE,150000.0,Source Verified,2014-02-01,debt_consolidation,12.87,2001-07-01,12.0,0.0,19502.0,31.5,38.0,f,INDIVIDUAL,7.0,0.0,0,10.0,0,12.6,0.233
11000.0,36,6.97,339.5,A3,OWN,109000.0,Verified,2016-06-01,debt_consolidation,6.57,1992-03-01,4.0,0.0,24366.0,79.9,16.0,w,INDIVIDUAL,1.0,0.0,0,6.0,0,24.3,0.101
35000.0,60,16.29,856.54,D2,MORTGAGE,92300.0,Verified,2014-10-01,debt_consolidation,34.85,1995-11-01,22.0,0.0,44268.0,62.3,70.0,f,INDIVIDUAL,2.0,0.0,0,10.0,0,18.9,0.379
4800.0,36,12.69,161.02,C2,MORTGAGE,68000.0,Source Verified,2015-06-01,vacation,14.59,2002-08-01,6.0,0.0,1471.0,35.0,19.0,f,INDIVIDUAL,2.0,0.0,0,10.0,0,12.8,0.071
10000.0,60,19.52,262.28,E2,OWN,28000.0,Source Verified,2014-09-01,debt_consolidation,16.59,2004-08-01,14.0,0.0,10809.0,54.3,26.0,f,INDIVIDUAL,0.0,0.0,1,6.0,0,10.1,0.357
10000.0,36,6.68,307.31,A3,RENT,50000.0,Not Verified,2015-02-01,debt_consolidation,9.0,1996-06-01,12.0,0.0,3363.0,3.4,33.0,w,INDIVIDUAL,0.0,0.0,0,4.0,0,18.7,0.2
5000.0,60,13.49,115.03,C2,MORTGAGE,50004.0,Not Verified,2011-08-01,other,3.62,2003-10-01,7.0,0.0,5040.0,32.5,13.0,f,INDIVIDUAL,0.0,0.0,0,4.0,0,7.8,0.1
18625.0,60,13.33,426.93,C3,MORTGAGE,69855.0,Not Verified,2015-09-01,debt_consolidation,17.49,2003-10-01,16.0,1.0,7198.0,28.5,33.0,w,INDIVIDUAL,1.0,1.0,0,10.0,0,11.9,0.267
15300.0,36,11.14,501.92,B2,RENT,42000.0,Verified,2012-12-01,debt_consolidation,29.77,2000-04-01,13.0,0.0,13502.0,63.1,25.0,f,INDIVIDUAL,0.0,0.0,0,10.0,0,12.7,0.364
9200.0,36,12.29,306.85,C1,RENT,61250.0,Source Verified,2015-08-01,debt_consolidation,5.35,2005-12-01,7.0,0.0,8535.0,59.7,8.0,f,INDIVIDUAL,0.0,0.0,0,0.0,0,9.7,0.15
35000.0,60,22.95,985.67,F1,MORTGAGE,140000.0,Source Verified,2012-11-01,debt_consolidation,13.74,1994-01-01,10.0,0.0,34287.0,77.9,27.0,w,INDIVIDUAL,4.0,0.0,0,3.0,0,18.8,0.25
2800.0,36,12.53,93.71,B5,MORTGAGE,48000.0,Not Verified,2009-12-01,credit_card,23.23,1996-11-01,9.0,1.0,30423.0,66.3,21.0,f,INDIVIDUAL,1.0,0.0,0,0.0,0,13.1,0.058
12000.0,36,18.85,438.97,D3,RENT,69000.0,Not Verified,2013-07-01,debt_consolidation,27.9,1987-08-01,10.0,0.0,13288.0,75.5,48.0,f,INDIVIDUAL,2.0,0.0,0,3.0,0,25.9,0.174
15000.0,36,17.77,540.56,D1,RENT,75000.0,Not Verified,2013-01-01,credit_card,14.38,2000-10-01,15.0,0.0,19278.0,78.0,30.0,f,INDIVIDUAL,0.0,0.0,1,4.0,0,12.3,0.2
22600.0,60,18.64,581.79,E1,RENT,200000.0,Source Verified,2011-10-01,small_business,7.14,1998-12-01,7.0,0.0,12189.0,73.9,24.0,f,INDIVIDUAL,1.0,0.0,0,6.0,0,12.8,0.113
8750.0,36,14.3,300.34,C1,RENT,50000.0,Source Verified,2013-10-01,debt_consolidation,22.39,2001-12-01,10.0,0.0,15779.0,92.8,35.0,f,INDIVIDUAL,2.0,0.0,0,8.0,0,11.8,0.175
5300.0,60,12.61,119.54,C2,MORTGAGE,61000.0,Not Verified,2010-10-01,debt_consolidation,15.54,1995-10-01,11.0,1.0,5281.0,41.9,23.0,f,INDIVIDUAL,1.0,1.0,1,10.0,0,15.0,0.087
30000.0,60,19.52,786.83,D4,MORTGAGE,240000.0,Source Verified,2013-12-01,debt_consolidation,7.54,2000-12-01,13.0,2.0,19671.0,47.6,34.0,f,INDIVIDUAL,1.0,0.0,1,10.0,0,13.0,0.125
10500.0,36,10.64,341.97,B2,RENT,57603.23,Not Verified,2013-09-01,credit_card,10.98,2001-09-01,6.0,0.0,9434.0,85.8,14.0,f,INDIVIDUAL,0.0,0.0,1,5.0,0,12.0,0.182
8000.0,36,9.25,255.33,A5,RENT,25000.0,Not Verified,2013-10-01,debt_consolidation,10.03,1987-11-01,7.0,1.0,8103.0,40.5,13.0,w,INDIVIDUAL,0.0,1.0,1,10.0,0,25.9,0.32
32000.0,36,11.67,1057.83,B4,MORTGAGE,120000.0,Source Verified,2014-08-01,credit_card,19.91,2003-07-01,13.0,0.0,42931.0,46.0,19.0,w,INDIVIDUAL,2.0,0.0,0,10.0,0,11.1,0.267
10000.0,36,8.9,317.54,A5,MORTGAGE,50000.0,Not Verified,2013-03-01,debt_consolidation,15.19,2002-01-01,4.0,0.0,11012.0,45.9,14.0,f,INDIVIDUAL,0.0,0.0,0,3.0,0,11.2,0.2
20000.0,60,18.25,510.6,E1,RENT,95000.0,Verified,2015-07-01,debt_consolidation,8.64,2006-11-01,9.0,0.0,14700.0,61.8,16.0,f,INDIVIDUAL,0.0,0.0,1,5.0,0,8.7,0.211
6525.0,36,16.07,229.64,D5,RENT,38000.0,Not Verified,2010-03-01,other,10.11,2005-08-01,3.0,0.0,2494.0,62.3,4.0,f,INDIVIDUAL,0.0,0.0,0,1.0,0,4.6,0.172
15000.0,36,10.16,485.14,B1,OWN,52655.28,Verified,2013-05-01,debt_consolidation,22.81,1992-10-01,9.0,1.0,20718.0,79.1,21.0,f,INDIVIDUAL,0.0,1.0,0,6.0,1,20.6,0.285
14000.0,36,13.66,476.18,C3,MORTGAGE,132860.0,Not Verified,2015-01-01,debt_consolidation,29.37,1983-01-01,17.0,0.0,35140.0,81.7,39.0,w,INDIVIDUAL,4.0,0.0,0,10.0,0,32.0,0.105
17600.0,60,8.18,358.39,B1,RENT,51000.0,Not Verified,2015-05-01,debt_consolidation,24.71,1997-10-01,5.0,0.0,20237.0,31.9,13.0,w,INDIVIDUAL,2.0,0.0,0,6.0,0,17.6,0.345
7200.0,36,17.27,257.67,C5,RENT,30000.0,Verified,2012-11-01,debt_consolidation,20.48,2004-01-01,14.0,0.0,4539.0,46.3,19.0,w,INDIVIDUAL,0.0,0.0,0,0.0,0,8.8,0.24
13000.0,36,15.31,452.63,C2,RENT,71000.0,Not Verified,2013-01-01,credit_card,24.2,1999-11-01,12.0,0.0,39286.0,92.4,33.0,w,INDIVIDUAL,0.0,0.0,0,7.0,0,13.2,0.183
9000.0,36,11.67,297.52,B4,RENT,100000.0,Source Verified,2014-06-01,debt_consolidation,23.38,2005-10-01,10.0,0.0,32037.0,78.7,18.0,f,INDIVIDUAL,0.0,0.0,1,3.0,0,8.7,0.09
11950.0,60,25.8,356.38,G1,RENT,50000.0,Source Verified,2015-03-01,house,30.0,2007-11-01,10.0,0.0,2388.0,18.1,13.0,f,INDIVIDUAL,0.0,0.0,0,4.0,0,7.3,0.239
8000.0,36,13.23,270.44,C1,OWN,89520.0,Not Verified,2010-10-01,home_improvement,8.86,1996-09-01,5.0,0.0,9848.0,88.7,12.0,f,INDIVIDUAL,0.0,0.0,0,10.0,0,14.1,0.089
24275.0,60,15.31,581.46,C5,MORTGAGE,210000.0,Not Verified,2016-02-01,home_improvement,13.02,2003-10-01,25.0,0.0,16702.0,34.2,41.0,w,INDIVIDUAL,2.0,0.0,0,10.0,0,12.3,0.116
5000.0,36,16.49,177.0,D3,RENT,14952.0,Verified,2014-12-01,debt_consolidation,20.71,2009-10-01,5.0,0.0,1346.0,34.5,15.0,f,INDIVIDUAL,0.0,0.0,0,6.0,1,5.2,0.334
18000.0,36,14.99,623.89,C5,RENT,45000.0,Not Verified,2014-08-01,debt_consolidation,26.11,2008-02-01,10.0,0.0,5202.0,44.8,15.0,w,INDIVIDUAL,0.0,0.0,1,7.0,0,6.5,0.4
10000.0,36,13.99,341.73,C4,MORTGAGE,54000.0,Source Verified,2015-06-01,debt_consolidation,15.09,2006-05-01,15.0,1.0,6259.0,43.2,20.0,f,INDIVIDUAL,1.0,1.0,0,6.0,0,9.1,0.185
2000.0,36,21.7,76.08,E2,MORTGAGE,58500.0,Source Verified,2013-10-01,debt_consolidation,19.06,1995-08-01,5.0,0.0,1588.0,69.0,13.0,f,INDIVIDUAL,1.0,0.0,0,10.0,0,18.2,0.034
11500.0,36,7.89,359.79,A5,RENT,89000.0,Source Verified,2015-02-01,car,12.82,1999-05-01,11.0,1.0,2446.0,14.5,29.0,w,INDIVIDUAL,2.0,1.0,0,10.0,0,15.8,0.129
6000.0,36,13.99,205.04,C4,RENT,22000.0,Verified,2015-08-01,debt_consolidation,37.86,2008-03-01,10.0,0.0,11116.0,54.2,25.0,f,INDIVIDUAL,0.0,0.0,0,6.0,0,7.4,0.273
8000.0,36,11.12,262.37,B3,MORTGAGE,109200.0,Source Verified,2010-08-01,credit_card,7.09,1993-04-01,4.0,0.0,11840.0,76.4,7.0,f,INDIVIDUAL,0.0,0.0,0,10.0,0,17.3,0.073
9250.0,36,15.31,322.07,C2,RENT,28000.0,Verified,2013-03-01,debt_consolidation,20.44,1998-09-01,6.0,0.0,12509.0,99.3,11.0,f,INDIVIDUAL,0.0,0.0,1,2.0,0,14.5,0.33
15000.0,36,14.33,515.08,C1,RENT,53000.0,Verified,2012-10-01,credit_card,27.49,2000-08-01,11.0,0.0,13775.0,85.6,28.0,w,INDIVIDUAL,0.0,0.0,0,10.0,0,12.2,0.283
6250.0,36,12.99,210.56,B4,RENT,25488.0,Verified,2013-10-01,debt_consolidation,8.24,1998-06-01,5.0,0.0,6271.0,23.1,6.0,f,INDIVIDUAL,0.0,0.0,0,6.0,1,15.3,0.245
10000.0,36,12.99,336.9,B5,MORTGAGE,98000.0,Source Verified,2014-03-01,home_improvement,18.79,1986-10-01,10.0,0.0,5304.0,79.2,35.0,f,INDIVIDUAL,3.0,0.0,1,2.0,0,27.4,0.102
2000.0,36,10.75,65.25,B4,MORTGAGE,75000.0,Source Verified,2016-03-01,home_improvement,22.83,2000-03-01,11.0,0.0,22723.0,64.9,30.0,w,INDIVIDUAL,2.0,0.0,0,10.0,0,16.0,0.027
12000.0,36,10.99,392.81,B2,MORTGAGE,74000.0,Verified,2013-10-01,debt_consolidation,7.99,2008-01-01,6.0,0.0,8688.0,68.4,7.0,w,INDIVIDUAL,1.0,0.0,0,2.0,0,5.7,0.162
35000.0,60,20.5,937.06,E1,MORTGAGE,71000.0,Verified,2014-01-01,debt_consolidation,10.85,1996-05-01,13.0,0.0,22564.0,44.4,31.0,w,INDIVIDUAL,3.0,0.0,0,10.0,0,17.7,0.493
12000.0,36,11.99,398.52,B3,MORTGAGE,100000.0,Source Verified,2014-04-01,debt_consolidation,8.69,1995-02-01,11.0,1.0,5222.0,41.1,27.0,f,INDIVIDUAL,4.0,1.0,1,10.0,0,19.2,0.12
8000.0,36,18.49,291.19,D2,RENT,105000.0,Not Verified,2013-03-01,moving,15.27,2001-07-01,10.0,0.0,37879.0,83.8,17.0,f,INDIVIDUAL,1.0,0.0,0,9.0,0,11.7,0.076
19750.0,60,15.8,478.19,C3,RENT,45000.0,Verified,2013-05-01,debt_consolidation,20.48,2003-05-01,11.0,0.0,2674.0,34.2,35.0,f,INDIVIDUAL,0.0,0.0,0,7.0,0,10.0,0.439
24000.0,36,8.9,762.08,A5,OWN,130000.0,Source Verified,2013-12-01,debt_consolidation,12.84,1991-09-01,16.0,0.0,26558.0,50.8,33.0,f,INDIVIDUAL,4.0,0.0,0,4.0,0,22.3,0.185
8000.0,36,6.03,243.49,A1,RENT,145000.0,Verified,2014-02-01,debt_consolidation,19.22,1999-04-01,16.0,0.0,8221.0,11.2,39.0,w,INDIVIDUAL,0.0,0.0,0,0.0,0,14.8,0.055
21000.0,36,13.99,717.63,C4,MORTGAGE,110000.0,Not Verified,2016-01-01,debt_consolidation,15.57,2003-02-01,19.0,0.0,55120.0,73.8,28.0,w,INDIVIDUAL,1.0,0.0,0,10.0,0,12.9,0.191
25000.0,36,6.24,763.28,A2,MORTGAGE,100000.0,Not Verified,2015-10-01,debt_consolidation,22.04,1999-12-01,23.0,0.0,10916.0,9.2,40.0,w,INDIVIDUAL,3.0,0.0,0,1.0,0,15.8,0.25
7000.0,36,13.99,239.21,C4,OWN,40000.0,Source Verified,2015-05-01,debt_consolidation,29.25,2009-02-01,7.0,0.0,8523.0,69.3,17.0,f,INDIVIDUAL,0.0,0.0,0,2.0,0,6.2,0.175
18000.0,36,10.99,589.22,B2,RENT,40000.0,Not Verified,2014-01-01,credit_card,14.49,2009-09-01,10.0,0.0,10327.0,53.8,22.0,w,INDIVIDUAL,0.0,0.0,1,1.0,0,4.3,0.45
14000.0,36,13.11,472.46,B4,RENT,73746.0,Verified,2013-03-01,debt_consolidation,17.26,1987-01-01,10.0,0.0,31316.0,79.7,13.0,f,INDIVIDUAL,0.0,0.0,0,10.0,0,26.2,0.19
5600.0,36,16.29,197.69,C4,MORTGAGE,52000.0,Verified,2012-09-01,credit_card,23.1,2000-12-01,9.0,0.0,9689.0,76.3,25.0,f,INDIVIDUAL,11.0,0.0,0,2.0,0,11.8,0.108
14000.0,36,16.99,499.07,D3,MORTGAGE,120000.0,Verified,2015-04-01,credit_card,9.43,1993-04-01,15.0,0.0,8154.0,19.2,28.0,f,INDIVIDUAL,3.0,0.0,0,10.0,0,22.0,0.117
9600.0,36,16.29,338.89,C4,RENT,40000.0,Not Verified,2012-08-01,credit_card,20.82,2006-09-01,7.0,0.0,9729.0,80.5,9.0,f,INDIVIDUAL,0.0,0.0,1,2.0,0,5.9,0.24
15000.0,36,11.99,498.15,B3,MORTGAGE,74600.0,Not Verified,2013-10-01,debt_consolidation,16.36,1983-03-01,8.0,0.0,12365.0,84.1,24.0,f,INDIVIDUAL,3.0,0.0,0,10.0,0,30.6,0.201
6300.0,36,14.3,216.24,C1,OWN,30000.0,Source Verified,2013-10-01,debt_consolidation,6.36,1989-05-01,7.0,0.0,6944.0,56.9,17.0,f,INDIVIDUAL,2.0,0.0,0,6.0,0,24.4,0.21
35000.0,36,9.17,1115.77,B1,MORTGAGE,140000.0,Verified,2014-07-01,debt_consolidation,14.28,2002-09-01,14.0,0.0,28477.0,52.3,47.0,w,INDIVIDUAL,6.0,0.0,0,1.0,0,11.8,0.25
28000.0,60,14.64,660.84,C3,MORTGAGE,105000.0,Verified,2014-02-01,debt_consolidation,12.41,1985-02-01,10.0,0.0,41916.0,71.7,30.0,w,INDIVIDUAL,5.0,0.0,0,10.0,0,29.0,0.267
11900.0,36,7.49,370.11,A4,MORTGAGE,60000.0,Not Verified,2016-01-01,debt_consolidation,23.0,2008-01-01,11.0,0.0,9303.0,35.4,24.0,f,INDIVIDUAL,2.0,0.0,0,1.0,0,8.0,0.198
15000.0,36,11.99,498.15,B3,RENT,46000.0,Not Verified,2013-12-01,credit_card,19.25,2007-12-01,14.0,0.0,6745.0,39.0,16.0,w,INDIVIDUAL,0.0,0.0,0,4.0,0,6.0,0.326
35000.0,36,25.89,1408.13,G3,OWN,300000.0,Verified,2014-08-01,other,14.72,1979-01-01,13.0,0.0,31558.0,79.3,29.0,f,INDIVIDUAL,3.0,0.0,0,2.0,0,35.6,0.117
10000.0,60,9.17,208.41,B2,MORTGAGE,71000.0,Verified,2015-03-01,credit_card,4.63,1995-07-01,3.0,0.0,8954.0,40.7,16.0,w,INDIVIDUAL,3.0,0.0,0,10.0,0,19.7,0.141
5750.0,36,12.39,192.06,C1,MORTGAGE,76000.0,Not Verified,2014-11-01,home_improvement,12.7,2003-05-01,9.0,0.0,15065.0,58.8,13.0,w,INDIVIDUAL,1.0,0.0,0,10.0,0,11.5,0.076
12000.0,36,19.05,440.18,D4,RENT,42000.0,Not Verified,2013-05-01,debt_consolidation,18.51,2004-11-01,14.0,0.0,15016.0,97.5,18.0,f,INDIVIDUAL,0.0,0.0,0,10.0,0,8.5,0.286
12000.0,60,12.29,268.7,C1,RENT,84000.0,Not Verified,2015-10-01,debt_consolidation,6.4,1989-08-01,8.0,1.0,4461.0,36.6,26.0,w,INDIVIDUAL,4.0,1.0,0,10.0,0,26.2,0.143
7575.0,36,20.99,285.35,E4,RENT,17000.0,Verified,2014-10-01,debt_consolidation,27.19,2006-05-01,8.0,0.0,10669.0,44.5,13.0,w,INDIVIDUAL,0.0,0.0,0,5.0,0,8.4,0.446
3000.0,36,12.69,100.64,C2,OWN,65000.0,Verified,2015-10-01,debt_consolidation,25.35,1993-03-01,10.0,0.0,98855.0,77.2,20.0,w,INDIVIDUAL,1.0,0.0,0,5.0,0,22.6,0.046
6000.0,36,13.35,203.18,C2,MORTGAGE,41000.0,Not Verified,2014-08-01,debt_consolidation,7.76,1997-10-01,10.0,0.0,5979.0,16.1,33.0,f,INDIVIDUAL,0.0,0.0,0,10.0,0,16.8,0.146
13500.0,36,16.99,481.25,D3,RENT,55000.0,Source Verified,2014-07-01,debt_consolidation,23.54,1985-05-01,16.0,1.0,7987.0,45.6,49.0,f,INDIVIDUAL,0.0,1.0,0,10.0,0,29.2,0.245
2650.0,36,13.67,90.15,C4,MORTGAGE,56788.0,Verified,2015-11-01,credit_card,21.66,2002-08-01,7.0,0.0,11699.0,70.5,20.0,w,INDIVIDUAL,3.0,0.0,0,8.0,0,13.3,0.047
8000.0,36,10.64,260.55,B2,RENT,37629.0,Source Verified,2013-09-01,credit_card,14.75,2005-09-01,4.0,0.0,7488.0,62.4,5.0,f,INDIVIDUAL,0.0,0.0,1,8.0,0,8.0,0.213
4800.0,36,12.12,159.71,B3,MORTGAGE,90000.0,Not Verified,2012-10-01,debt_consolidation,11.49,1995-10-01,8.0,0.0,12485.0,88.5,31.0,f,INDIVIDUAL,4.0,0.0,0,10.0,0,17.0,0.053
7450.0,36,19.2,273.85,D3,MORTGAGE,90000.0,Verified,2013-10-01,credit_card,9.04,2006-03-01,5.0,0.0,6003.0,99.2,13.0,w,INDIVIDUAL,5.0,0.0,0,10.0,0,7.6,0.083
35000.0,60,14.46,822.76,C4,MORTGAGE,140000.0,Verified,2016-03-01,debt_consolidation,24.19,1998-10-01,28.0,0.0,97777.0,76.0,55.0,w,INDIVIDUAL,8.0,0.0,0,10.0,0,17.4,0.25
2400.0,36,13.67,81.65,B5,OWN,42000.0,Source Verified,2013-10-01,home_improvement,29.09,2001-10-01,4.0,0.0,3998.0,99.9,20.0,f,INDIVIDUAL,2.0,0.0,0,10.0,0,12.0,0.057
20000.0,36,8.9,635.07,A5,MORTGAGE,90000.0,Verified,2012-12-01,credit_card,13.51,1998-05-01,14.0,0.0,23970.0,71.8,38.0,f,INDIVIDUAL,5.0,0.0,0,10.0,0,14.6,0.222
21000.0,60,17.57,528.37,D4,MORTGAGE,87500.0,Verified,2014-10-01,debt_consolidation,21.72,2001-08-01,9.0,0.0,19443.0,98.2,18.0,f,INDIVIDUAL,4.0,0.0,0,0.0,0,13.2,0.24
5000.0,36,10.75,163.11,B4,RENT,24000.0,Source Verified,2016-04-01,other,20.6,2009-11-01,6.0,0.0,1353.0,14.9,14.0,w,INDIVIDUAL,0.0,0.0,0,1.0,0,6.4,0.208
21600.0,36,6.62,663.2,A2,MORTGAGE,72000.0,Verified,2013-05-01,credit_card,19.57,1980-03-01,16.0,0.0,27486.0,45.4,36.0,w,INDIVIDUAL,5.0,0.0,0,6.0,1,33.2,0.3
8000.0,36,15.1,277.72,C2,MORTGAGE,30000.0,Verified,2013-11-01,debt_consolidation,23.96,1999-08-01,22.0,1.0,4332.0,24.1,60.0,f,INDIVIDUAL,0.0,1.0,0,0.0,0,14.3,0.267
2975.0,36,19.52,109.84,E2,RENT,38000.0,Not Verified,2014-07-01,house,32.06,2001-09-01,8.0,2.0,1957.0,72.5,13.0,w,INDIVIDUAL,0.0,2.0,0,3.0,0,12.8,0.078
30000.0,60,11.99,667.19,C1,MORTGAGE,128000.0,Verified,2015-12-01,debt_consolidation,19.14,2002-08-01,11.0,0.0,20893.0,61.8,27.0,w,INDIVIDUAL,4.0,0.0,0,10.0,0,13.3,0.234
5000.0,36,11.44,164.74,B4,OWN,49200.0,Not Verified,2015-01-01,car,13.05,2006-01-01,8.0,0.0,741.0,6.9,18.0,f,INDIVIDUAL,0.0,0.0,0,3.0,0,9.0,0.102
5600.0,60,23.83,160.55,F5,RENT,79476.0,Verified,2013-05-01,other,30.21,1998-08-01,19.0,0.0,14402.0,67.9,33.0,f,INDIVIDUAL,2.0,0.0,0,10.0,0,14.7,0.07
21000.0,60,15.61,506.34,C4,MORTGAGE,80000.0,Verified,2014-01-01,debt_consolidation,31.98,1995-09-01,11.0,1.0,6647.0,47.0,21.0,f,INDIVIDUAL,2.0,0.0,0,6.0,0,18.3,0.262
16100.0,36,7.9,503.78,A4,MORTGAGE,75000.0,Source Verified,2011-10-01,debt_consolidation,10.59,1996-07-01,9.0,0.0,21005.0,54.6,14.0,f,INDIVIDUAL,0.0,0.0,0,7.0,0,15.2,0.215
2400.0,36,18.24,87.06,D5,MORTGAGE,55000.0,Verified,2014-09-01,vacation,28.63,2002-03-01,17.0,0.0,18423.0,72.5,44.0,f,INDIVIDUAL,1.0,0.0,1,10.0,0,12.5,0.044
10000.0,36,6.62,307.04,A2,MORTGAGE,100000.0,Not Verified,2013-05-01,debt_consolidation,8.75,2004-05-01,12.0,0.0,10522.0,38.8,21.0,f,INDIVIDUAL,3.0,0.0,0,7.0,0,9.0,0.1
34000.0,60,22.99,958.29,F1,MORTGAGE,93000.0,Verified,2015-04-01,debt_consolidation,33.13,1990-09-01,22.0,0.0,26327.0,44.9,42.0,f,INDIVIDUAL,5.0,0.0,0,10.0,0,24.6,0.366
25000.0,60,23.28,708.79,F2,MORTGAGE,75000.0,Verified,2013-05-01,debt_consolidation,23.17,1995-11-01,13.0,0.0,15602.0,66.4,31.0,w,INDIVIDUAL,0.0,0.0,1,7.0,0,17.5,0.333
16350.0,36,10.99,535.21,B4,MORTGAGE,76200.0,Not Verified,2015-08-01,debt_consolidation,17.39,1981-01-01,19.0,0.0,117252.0,56.7,53.0,w,INDIVIDUAL,4.0,0.0,0,10.0,0,34.6,0.215
20000.0,60,13.49,460.1,C1,RENT,40000.0,Verified,2011-12-01,debt_consolidation,23.31,1988-08-01,9.0,0.0,13953.0,80.8,19.0,f,INDIVIDUAL,1.0,0.0,1,10.0,0,23.3,0.5
9325.0,36,13.53,316.59,B5,RENT,22000.0,Not Verified,2013-12-01,debt_consolidation,20.84,2008-08-01,7.0,0.0,6274.0,66.7,12.0,w,INDIVIDUAL,0.0,0.0,1,3.0,0,5.3,0.424
13200.0,60,17.1,328.77,C5,RENT,58000.0,Verified,2013-11-01,credit_card,29.4,1995-09-01,15.0,0.0,14065.0,75.2,31.0,f,INDIVIDUAL,0.0,0.0,0,10.0,0,18.2,0.228
18000.0,36,16.29,635.41,C4,MORTGAGE,42000.0,Verified,2013-06-01,debt_consolidation,25.63,1986-10-01,11.0,0.0,8385.0,59.9,19.0,f,INDIVIDUAL,1.0,0.0,0,10.0,0,26.7,0.429
8750.0,36,16.2,308.49,C4,OWN,52000.0,Not Verified,2013-10-01,credit_card,15.18,1996-04-01,10.0,1.0,7303.0,73.8,20.0,f,INDIVIDUAL,4.0,1.0,0,10.0,0,17.5,0.168
11200.0,60,15.1,267.04,C2,RENT,65000.0,Verified,2013-11-01,debt_consolidation,7.77,1998-04-01,13.0,0.0,6167.0,38.5,33.0,f,INDIVIDUAL,4.0,0.0,0,10.0,0,15.6,0.172
2300.0,36,12.12,76.53,B3,RENT,74000.0,Not Verified,2013-03-01,major_purchase,27.28,2001-08-01,11.0,0.0,26916.0,63.3,22.0,w,INDIVIDUAL,2.0,0.0,0,0.0,0,11.6,0.031
1000.0,36,12.69,33.55,C2,MORTGAGE,64000.0,Verified,2015-10-01,other,14.46,2001-08-01,7.0,0.0,4384.0,82.7,19.0,w,INDIVIDUAL,2.0,0.0,0,6.0,1,14.2,0.016
25000.0,36,9.76,803.87,B1,MORTGAGE,95000.0,Verified,2012-04-01,debt_consolidation,15.35,1988-07-01,13.0,0.0,20779.0,41.6,23.0,f,INDIVIDUAL,3.0,0.0,0,4.0,0,23.8,0.263
30000.0,60,13.49,690.15,C2,MORTGAGE,138000.0,Source Verified,2016-07-01,debt_consolidation,18.02,1986-07-01,7.0,0.0,54628.0,57.7,18.0,w,INDIVIDUAL,5.0,0.0,0,10.0,0,30.0,0.217
10000.0,60,13.61,230.67,C2,RENT,42000.0,Source Verified,2010-07-01,wedding,12.69,1998-01-01,7.0,0.0,2281.0,31.7,19.0,f,INDIVIDUAL,1.0,0.0,0,1.0,0,12.5,0.238
12000.0,60,15.99,291.76,C5,RENT,84000.0,Source Verified,2016-10-01,debt_consolidation,13.24,2005-10-01,9.0,0.0,2912.0,14.2,16.0,w,INDIVIDUAL,0.0,0.0,0,1.0,0,11.0,0.143
20825.0,60,24.08,600.07,F2,MORTGAGE,52000.0,Verified,2014-09-01,debt_consolidation,17.72,1992-11-01,22.0,0.0,8159.0,77.7,29.0,f,INDIVIDUAL,2.0,0.0,1,7.0,0,21.8,0.4
28000.0,60,9.17,583.55,B2,MORTGAGE,250000.0,Source Verified,2015-11-01,credit_card,7.11,2004-03-01,8.0,0.0,60435.0,56.4,21.0,w,INDIVIDUAL,1.0,0.0,0,10.0,0,11.7,0.112
30000.0,60,21.67,822.95,E5,MORTGAGE,140000.0,Verified,2015-04-01,home_improvement,15.64,1989-09-01,10.0,0.0,42960.0,79.2,16.0,w,INDIVIDUAL,3.0,0.0,0,1.0,0,25.6,0.214
35000.0,36,9.67,1123.94,B1,MORTGAGE,250000.0,Verified,2014-04-01,debt_consolidation,11.69,1989-05-01,11.0,0.0,32206.0,43.8,27.0,f,INDIVIDUAL,3.0,0.0,0,10.0,0,24.9,0.14
12000.0,60,23.99,345.15,F3,MORTGAGE,82000.0,Source Verified,2015-07-01,home_improvement,20.04,1994-07-01,28.0,0.0,21161.0,37.9,33.0,w,INDIVIDUAL,2.0,0.0,1,9.0,0,21.0,0.146
14000.0,60,20.5,374.83,E4,MORTGAGE,90000.0,Verified,2016-01-01,credit_card,44.31,2001-05-01,13.0,0.0,219263.0,78.3,21.0,w,DIRECT_PAY,2.0,0.0,0,10.0,0,14.7,0.156
5375.0,36,16.2,189.51,C4,MORTGAGE,18000.0,Verified,2013-11-01,home_improvement,22.67,1986-01-01,8.0,0.0,7319.0,73.9,17.0,f,INDIVIDUAL,5.0,0.0,0,6.0,1,27.8,0.299
6875.0,36,14.47,236.55,C2,RENT,34000.0,Not Verified,2013-12-01,debt_consolidation,27.44,1995-09-01,11.0,0.0,12929.0,46.0,48.0,f,INDIVIDUAL,0.0,0.0,1,10.0,0,18.3,0.202
25000.0,60,11.53,550.2,B5,MORTGAGE,83000.0,Verified,2015-04-01,debt_consolidation,34.3,1985-01-01,22.0,0.0,20111.0,41.9,39.0,w,INDIVIDUAL,2.0,0.0,0,10.0,0,30.2,0.301
15600.0,36,10.15,504.47,B2,RENT,96000.0,Source Verified,2014-05-01,debt_consolidation,16.09,1989-09-01,19.0,0.0,11693.0,60.0,44.0,f,INDIVIDUAL,2.0,0.0,0,7.0,0,24.7,0.162
5000.0,36,13.98,170.84,C3,OWN,53000.0,Not Verified,2014-07-01,debt_consolidation,23.41,1997-01-01,26.0,0.0,11263.0,51.2,49.0,w,INDIVIDUAL,0.0,0.0,1,10.0,0,17.5,0.094
8000.0,36,7.69,249.55,A4,MORTGAGE,40000.0,Not Verified,2014-06-01,debt_consolidation,14.13,2000-02-01,35.0,0.0,12810.0,11.1,63.0,w,INDIVIDUAL,2.0,0.0,0,10.0,0,14.3,0.2
10000.0,36,8.9,317.54,A5,RENT,102000.0,Not Verified,2013-12-01,credit_card,10.57,2008-04-01,12.0,0.0,12207.0,62.3,19.0,w,INDIVIDUAL,0.0,0.0,0,4.0,0,5.7,0.098
18500.0,36,6.89,570.3,A3,MORTGAGE,105000.0,Not Verified,2015-12-01,home_improvement,13.77,1986-09-01,16.0,0.0,37485.0,55.1,50.0,w,INDIVIDUAL,9.0,0.0,0,9.0,0,29.2,0.176
9900.0,36,14.33,339.95,C2,RENT,55000.0,Source Verified,2013-07-01,debt_consolidation,25.94,2001-12-01,8.0,0.0,3720.0,80.9,21.0,w,INDIVIDUAL,0.0,0.0,0,4.0,0,11.6,0.18
19600.0,36,17.27,701.44,C5,RENT,50000.0,Verified,2012-07-01,small_business,3.08,2003-01-01,4.0,0.0,5051.0,24.9,10.0,f,INDIVIDUAL,0.0,0.0,1,1.0,0,9.5,0.392
20000.0,36,14.84,691.75,D1,RENT,68400.0,Verified,2010-08-01,small_business,22.56,1998-09-01,8.0,0.0,22637.0,80.6,34.0,f,INDIVIDUAL,2.0,0.0,1,4.0,0,11.9,0.292
16825.0,60,21.98,464.5,E4,MORTGAGE,45240.0,Verified,2012-07-01,debt_consolidation,34.8,1989-01-01,12.0,0.0,14257.0,60.6,28.0,f,INDIVIDUAL,1.0,0.0,1,4.0,0,23.5,0.372
5000.0,36,17.27,178.94,C5,MORTGAGE,30000.0,Not Verified,2013-05-01,vacation,26.56,1996-01-01,9.0,0.0,3416.0,77.1,17.0,w,INDIVIDUAL,1.0,0.0,0,10.0,0,17.3,0.167
20000.0,36,10.99,654.68,B3,RENT,100000.0,Source Verified,2014-06-01,debt_consolidation,24.04,1976-02-01,10.0,0.0,14773.0,47.8,26.0,w,INDIVIDUAL,4.0,0.0,0,10.0,0,38.3,0.2
7500.0,36,7.05,231.75,A1,RENT,12720.0,Not Verified,2009-12-01,car,0.0,2006-09-01,7.0,0.0,0.0,0.0,9.0,f,INDIVIDUAL,0.0,0.0,1,1.0,0,3.2,0.59
18000.0,36,14.49,619.49,C4,MORTGAGE,107000.0,Source Verified,2014-05-01,debt_consolidation,11.41,1994-10-01,8.0,0.0,45794.0,79.6,15.0,f,INDIVIDUAL,3.0,0.0,0,10.0,0,19.6,0.168
15000.0,60,18.25,382.95,E1,MORTGAGE,36400.0,Source Verified,2015-10-01,debt_consolidation,29.18,2001-07-01,11.0,0.0,15612.0,76.5,25.0,f,INDIVIDUAL,2.0,0.0,1,3.0,0,14.3,0.412
5000.0,60,11.71,110.5,B3,MORTGAGE,38004.0,Not Verified,2011-12-01,home_improvement,23.78,2006-11-01,12.0,0.0,10023.0,57.3,17.0,f,INDIVIDUAL,1.0,0.0,0,5.0,0,5.1,0.132
3000.0,36,15.59,104.87,C5,RENT,25000.0,Verified,2016-07-01,moving,23.9,2011-12-01,9.0,0.0,1574.0,22.8,11.0,w,INDIVIDUAL,0.0,0.0,0,2.0,0,4.6,0.12
7200.0,36,9.17,229.53,B2,MORTGAGE,117500.0,Not Verified,2015-03-01,debt_consolidation,20.29,2004-07-01,32.0,1.0,13576.0,24.8,61.0,f,INDIVIDUAL,1.0,0.0,1,5.0,0,10.7,0.061
5000.0,36,9.99,161.32,B3,RENT,60000.0,Not Verified,2015-03-01,debt_consolidation,3.78,1997-07-01,7.0,0.0,3641.0,16.4,13.0,w,INDIVIDUAL,0.0,0.0,0,2.0,0,17.7,0.083
3000.0,36,11.53,98.98,B5,OWN,17000.0,Source Verified,2015-05-01,debt_consolidation,28.81,1999-10-01,7.0,0.0,3820.0,27.1,22.0,f,INDIVIDUAL,0.0,0.0,0,10.0,0,15.6,0.176
17625.0,60,12.12,393.13,B3,MORTGAGE,45000.0,Verified,2012-09-01,home_improvement,8.8,2000-09-01,8.0,0.0,12059.0,79.2,17.0,f,INDIVIDUAL,4.0,0.0,0,8.0,0,12.0,0.392
11500.0,36,17.27,411.56,C5,RENT,108000.0,Verified,2013-06-01,debt_consolidation,17.49,2002-08-01,5.0,0.0,24608.0,99.2,7.0,f,INDIVIDUAL,0.0,0.0,0,10.0,0,10.8,0.106
9525.0,36,12.49,318.61,B4,RENT,97000.0,Source Verified,2014-03-01,debt_consolidation,18.98,1998-10-01,10.0,0.0,410.0,15.2,19.0,w,INDIVIDUAL,2.0,0.0,0,1.0,0,15.4,0.098
7350.0,36,11.14,241.12,B2,OWN,41000.0,Verified,2013-04-01,debt_consolidation,17.39,1996-03-01,14.0,0.0,17078.0,47.7,32.0,w,INDIVIDUAL,7.0,0.0,0,10.0,0,17.1,0.179
15000.0,36,7.89,469.29,A5,RENT,51500.0,Source Verified,2015-10-01,debt_consolidation,11.7,2007-09-01,11.0,0.0,9693.0,39.2,15.0,w,INDIVIDUAL,1.0,0.0,0,3.0,0,8.1,0.291
2500.0,36,13.33,84.64,C3,MORTGAGE,26000.0,Source Verified,2015-04-01,debt_consolidation,17.27,2001-03-01,8.0,0.0,8675.0,55.6,19.0,f,INDIVIDUAL,3.0,0.0,0,10.0,0,14.1,0.096
10000.0,36,14.49,344.17,C4,RENT,30000.0,Not Verified,2014-07-01,credit_card,10.45,2007-11-01,10.0,0.0,6914.0,37.2,21.0,f,INDIVIDUAL,0.0,0.0,1,2.0,0,6.7,0.333
16000.0,36,17.1,571.25,C5,MORTGAGE,46368.0,Verified,2013-10-01,debt_consolidation,34.42,1998-11-01,7.0,0.0,28312.0,84.5,19.0,f,INDIVIDUAL,1.0,0.0,0,6.0,0,14.9,0.345
25450.0,36,9.99,821.09,B1,MORTGAGE,172800.0,Verified,2013-10-01,home_improvement,13.95,1998-09-01,13.0,0.0,17582.0,35.2,27.0,f,INDIVIDUAL,5.0,0.0,1,7.0,0,15.1,0.147
12000.0,60,18.25,306.36,D3,RENT,62500.0,Source Verified,2014-04-01,debt_consolidation,29.7,2005-08-01,11.0,1.0,10932.0,75.9,15.0,f,INDIVIDUAL,1.0,1.0,0,10.0,0,8.7,0.192
9000.0,36,7.29,279.09,A4,RENT,46000.0,Not Verified,2011-04-01,debt_consolidation,10.23,2002-07-01,6.0,0.0,8955.0,54.3,10.0,f,INDIVIDUAL,0.0,0.0,0,5.0,0,8.8,0.196
15000.0,36,14.47,516.1,C2,OWN,48000.0,Not Verified,2013-12-01,debt_consolidation,18.6,2002-11-01,10.0,0.0,11408.0,53.8,15.0,f,INDIVIDUAL,0.0,0.0,0,4.0,0,11.1,0.312
21250.0,36,10.99,695.63,B4,RENT,47052.0,Verified,2010-02-01,debt_consolidation,17.93,2001-05-01,7.0,0.0,26636.0,61.6,10.0,f,INDIVIDUAL,0.0,0.0,0,5.0,0,8.8,0.452
16000.0,36,8.39,504.27,A5,MORTGAGE,90000.0,Not Verified,2014-11-01,credit_card,10.23,2003-07-01,7.0,0.0,18811.0,48.0,26.0,w,INDIVIDUAL,8.0,0.0,0,5.0,0,11.3,0.178
16550.0,36,14.65,570.88,C5,RENT,36000.0,Source Verified,2015-06-01,credit_card,26.77,1978-08-01,15.0,0.0,24318.0,81.1,27.0,w,INDIVIDUAL,1.0,0.0,0,9.0,0,36.8,0.46
12000.0,36,8.19,377.09,A5,OWN,50000.0,Not Verified,2014-11-01,credit_card,12.65,2002-01-01,10.0,0.0,11741.0,35.3,17.0,f,INDIVIDUAL,0.0,0.0,0,10.0,0,12.8,0.24
35000.0,60,18.75,903.12,D3,MORTGAGE,93800.0,Source Verified,2012-12-01,debt_consolidation,17.73,1998-09-01,16.0,0.0,12406.0,47.7,45.0,f,INDIVIDUAL,5.0,0.0,0,0.0,0,14.3,0.373
11000.0,60,19.52,288.51,E2,RENT,50000.0,Source Verified,2014-06-01,debt_consolidation,12.67,2006-04-01,11.0,0.0,7303.0,29.1,12.0,w,INDIVIDUAL,0.0,0.0,1,3.0,0,8.2,0.22
19500.0,60,17.27,487.47,C5,RENT,55000.0,Verified,2013-05-01,debt_consolidation,6.83,1999-06-01,9.0,0.0,9735.0,23.3,11.0,f,INDIVIDUAL,0.0,0.0,1,2.0,0,13.9,0.355
5000.0,36,17.27,178.94,D2,MORTGAGE,85000.0,Verified,2016-03-01,other,27.97,2002-07-01,31.0,0.0,841.0,1.0,52.0,w,INDIVIDUAL,1.0,0.0,0,9.0,0,13.7,0.059
6000.0,36,12.12,199.63,B3,RENT,50000.0,Not Verified,2013-02-01,debt_consolidation,26.11,1997-12-01,12.0,0.0,6229.0,35.4,15.0,w,INDIVIDUAL,0.0,0.0,1,1.0,0,15.2,0.12
8400.0,36,16.2,296.15,C4,RENT,45000.0,Not Verified,2013-11-01,other,6.48,2005-07-01,3.0,0.0,2850.0,37.0,13.0,f,INDIVIDUAL,0.0,0.0,0,8.0,0,8.3,0.187
7725.0,36,13.67,262.79,C4,RENT,79000.0,Verified,2015-12-01,major_purchase,13.23,2008-07-01,6.0,0.0,196.0,4.7,8.0,f,INDIVIDUAL,0.0,0.0,1,5.0,0,7.4,0.098
18000.0,36,13.53,611.1,B5,OWN,84000.0,Source Verified,2014-01-01,credit_card,25.36,1972-08-01,17.0,0.0,47454.0,71.0,24.0,w,INDIVIDUAL,1.0,0.0,0,6.0,1,41.4,0.214
6450.0,36,20.99,242.98,E4,RENT,19000.0,Verified,2014-07-01,debt_consolidation,1.77,1999-11-01,4.0,0.0,923.0,20.1,14.0,w,INDIVIDUAL,3.0,0.0,1,7.0,0,14.7,0.339
7000.0,36,15.61,244.76,D1,MORTGAGE,43680.0,Not Verified,2015-10-01,other,34.01,2006-04-01,19.0,0.0,14292.0,72.2,23.0,f,INDIVIDUAL,3.0,0.0,0,0.0,0,9.5,0.16
12925.0,60,15.22,308.98,C3,MORTGAGE,130000.0,Source Verified,2013-09-01,debt_consolidation,15.26,2003-06-01,8.0,0.0,6285.0,83.8,20.0,w,INDIVIDUAL,5.0,0.0,1,5.0,0,10.3,0.099
16800.0,60,13.98,390.74,C3,MORTGAGE,56000.0,Not Verified,2014-07-01,debt_consolidation,28.57,2005-08-01,17.0,0.0,11061.0,53.7,26.0,f,INDIVIDUAL,1.0,0.0,0,5.0,0,8.9,0.3
10000.0,36,16.29,353.01,D1,OWN,32000.0,Not Verified,2012-02-01,debt_consolidation,6.79,1999-09-01,5.0,0.0,5892.0,95.0,8.0,f,INDIVIDUAL,0.0,0.0,1,10.0,0,12.4,0.312
18400.0,60,13.33,421.78,C3,MORTGAGE,40000.0,Verified,2015-10-01,credit_card,26.94,2001-11-01,13.0,0.0,21094.0,50.5,28.0,w,INDIVIDUAL,4.0,0.0,1,10.0,0,13.9,0.46
35000.0,60,16.55,861.4,D2,MORTGAGE,114347.0,Verified,2015-04-01,debt_consolidation,20.26,1993-10-01,17.0,0.0,43326.0,73.2,32.0,w,INDIVIDUAL,5.0,0.0,0,10.0,0,21.5,0.306
10875.0,36,10.99,355.99,B2,MORTGAGE,48000.0,Not Verified,2013-10-01,credit_card,13.33,1996-02-01,5.0,0.0,7446.0,75.2,16.0,f,INDIVIDUAL,1.0,0.0,1,1.0,0,17.7,0.227
19350.0,36,11.67,639.66,B4,MORTGAGE,100000.0,Not Verified,2014-08-01,debt_consolidation,27.18,1997-01-01,11.0,0.0,40894.0,97.6,28.0,f,INDIVIDUAL,5.0,0.0,0,5.0,0,17.6,0.194
5000.0,36,18.55,182.15,D2,RENT,200000.0,Not Verified,2013-09-01,other,9.77,1999-04-01,12.0,0.0,8098.0,17.6,27.0,f,INDIVIDUAL,0.0,0.0,0,3.0,0,14.4,0.025
8000.0,36,11.99,265.68,B3,RENT,30000.0,Not Verified,2013-12-01,debt_consolidation,18.08,2004-05-01,8.0,0.0,4869.0,63.2,14.0,f,INDIVIDUAL,0.0,0.0,0,4.0,0,9.6,0.267
7075.0,36,13.98,241.74,C3,MORTGAGE,67787.0,Source Verified,2014-07-01,debt_consolidation,26.19,1987-08-01,11.0,0.0,49880.0,68.8,41.0,w,INDIVIDUAL,3.0,0.0,0,10.0,0,26.9,0.104
15000.0,36,13.99,512.6,C1,MORTGAGE,93000.0,Not Verified,2012-05-01,debt_consolidation,16.18,2002-10-01,8.0,0.0,17887.0,79.9,19.0,f,INDIVIDUAL,1.0,0.0,0,4.0,0,9.6,0.161
6600.0,36,11.67,218.18,B4,MORTGAGE,32000.0,Not Verified,2014-05-01,home_improvement,18.04,1996-08-01,16.0,0.0,6041.0,45.4,43.0,f,INDIVIDUAL,5.0,0.0,1,1.0,0,17.7,0.206
15000.0,36,12.12,499.08,B3,MORTGAGE,65000.0,Not Verified,2012-12-01,debt_consolidation,14.22,1999-12-01,10.0,0.0,9237.0,34.7,18.0,f,INDIVIDUAL,6.0,0.0,0,0.0,0,13.0,0.231
27300.0,36,17.77,983.82,D1,MORTGAGE,61000.0,Verified,2013-06-01,debt_consolidation,33.99,1987-12-01,7.0,0.0,30428.0,92.8,18.0,w,INDIVIDUAL,4.0,0.0,0,3.0,0,25.5,0.448
6000.0,36,19.52,221.52,D4,RENT,42000.0,Not Verified,2013-08-01,debt_consolidation,28.11,2002-12-01,14.0,0.0,8921.0,59.9,24.0,w,INDIVIDUAL,0.0,0.0,0,6.0,0,10.7,0.143
20000.0,36,6.49,612.89,A2,RENT,48566.0,Source Verified,2014-08-01,debt_consolidation,13.62,1997-06-01,8.0,0.0,15480.0,70.4,31.0,f,INDIVIDUAL,3.0,0.0,1,1.0,0,17.2,0.412
7700.0,36,15.23,267.8,C5,RENT,63000.0,Source Verified,2011-05-01,debt_consolidation,21.79,1995-08-01,11.0,0.0,18297.0,86.3,14.0,f,INDIVIDUAL,0.0,0.0,0,4.0,0,15.7,0.122
15000.0,36,19.97,557.23,D5,OWN,92000.0,Source Verified,2013-12-01,debt_consolidation,23.41,1984-04-01,17.0,0.0,8091.0,55.9,21.0,f,INDIVIDUAL,0.0,0.0,1,3.0,0,29.7,0.163
5000.0,36,14.98,173.28,C3,MORTGAGE,39000.0,Verified,2014-02-01,debt_consolidation,19.66,2008-06-01,6.0,0.0,5218.0,76.7,11.0,w,INDIVIDUAL,1.0,0.0,0,6.0,0,5.7,0.128
28000.0,36,7.49,870.85,A4,RENT,85000.0,Verified,2011-08-01,debt_consolidation,23.84,1998-08-01,10.0,0.0,9918.0,85.5,27.0,f,INDIVIDUAL,2.0,0.0,0,2.0,0,13.0,0.329
25000.0,60,30.84,821.79,G2,MORTGAGE,66000.0,Source Verified,2016-11-01,home_improvement,9.85,2002-06-01,5.0,0.0,0.0,0.0,15.0,f,INDIVIDUAL,2.0,0.0,0,10.0,0,14.4,0.379
27250.0,36,7.62,849.15,A3,MORTGAGE,188000.0,Not Verified,2013-01-01,debt_consolidation,14.51,1993-07-01,10.0,0.0,19712.0,92.1,35.0,f,INDIVIDUAL,7.0,0.0,0,10.0,0,19.5,0.145
18000.0,36,6.49,551.61,A2,RENT,450000.0,Verified,2014-11-01,debt_consolidation,12.92,2000-06-01,14.0,0.0,127455.0,82.9,29.0,w,INDIVIDUAL,3.0,0.0,0,10.0,0,14.4,0.04
24000.0,36,13.67,816.43,C3,RENT,65000.0,Verified,2016-05-01,debt_consolidation,25.35,1998-02-01,5.0,0.0,15161.0,88.7,18.0,w,INDIVIDUAL,3.0,0.0,0,4.0,0,18.2,0.369
7200.0,36,20.5,269.42,E1,RENT,47800.0,Verified,2014-01-01,debt_consolidation,14.36,1992-09-01,14.0,1.0,8074.0,69.6,35.0,f,INDIVIDUAL,2.0,0.0,0,2.0,0,21.3,0.151
13000.0,36,11.48,428.57,B5,OWN,97000.0,Verified,2016-01-01,debt_consolidation,12.07,2003-07-01,11.0,0.0,5986.0,95.0,30.0,w,JOINT,4.0,0.0,0,10.0,0,12.5,0.134
2500.0,36,23.5,97.43,F1,RENT,50400.0,Not Verified,2013-08-01,wedding,15.4,2004-10-01,5.0,0.0,11291.0,91.1,8.0,f,INDIVIDUAL,0.0,0.0,0,2.0,0,8.8,0.05
10000.0,36,7.89,312.86,A5,RENT,48928.3,Verified,2015-04-01,credit_card,32.7,1990-09-01,15.0,0.0,14970.0,49.4,35.0,f,INDIVIDUAL,4.0,0.0,1,10.0,0,24.6,0.204
10000.0,36,14.65,344.95,C5,RENT,95000.0,Source Verified,2015-09-01,other,15.61,2001-01-01,28.0,0.0,25573.0,34.3,64.0,w,INDIVIDUAL,0.0,0.0,0,3.0,0,14.7,0.105
10000.0,36,14.46,344.02,C4,RENT,68000.0,Source Verified,2016-03-01,debt_consolidation,22.11,2003-09-01,10.0,0.0,3117.0,72.5,18.0,w,INDIVIDUAL,0.0,0.0,0,7.0,0,12.5,0.147
12875.0,36,12.99,433.75,B5,MORTGAGE,45000.0,Verified,2014-02-01,debt_consolidation,10.24,2001-07-01,13.0,0.0,9071.0,25.3,18.0,w,INDIVIDUAL,2.0,0.0,0,1.0,0,12.6,0.286
12000.0,36,7.89,375.43,A5,OWN,85000.0,Not Verified,2015-04-01,credit_card,22.5,2003-02-01,12.0,0.0,6280.0,15.6,34.0,w,INDIVIDUAL,6.0,0.0,0,4.0,0,12.2,0.141
8200.0,36,6.92,252.9,A4,RENT,50600.0,Not Verified,2015-04-01,credit_card,19.21,2008-04-01,6.0,0.0,8056.0,43.1,15.0,w,INDIVIDUAL,0.0,0.0,0,0.0,0,7.0,0.162
15000.0,36,6.24,457.97,A2,RENT,58200.0,Source Verified,2015-06-01,debt_consolidation,11.91,1985-09-01,15.0,1.0,6774.0,13.0,35.0,w,INDIVIDUAL,0.0,1.0,0,8.0,0,29.7,0.258
2500.0,36,14.3,85.81,C1,MORTGAGE,40000.0,Source Verified,2013-11-01,other,21.24,1996-03-01,10.0,0.0,5983.0,44.0,21.0,f,INDIVIDUAL,1.0,0.0,0,4.0,0,17.7,0.062
20000.0,36,14.33,686.77,C1,RENT,65000.0,Verified,2012-08-01,small_business,24.81,1996-07-01,13.0,0.0,9192.0,35.4,23.0,f,INDIVIDUAL,0.0,0.0,1,5.0,0,16.1,0.308
2400.0,36,19.52,88.61,D4,RENT,30000.0,Not Verified,2013-07-01,major_purchase,23.68,1994-11-01,7.0,1.0,4211.0,34.8,12.0,f,INDIVIDUAL,0.0,1.0,0,1.0,0,18.7,0.08
10000.0,36,10.99,327.34,B2,MORTGAGE,33000.0,Not Verified,2013-10-01,home_improvement,10.8,2000-01-01,9.0,0.0,8089.0,82.5,22.0,f,INDIVIDUAL,1.0,0.0,0,0.0,0,13.7,0.303
10000.0,36,13.11,337.47,B4,RENT,76592.0,Verified,2013-04-01,credit_card,20.04,2009-06-01,12.0,0.0,11576.0,41.5,12.0,w,INDIVIDUAL,0.0,0.0,0,7.0,0,3.8,0.131
15450.0,36,16.59,547.69,D1,MORTGAGE,43000.0,Verified,2014-04-01,debt_consolidation,9.54,1995-01-01,13.0,0.0,7213.0,49.4,33.0,f,INDIVIDUAL,5.0,0.0,0,6.0,0,19.2,0.359
35000.0,60,13.99,814.21,C4,OWN,80644.0,Verified,2015-04-01,debt_consolidation,13.32,2003-05-01,7.0,0.0,7269.0,18.5,14.0,w,INDIVIDUAL,2.0,0.0,0,10.0,0,11.9,0.434
5000.0,36,13.35,169.32,C2,MORTGAGE,65000.0,Source Verified,2014-07-01,debt_consolidation,12.91,1995-07-01,7.0,0.0,12850.0,53.5,20.0,w,INDIVIDUAL,3.0,0.0,1,6.0,1,19.0,0.077
35000.0,60,15.61,843.9,D1,OWN,90000.0,Verified,2014-05-01,home_improvement,4.99,1986-05-01,9.0,0.0,4330.0,8.9,21.0,f,INDIVIDUAL,3.0,0.0,1,8.0,0,28.0,0.389
15000.0,60,14.33,351.6,C1,MORTGAGE,130000.0,Verified,2013-04-01,debt_consolidation,14.75,1987-04-01,9.0,0.0,10050.0,29.6,17.0,f,INDIVIDUAL,2.0,0.0,1,4.0,0,26.0,0.115
5000.0,36,10.16,161.72,B1,RENT,30000.0,Not Verified,2013-05-01,debt_consolidation,26.32,2008-07-01,10.0,0.0,5051.0,29.9,11.0,f,INDIVIDUAL,0.0,0.0,0,0.0,0,4.8,0.167
10400.0,36,13.67,353.79,C4,MORTGAGE,45000.0,Verified,2015-12-01,debt_consolidation,27.68,2002-06-01,16.0,0.0,13789.0,47.9,28.0,w,INDIVIDUAL,1.0,0.0,0,10.0,0,13.5,0.231
4750.0,36,15.1,164.9,C2,RENT,18000.0,Source Verified,2013-11-01,credit_card,30.07,2009-12-01,5.0,0.0,3745.0,64.6,7.0,f,INDIVIDUAL,0.0,0.0,0,4.0,0,3.9,0.264
15000.0,60,15.61,361.67,D1,OWN,50000.0,Source Verified,2015-03-01,credit_card,14.81,2009-05-01,18.0,0.0,11608.0,45.7,25.0,w,INDIVIDUAL,0.0,0.0,0,9.0,0,5.8,0.3
12000.0,60,14.65,283.28,C5,OWN,65000.0,Not Verified,2015-08-01,debt_consolidation,13.33,1985-03-01,16.0,1.0,12123.0,59.1,58.0,w,INDIVIDUAL,7.0,1.0,0,10.0,0,30.4,0.185
3500.0,36,11.99,116.24,B3,MORTGAGE,50000.0,Not Verified,2013-12-01,debt_consolidation,22.2,1997-03-01,14.0,0.0,6248.0,27.3,42.0,f,INDIVIDUAL,4.0,0.0,0,6.0,0,16.8,0.07
15000.0,60,12.29,335.87,C1,MORTGAGE,70000.0,Not Verified,2015-09-01,debt_consolidation,13.27,2002-10-01,5.0,0.0,7934.0,39.1,14.0,f,INDIVIDUAL,1.0,0.0,1,7.0,0,12.9,0.214
22000.0,36,13.49,746.47,C2,MORTGAGE,52000.0,Source Verified,2016-10-01,credit_card,13.63,2008-09-01,12.0,0.0,22356.0,65.6,17.0,w,INDIVIDUAL,1.0,0.0,0,7.0,0,8.1,0.423
1000.0,36,7.26,31.0,A4,MORTGAGE,85000.0,Source Verified,2015-12-01,debt_consolidation,11.21,2002-11-01,8.0,0.0,2716.0,16.5,11.0,w,INDIVIDUAL,2.0,0.0,0,7.0,0,13.1,0.012
25000.0,36,7.51,777.78,A3,MORTGAGE,84000.0,Verified,2012-01-01,small_business,1.49,1983-12-01,5.0,0.0,6308.0,14.7,22.0,f,INDIVIDUAL,1.0,0.0,0,10.0,0,28.1,0.298
10000.0,36,11.99,332.1,B3,RENT,60000.0,Source Verified,2014-01-01,debt_consolidation,14.86,1995-10-01,11.0,1.0,11683.0,67.5,23.0,f,INDIVIDUAL,0.0,0.0,0,3.0,0,18.3,0.167
20000.0,36,8.9,635.07,A5,MORTGAGE,92000.0,Source Verified,2014-01-01,credit_card,11.9,1990-12-01,16.0,0.0,27058.0,44.0,34.0,w,INDIVIDUAL,5.0,0.0,0,10.0,0,23.1,0.217
10000.0,36,9.25,319.17,A5,MORTGAGE,60000.0,Verified,2013-10-01,debt_consolidation,14.34,1996-06-01,13.0,0.0,19958.0,41.9,24.0,w,INDIVIDUAL,2.0,0.0,0,10.0,0,17.3,0.167
21000.0,36,25.28,838.07,F5,RENT,84000.0,Source Verified,2013-09-01,credit_card,16.37,1996-09-01,13.0,0.0,5502.0,61.1,38.0,f,INDIVIDUAL,7.0,0.0,0,6.0,1,17.0,0.25
8875.0,36,16.99,316.38,D1,RENT,45000.0,Source Verified,2013-12-01,debt_consolidation,18.0,2009-04-01,4.0,0.0,3704.0,97.5,6.0,f,INDIVIDUAL,0.0,0.0,1,0.0,0,4.7,0.197
4625.0,36,11.67,152.89,B4,RENT,45000.0,Source Verified,2014-07-01,debt_consolidation,4.69,2007-09-01,20.0,1.0,4539.0,36.3,42.0,w,INDIVIDUAL,1.0,1.0,0,3.0,0,6.8,0.103
6500.0,36,9.17,207.22,B2,RENT,60000.0,Source Verified,2015-12-01,credit_card,24.34,1983-10-01,8.0,2.0,8749.0,75.4,37.0,w,INDIVIDUAL,0.0,2.0,0,1.0,0,32.2,0.108
3500.0,36,12.49,117.08,B5,RENT,29000.0,Not Verified,2014-10-01,debt_consolidation,6.08,1997-09-01,5.0,1.0,6746.0,68.8,7.0,f,INDIVIDUAL,0.0,1.0,0,2.0,0,17.1,0.121
25000.0,60,14.49,588.08,C4,MORTGAGE,60000.0,Source Verified,2014-11-01,credit_card,11.72,2000-02-01,13.0,0.0,27241.0,52.1,32.0,w,INDIVIDUAL,3.0,0.0,1,10.0,0,14.7,0.417
15000.0,36,9.17,478.19,B1,MORTGAGE,65000.0,Verified,2014-09-01,credit_card,21.52,1987-02-01,13.0,0.0,23072.0,47.3,35.0,f,INDIVIDUAL,3.0,0.0,0,7.0,0,27.6,0.231
8000.0,36,16.24,282.21,C5,RENT,55000.0,Not Verified,2014-01-01,other,18.02,1992-10-01,9.0,0.0,14521.0,86.4,20.0,f,INDIVIDUAL,0.0,0.0,0,8.0,0,21.3,0.145
19400.0,36,18.99,711.03,E1,MORTGAGE,70000.0,Verified,2014-09-01,debt_consolidation,27.12,2005-05-01,11.0,1.0,10368.0,72.0,17.0,w,INDIVIDUAL,2.0,1.0,0,10.0,0,9.3,0.277
3100.0,36,11.99,102.95,B3,RENT,24709.08,Verified,2014-03-01,credit_card,31.03,1972-02-01,4.0,1.0,4311.0,25.0,26.0,w,INDIVIDUAL,5.0,1.0,1,6.0,1,42.1,0.125
1200.0,36,24.5,47.4,F3,MORTGAGE,50000.0,Verified,2014-05-01,other,27.7,1985-01-01,20.0,0.0,26823.0,36.2,45.0,w,INDIVIDUAL,5.0,0.0,0,10.0,0,29.3,0.024
19200.0,60,8.39,392.91,B1,MORTGAGE,90000.0,Not Verified,2016-05-01,debt_consolidation,14.24,1989-10-01,22.0,0.0,5814.0,10.3,65.0,f,INDIVIDUAL,4.0,0.0,0,10.0,0,26.6,0.213
6000.0,60,10.36,128.55,B5,RENT,50000.0,Source Verified,2010-10-01,small_business,16.63,2000-01-01,4.0,0.0,12399.0,91.8,9.0,f,INDIVIDUAL,0.0,0.0,1,0.0,0,10.7,0.12
21000.0,36,13.98,717.53,C3,RENT,110005.0,Verified,2014-07-01,credit_card,7.58,2000-07-01,7.0,0.0,26269.0,85.6,33.0,w,INDIVIDUAL,5.0,0.0,0,10.0,0,14.0,0.191
16000.0,36,8.94,508.35,A5,RENT,75996.0,Verified,2009-09-01,credit_card,6.79,1996-01-01,8.0,0.0,7254.0,15.4,30.0,f,INDIVIDUAL,2.0,0.0,0,6.0,0,13.7,0.211
33000.0,60,23.43,938.46,F1,MORTGAGE,124000.0,Verified,2014-05-01,debt_consolidation,30.06,2003-07-01,21.0,1.0,37238.0,64.6,34.0,f,INDIVIDUAL,4.0,1.0,1,5.0,0,10.8,0.266
35000.0,36,13.98,1195.88,C3,RENT,300000.0,Source Verified,2014-07-01,debt_consolidation,3.76,1998-07-01,4.0,0.0,1134.0,17.4,30.0,w,INDIVIDUAL,8.0,0.0,0,0.0,0,16.0,0.117
15350.0,36,6.03,467.19,A1,MORTGAGE,71000.0,Not Verified,2014-05-01,credit_card,23.88,2002-08-01,13.0,0.0,24303.0,69.2,44.0,w,INDIVIDUAL,5.0,0.0,0,9.0,0,11.7,0.216
15850.0,36,13.11,534.89,B4,RENT,40000.0,Verified,2012-10-01,small_business,12.84,1999-10-01,6.0,0.0,6144.0,53.9,20.0,f,INDIVIDUAL,0.0,0.0,0,7.0,0,13.0,0.396
6075.0,36,17.76,218.9,D1,RENT,22000.0,Source Verified,2013-11-01,debt_consolidation,12.66,2009-07-01,3.0,0.0,9209.0,94.0,4.0,f,INDIVIDUAL,0.0,0.0,0,1.0,0,4.3,0.276
8000.0,36,14.09,273.78,B5,RENT,60000.0,Source Verified,2012-09-01,home_improvement,12.06,1996-03-01,10.0,0.0,15360.0,50.0,24.0,f,INDIVIDUAL,0.0,0.0,1,6.0,0,16.5,0.133
16000.0,36,13.98,546.69,C1,MORTGAGE,138550.0,Verified,2013-12-01,debt_consolidation,14.79,1978-11-01,12.0,1.0,18709.0,82.8,63.0,w,INDIVIDUAL,4.0,1.0,0,1.0,0,35.1,0.115
25000.0,60,14.3,585.61,C1,MORTGAGE,75000.0,Source Verified,2013-11-01,home_improvement,11.75,1995-08-01,13.0,0.0,16364.0,40.0,39.0,f,INDIVIDUAL,10.0,0.0,0,3.0,0,18.3,0.333
11000.0,60,13.35,252.26,C2,MORTGAGE,80000.0,Source Verified,2014-07-01,credit_card,12.89,1998-12-01,6.0,0.0,10836.0,94.2,11.0,f,INDIVIDUAL,2.0,0.0,0,7.0,0,15.6,0.138
10000.0,36,11.49,329.72,B5,MORTGAGE,150000.0,Not Verified,2016-09-01,debt_consolidation,10.41,2004-10-01,6.0,0.0,40386.0,93.5,28.0,w,JOINT,4.0,0.0,0,10.0,0,11.9,0.067
20000.0,36,6.39,611.98,A2,OWN,160000.0,Source Verified,2015-04-01,major_purchase,7.26,1991-03-01,22.0,0.0,1570.0,4.3,49.0,w,INDIVIDUAL,6.0,0.0,0,10.0,0,24.1,0.125
4000.0,36,12.12,133.09,B3,OWN,18000.0,Not Verified,2012-07-01,debt_consolidation,18.93,2004-05-01,19.0,0.0,5261.0,35.1,39.0,f,INDIVIDUAL,0.0,0.0,0,6.0,0,8.2,0.222
1200.0,36,9.99,38.72,B3,RENT,38000.0,Not Verified,2015-08-01,debt_consolidation,1.74,2010-04-01,4.0,0.0,1337.0,24.3,4.0,w,INDIVIDUAL,0.0,0.0,0,4.0,0,5.3,0.032
12000.0,60,13.99,279.16,C4,MORTGAGE,49000.0,Source Verified,2015-04-01,debt_consolidation,19.59,1998-07-01,9.0,0.0,6043.0,41.4,27.0,w,INDIVIDUAL,2.0,0.0,1,10.0,0,16.8,0.245
6500.0,36,16.2,229.17,C4,MORTGAGE,66300.0,Not Verified,2013-11-01,credit_card,24.31,1999-05-01,17.0,0.0,27074.0,73.0,24.0,f,INDIVIDUAL,3.0,0.0,0,10.0,0,14.5,0.098
9000.0,36,15.61,314.69,D1,RENT,40000.0,Not Verified,2014-08-01,debt_consolidation,8.01,2003-05-01,9.0,0.0,7409.0,32.1,16.0,w,INDIVIDUAL,0.0,0.0,0,2.0,0,11.3,0.225
22000.0,60,17.86,556.99,D5,RENT,50000.0,Source Verified,2015-06-01,debt_consolidation,22.69,2007-04-01,8.0,0.0,18791.0,64.8,11.0,w,INDIVIDUAL,0.0,0.0,0,6.0,0,8.2,0.44
8400.0,36,15.8,294.5,C3,RENT,70000.0,Not Verified,2013-04-01,debt_consolidation,9.03,2003-09-01,10.0,0.0,10886.0,76.1,20.0,f,INDIVIDUAL,0.0,0.0,0,8.0,0,9.6,0.12
20000.0,36,8.9,635.07,A5,MORTGAGE,106000.0,Source Verified,2014-03-01,credit_card,10.77,1994-06-01,8.0,0.0,13107.0,72.8,35.0,w,INDIVIDUAL,5.0,0.0,0,3.0,0,19.7,0.189
12000.0,36,9.8,386.09,B3,RENT,44000.0,Not Verified,2016-01-01,credit_card,23.21,2004-11-01,6.0,0.0,18879.0,79.3,18.0,w,INDIVIDUAL,0.0,0.0,0,4.0,0,11.2,0.273
11575.0,36,13.35,391.97,C2,MORTGAGE,52000.0,Source Verified,2014-08-01,credit_card,12.26,2002-02-01,13.0,0.0,11386.0,58.4,25.0,w,INDIVIDUAL,0.0,0.0,0,8.0,0,12.5,0.223
30100.0,36,22.99,1165.01,F1,MORTGAGE,79473.0,Verified,2014-11-01,debt_consolidation,20.63,1981-01-01,15.0,0.0,32627.0,90.9,33.0,f,INDIVIDUAL,3.0,0.0,0,7.0,0,33.8,0.379
8000.0,36,14.49,275.33,C4,MORTGAGE,94000.0,Not Verified,2014-09-01,debt_consolidation,10.49,2001-02-01,19.0,0.0,22591.0,56.3,32.0,f,INDIVIDUAL,5.0,0.0,0,6.0,0,13.6,0.085
24000.0,36,7.9,750.97,A4,MORTGAGE,100000.0,Source Verified,2013-12-01,debt_consolidation,8.64,1987-03-01,7.0,0.0,81767.0,52.6,14.0,w,INDIVIDUAL,3.0,0.0,0,10.0,0,26.8,0.24
23500.0,36,15.8,823.88,C3,MORTGAGE,53000.0,Verified,2012-11-01,credit_card,23.3,1996-07-01,14.0,0.0,20918.0,54.6,33.0,f,INDIVIDUAL,2.0,0.0,0,6.0,1,16.3,0.443
28000.0,60,24.99,821.68,F4,MORTGAGE,120000.0,Source Verified,2015-10-01,small_business,9.18,2007-03-01,13.0,0.0,11489.0,34.5,31.0,f,INDIVIDUAL,4.0,0.0,0,3.0,0,8.6,0.233
12000.0,36,12.85,403.47,B4,RENT,57000.0,Verified,2014-01-01,other,7.77,1999-04-01,5.0,1.0,2845.0,46.6,21.0,f,INDIVIDUAL,4.0,1.0,0,4.0,0,14.8,0.211
12250.0,36,18.75,447.49,D3,RENT,40000.0,Source Verified,2013-03-01,debt_consolidation,27.81,2001-12-01,5.0,0.0,27841.0,88.7,11.0,f,INDIVIDUAL,0.0,0.0,1,2.0,0,11.2,0.306
20000.0,36,13.99,683.46,C4,MORTGAGE,75000.0,Source Verified,2015-06-01,debt_consolidation,25.94,2004-12-01,8.0,1.0,5803.0,63.1,21.0,w,INDIVIDUAL,6.0,1.0,0,10.0,0,10.5,0.267
4000.0,36,6.03,121.75,A1,MORTGAGE,50000.0,Not Verified,2012-08-01,home_improvement,10.44,2004-03-01,8.0,0.0,0.0,0.0,19.0,f,INDIVIDUAL,1.0,0.0,0,6.0,0,8.4,0.08
13000.0,60,15.61,313.45,D1,OWN,70000.0,Source Verified,2014-06-01,home_improvement,15.14,2003-03-01,10.0,0.0,4604.0,41.5,34.0,w,INDIVIDUAL,0.0,0.0,0,10.0,0,11.3,0.186
12000.0,60,9.91,254.44,B1,MORTGAGE,90000.0,Not Verified,2011-10-01,credit_card,24.01,2001-05-01,12.0,0.0,31441.0,55.9,26.0,f,INDIVIDUAL,2.0,0.0,0,6.0,0,10.4,0.133
14750.0,60,20.49,394.82,E2,RENT,41000.0,Verified,2014-02-01,debt_consolidation,9.66,2001-12-01,6.0,1.0,6158.0,38.0,32.0,w,INDIVIDUAL,3.0,1.0,0,7.0,0,12.2,0.36
6400.0,36,14.16,219.24,C2,RENT,53000.0,Not Verified,2014-03-01,debt_consolidation,12.16,2002-08-01,7.0,1.0,6138.0,26.0,22.0,f,INDIVIDUAL,3.0,1.0,1,3.0,0,11.6,0.121
11500.0,36,13.11,388.1,B4,RENT,35050.0,Not Verified,2012-08-01,debt_consolidation,15.68,1995-10-01,13.0,0.0,7817.0,35.2,30.0,f,INDIVIDUAL,0.0,0.0,0,10.0,0,16.8,0.328
30000.0,36,14.46,1032.05,C4,OWN,140000.0,Verified,2016-06-01,credit_card,7.8,2004-10-01,14.0,0.0,34396.0,81.7,25.0,w,INDIVIDUAL,4.0,0.0,0,2.0,0,11.7,0.214
16000.0,60,19.19,416.73,E3,MORTGAGE,65000.0,Verified,2015-06-01,debt_consolidation,18.13,1994-10-01,8.0,0.0,6445.0,75.8,25.0,f,INDIVIDUAL,1.0,0.0,1,10.0,0,20.7,0.246
9600.0,36,11.53,316.71,B5,OWN,25000.0,Verified,2015-07-01,debt_consolidation,21.32,1996-10-01,4.0,0.0,2131.0,60.9,28.0,w,INDIVIDUAL,4.0,0.0,0,2.0,0,18.7,0.384
6025.0,36,12.69,202.11,C2,RENT,52000.0,Verified,2015-07-01,debt_consolidation,21.07,2003-03-01,19.0,0.0,13968.0,76.3,34.0,w,INDIVIDUAL,0.0,0.0,0,7.0,0,12.3,0.116
5325.0,36,10.99,174.31,B4,MORTGAGE,60000.0,Not Verified,2015-03-01,debt_consolidation,30.9,1991-07-01,5.0,0.0,5746.0,43.9,26.0,w,INDIVIDUAL,3.0,0.0,0,10.0,0,23.7,0.089
10750.0,36,18.54,391.56,E1,MORTGAGE,30000.0,Source Verified,2014-11-01,debt_consolidation,25.4,1996-11-01,8.0,0.0,24817.0,91.2,15.0,w,INDIVIDUAL,2.0,0.0,1,10.0,0,18.0,0.358
19200.0,60,19.72,505.7,D5,MORTGAGE,170000.0,Source Verified,2012-08-01,debt_consolidation,21.75,1996-01-01,17.0,0.0,6696.0,67.6,59.0,f,INDIVIDUAL,10.0,0.0,0,10.0,0,16.6,0.113
14200.0,36,11.53,468.47,B5,RENT,50000.0,Source Verified,2015-07-01,debt_consolidation,25.64,1996-10-01,6.0,0.0,16670.0,85.1,15.0,w,INDIVIDUAL,0.0,0.0,0,8.0,0,18.7,0.284
28000.0,36,11.71,926.13,B3,MORTGAGE,62000.0,Verified,2011-09-01,small_business,7.51,1998-02-01,8.0,0.0,16813.0,33.2,30.0,f,INDIVIDUAL,2.0,0.0,0,10.0,0,13.6,0.452
7750.0,36,12.12,257.86,B3,MORTGAGE,40000.0,Verified,2013-03-01,credit_card,23.64,1990-07-01,9.0,0.0,12985.0,56.7,17.0,f,INDIVIDUAL,4.0,0.0,1,3.0,0,22.7,0.194
9000.0,36,8.67,284.82,B1,RENT,79000.0,Source Verified,2015-01-01,credit_card,11.59,2001-08-01,9.0,0.0,15983.0,88.3,42.0,f,INDIVIDUAL,0.0,0.0,0,0.0,0,13.4,0.114
8475.0,36,16.55,300.27,D2,MORTGAGE,70000.0,Verified,2015-05-01,credit_card,37.46,1996-04-01,12.0,0.0,151110.0,99.0,21.0,f,INDIVIDUAL,3.0,0.0,0,9.0,0,19.1,0.121
10500.0,36,14.09,359.33,B5,MORTGAGE,38000.0,Verified,2013-02-01,debt_consolidation,1.96,2007-12-01,4.0,0.0,1425.0,49.1,9.0,f,INDIVIDUAL,2.0,0.0,1,6.0,0,5.2,0.276
3000.0,36,7.9,93.88,A4,MORTGAGE,24000.0,Source Verified,2011-10-01,home_improvement,2.25,2005-02-01,3.0,0.0,739.0,3.7,13.0,f,INDIVIDUAL,0.0,0.0,0,0.0,0,6.7,0.125
12000.0,36,13.11,404.97,B4,RENT,40000.0,Not Verified,2013-04-01,credit_card,14.07,2000-11-01,10.0,0.0,1639.0,9.3,19.0,f,INDIVIDUAL,0.0,0.0,1,10.0,0,12.4,0.3
8000.0,36,6.49,245.16,A2,MORTGAGE,74000.0,Verified,2014-09-01,major_purchase,20.21,1990-06-01,13.0,0.0,7071.0,13.8,25.0,w,INDIVIDUAL,1.0,0.0,0,6.0,1,24.3,0.108
10000.0,36,19.47,368.95,D5,RENT,31000.0,Source Verified,2014-04-01,debt_consolidation,20.17,2001-05-01,5.0,0.0,7257.0,76.4,11.0,w,INDIVIDUAL,0.0,0.0,1,1.0,0,12.9,0.323
8000.0,36,6.62,245.63,A2,RENT,57000.0,Not Verified,2012-01-01,debt_consolidation,17.43,2003-10-01,10.0,0.0,9034.0,25.6,16.0,f,INDIVIDUAL,0.0,0.0,0,2.0,0,8.3,0.14
22500.0,36,10.99,736.52,B4,RENT,45000.0,Source Verified,2015-06-01,debt_consolidation,17.6,1990-05-01,8.0,0.0,27553.0,74.5,16.0,w,INDIVIDUAL,0.0,0.0,1,3.0,0,25.1,0.5
20000.0,36,8.88,634.88,B1,MORTGAGE,150000.0,Source Verified,2010-11-01,car,12.88,1998-03-01,12.0,0.0,29433.0,44.6,26.0,f,INDIVIDUAL,2.0,0.0,0,7.0,0,12.7,0.133
15550.0,36,9.49,498.04,B2,RENT,44000.0,Source Verified,2015-01-01,debt_consolidation,22.67,1995-09-01,12.0,0.0,9876.0,37.8,27.0,f,INDIVIDUAL,0.0,0.0,0,10.0,0,19.3,0.353
4000.0,36,13.67,136.08,B5,RENT,13500.0,Not Verified,2013-10-01,debt_consolidation,21.96,1987-02-01,8.0,0.0,6155.0,65.5,14.0,f,INDIVIDUAL,0.0,0.0,0,7.0,0,26.7,0.296
21000.0,36,12.29,700.42,C1,MORTGAGE,175000.0,Verified,2015-02-01,debt_consolidation,23.05,1999-09-01,19.0,0.0,76704.0,93.0,64.0,f,INDIVIDUAL,3.0,0.0,1,7.0,0,15.4,0.12
12375.0,36,13.67,420.97,B5,MORTGAGE,25000.0,Verified,2012-04-01,debt_consolidation,22.42,2006-08-01,8.0,0.0,12226.0,88.0,12.0,f,INDIVIDUAL,0.0,0.0,0,3.0,0,5.7,0.495
12000.0,60,18.24,306.3,D5,MORTGAGE,101000.0,Verified,2014-07-01,vacation,24.71,2002-05-01,10.0,0.0,26176.0,82.6,15.0,w,INDIVIDUAL,2.0,0.0,0,7.0,0,12.2,0.119
11500.0,36,14.33,394.89,C1,MORTGAGE,66800.0,Verified,2012-07-01,debt_consolidation,31.91,1994-01-01,18.0,0.0,45008.0,88.6,26.0,f,INDIVIDUAL,2.0,0.0,0,0.0,0,18.5,0.172
12000.0,36,11.53,395.89,B5,OWN,58000.0,Verified,2015-08-01,debt_consolidation,22.74,1989-07-01,12.0,0.0,10913.0,62.4,23.0,w,INDIVIDUAL,3.0,0.0,0,4.0,0,26.1,0.207
8500.0,36,14.09,290.89,B5,MORTGAGE,38000.0,Verified,2013-06-01,credit_card,13.61,1989-12-01,7.0,1.0,17634.0,72.6,12.0,f,INDIVIDUAL,3.0,1.0,0,6.0,1,23.5,0.224
7200.0,36,18.75,263.02,D3,RENT,55500.0,Verified,2013-06-01,debt_consolidation,27.31,1991-06-01,15.0,0.0,12999.0,53.5,63.0,f,INDIVIDUAL,0.0,0.0,0,6.0,1,22.0,0.13
25000.0,60,23.28,708.79,F2,MORTGAGE,80000.0,Source Verified,2012-10-01,debt_consolidation,25.67,2001-04-01,9.0,0.0,28144.0,84.5,20.0,f,INDIVIDUAL,4.0,0.0,0,10.0,0,11.5,0.312
10625.0,36,18.25,385.46,D2,MORTGAGE,50000.0,Not Verified,2013-07-01,debt_consolidation,13.15,2002-11-01,7.0,0.0,3675.0,34.7,15.0,f,INDIVIDUAL,0.0,0.0,0,6.0,0,10.7,0.212
26500.0,60,22.47,739.01,E5,RENT,60000.0,Verified,2013-04-01,debt_consolidation,12.5,2004-01-01,13.0,0.0,12124.0,33.5,23.0,w,INDIVIDUAL,0.0,0.0,0,3.0,0,9.2,0.442
7000.0,36,9.67,224.79,B1,RENT,102000.0,Not Verified,2014-03-01,debt_consolidation,12.88,1995-02-01,6.0,0.0,7622.0,69.9,20.0,w,INDIVIDUAL,0.0,0.0,0,5.0,0,19.1,0.069
15000.0,36,7.9,469.36,A4,MORTGAGE,126000.0,Verified,2011-11-01,debt_consolidation,16.36,1986-09-01,10.0,0.0,36097.0,76.3,22.0,f,INDIVIDUAL,1.0,0.0,0,10.0,0,25.2,0.119
12000.0,36,12.99,404.27,C2,MORTGAGE,96000.0,Not Verified,2015-01-01,debt_consolidation,19.59,1977-03-01,18.0,0.0,31317.0,90.0,35.0,f,INDIVIDUAL,2.0,0.0,0,10.0,0,37.8,0.125
18000.0,36,10.15,582.08,B2,MORTGAGE,95000.0,Not Verified,2014-05-01,credit_card,11.62,1996-01-01,12.0,0.0,16278.0,71.1,63.0,f,INDIVIDUAL,4.0,0.0,0,10.0,0,18.3,0.189
12000.0,36,13.99,410.08,D3,RENT,48686.0,Not Verified,2008-11-01,debt_consolidation,10.11,1995-08-01,10.0,0.0,15043.0,76.0,14.0,f,INDIVIDUAL,0.0,0.0,0,10.0,0,13.3,0.246
28000.0,36,12.99,943.3,C1,OWN,100000.0,Verified,2014-08-01,credit_card,18.2,2005-07-01,8.0,0.0,34147.0,49.1,22.0,f,INDIVIDUAL,0.0,0.0,1,2.0,0,9.1,0.28
6000.0,36,14.31,205.98,C4,OWN,30000.0,Source Verified,2015-02-01,other,21.28,2010-09-01,4.0,0.0,5604.0,83.6,7.0,f,INDIVIDUAL,0.0,0.0,0,0.0,0,4.4,0.2
10000.0,36,14.65,344.95,C2,RENT,180000.0,Verified,2012-06-01,moving,20.19,1986-04-01,21.0,0.0,56681.0,82.7,42.0,f,INDIVIDUAL,0.0,0.0,0,10.0,0,26.2,0.056
7000.0,36,5.93,212.74,A1,MORTGAGE,150000.0,Verified,2015-03-01,home_improvement,2.41,1996-06-01,6.0,0.0,1489.0,4.9,25.0,w,INDIVIDUAL,4.0,0.0,0,6.0,0,18.7,0.047
12000.0,60,25.69,357.09,F1,RENT,34000.0,Verified,2016-09-01,debt_consolidation,29.87,1992-11-01,9.0,1.0,12008.0,55.9,27.0,w,INDIVIDUAL,2.0,1.0,0,5.0,0,23.8,0.353
19200.0,60,15.61,462.94,C5,MORTGAGE,54000.0,Source Verified,2014-03-01,credit_card,19.09,2001-10-01,11.0,1.0,12108.0,67.3,18.0,w,INDIVIDUAL,0.0,1.0,0,1.0,0,12.4,0.356
32000.0,36,17.57,1149.99,D4,MORTGAGE,80000.0,Verified,2015-10-01,debt_consolidation,19.78,1992-09-01,11.0,0.0,46280.0,83.7,33.0,w,INDIVIDUAL,4.0,0.0,1,0.0,0,23.1,0.4
14400.0,60,17.86,364.57,D5,MORTGAGE,115000.0,Not Verified,2015-04-01,debt_consolidation,11.0,1996-03-01,11.0,0.0,798.0,34.7,35.0,w,INDIVIDUAL,0.0,0.0,1,2.0,0,19.1,0.125
16150.0,36,24.99,642.04,F4,RENT,45000.0,Verified,2015-03-01,debt_consolidation,31.66,2002-06-01,14.0,0.0,18163.0,70.1,18.0,w,INDIVIDUAL,0.0,0.0,1,5.0,0,12.7,0.359
25000.0,60,21.49,683.25,E3,MORTGAGE,70000.0,Verified,2012-07-01,credit_card,30.87,1992-12-01,22.0,0.0,32536.0,69.5,62.0,f,INDIVIDUAL,6.0,0.0,0,10.0,0,19.6,0.357
5000.0,36,12.87,168.17,C1,RENT,43200.0,Not Verified,2009-10-01,other,14.89,2003-02-01,8.0,0.0,17123.0,75.8,13.0,f,INDIVIDUAL,0.0,0.0,0,7.0,0,6.7,0.116
30000.0,60,19.91,793.32,E4,MORTGAGE,90000.0,Verified,2011-12-01,debt_consolidation,4.31,1998-08-01,6.0,0.0,13072.0,67.4,15.0,f,INDIVIDUAL,0.0,0.0,0,10.0,0,13.3,0.333
33000.0,36,10.99,1080.23,B2,RENT,85000.0,Verified,2014-03-01,debt_consolidation,18.07,1999-01-01,13.0,0.0,23507.0,40.7,31.0,w,INDIVIDUAL,3.0,0.0,0,0.0,0,15.2,0.388
19000.0,60,19.52,498.33,E2,RENT,55000.0,Source Verified,2014-05-01,debt_consolidation,17.98,1998-10-01,12.0,1.0,48.0,0.3,35.0,w,INDIVIDUAL,4.0,1.0,0,2.0,0,15.6,0.345
10000.0,36,13.53,339.5,B5,MORTGAGE,28000.0,Source Verified,2014-01-01,debt_consolidation,23.87,1975-06-01,9.0,0.0,18380.0,50.6,14.0,f,INDIVIDUAL,2.0,0.0,0,6.0,1,38.6,0.357
30000.0,36,13.68,1020.68,C1,RENT,93000.0,Verified,2013-09-01,debt_consolidation,28.72,2001-04-01,10.0,0.0,26343.0,64.7,23.0,w,INDIVIDUAL,0.0,0.0,1,8.0,0,12.4,0.323
15000.0,60,7.9,303.43,A4,MORTGAGE,100000.0,Source Verified,2012-09-01,other,12.12,1998-01-01,11.0,0.0,10225.0,20.0,24.0,f,INDIVIDUAL,3.0,0.0,0,10.0,0,14.7,0.15
7000.0,36,6.03,213.05,A1,MORTGAGE,58000.0,Not Verified,2013-08-01,car,12.06,2001-03-01,8.0,0.0,865.0,16.3,20.0,f,INDIVIDUAL,2.0,0.0,0,2.0,0,12.4,0.121
5500.0,36,14.65,189.72,C5,MORTGAGE,83000.0,Not Verified,2015-09-01,major_purchase,29.76,1999-03-01,5.0,0.0,6611.0,66.1,23.0,f,INDIVIDUAL,3.0,0.0,0,6.0,0,16.5,0.066
10000.0,36,10.16,323.43,B1,RENT,80000.0,Not Verified,2013-01-01,credit_card,27.31,1999-07-01,11.0,0.0,11358.0,68.0,34.0,f,INDIVIDUAL,1.0,0.0,0,10.0,0,13.5,0.125
7125.0,36,13.11,240.45,B4,MORTGAGE,56500.0,Verified,2013-03-01,debt_consolidation,28.33,2005-02-01,11.0,0.0,7695.0,39.1,20.0,f,INDIVIDUAL,1.0,0.0,0,8.0,0,8.1,0.126
19000.0,36,13.35,643.4,C2,OWN,110000.0,Not Verified,2014-07-01,debt_consolidation,11.89,2006-03-01,13.0,0.0,12405.0,44.5,19.0,w,INDIVIDUAL,0.0,0.0,0,10.0,0,8.3,0.173
5650.0,36,15.41,197.0,D1,OWN,26459.0,Verified,2015-12-01,debt_consolidation,30.44,2000-08-01,7.0,1.0,3533.0,45.3,28.0,w,INDIVIDUAL,1.0,1.0,0,3.0,0,15.3,0.214
20000.0,60,24.5,581.18,F3,MORTGAGE,78500.0,Verified,2015-04-01,debt_consolidation,17.94,2001-08-01,11.0,0.0,4862.0,39.2,27.0,f,INDIVIDUAL,1.0,0.0,1,8.0,0,13.7,0.255
33425.0,60,22.2,926.97,E4,RENT,101000.0,Verified,2013-08-01,debt_consolidation,22.25,2002-01-01,9.0,0.0,9071.0,51.2,23.0,f,INDIVIDUAL,2.0,0.0,1,10.0,0,11.6,0.331
18000.0,60,16.29,440.51,C4,MORTGAGE,68500.0,Verified,2013-06-01,credit_card,19.83,1998-07-01,15.0,0.0,12976.0,65.5,32.0,w,INDIVIDUAL,3.0,0.0,0,10.0,0,14.9,0.263
12000.0,36,6.62,368.45,A2,MORTGAGE,150000.0,Verified,2011-10-01,small_business,4.38,2001-11-01,14.0,0.0,6590.0,14.2,45.0,f,INDIVIDUAL,3.0,0.0,0,3.0,0,9.9,0.08
3600.0,36,10.75,117.44,B4,MORTGAGE,60000.0,Source Verified,2016-02-01,car,28.76,2001-12-01,18.0,1.0,5861.0,29.5,43.0,w,INDIVIDUAL,6.0,1.0,0,5.0,0,14.2,0.06
5000.0,36,12.99,168.45,C1,OWN,17500.0,Source Verified,2014-10-01,debt_consolidation,24.21,1996-10-01,8.0,0.0,4020.0,29.8,13.0,f,INDIVIDUAL,0.0,0.0,0,6.0,0,18.0,0.286
13500.0,60,10.59,290.77,B2,MORTGAGE,61000.0,Not Verified,2011-07-01,home_improvement,11.59,1991-10-01,10.0,0.0,10331.0,19.1,37.0,f,INDIVIDUAL,2.0,0.0,0,10.0,0,19.7,0.221
10000.0,36,11.14,328.06,B2,MORTGAGE,38000.0,Not Verified,2012-07-01,debt_consolidation,16.83,1995-10-01,6.0,0.0,6517.0,59.8,23.0,f,INDIVIDUAL,0.0,0.0,0,8.0,0,16.8,0.263
15000.0,36,9.17,478.19,B1,MORTGAGE,90000.0,Source Verified,2014-10-01,credit_card,8.28,1998-08-01,14.0,0.0,16487.0,44.1,31.0,f,INDIVIDUAL,2.0,0.0,0,10.0,0,16.2,0.167
16000.0,36,11.14,524.89,B2,MORTGAGE,57000.0,Source Verified,2013-04-01,debt_consolidation,9.77,1999-08-01,3.0,0.0,16057.0,84.5,12.0,f,INDIVIDUAL,1.0,0.0,0,3.0,0,13.7,0.281
35000.0,60,16.99,869.66,D3,MORTGAGE,78000.0,Verified,2015-02-01,credit_card,26.99,2003-07-01,23.0,0.0,41111.0,51.5,44.0,w,INDIVIDUAL,2.0,0.0,0,6.0,0,11.6,0.449
6400.0,36,7.9,200.26,A4,RENT,145000.0,Not Verified,2012-10-01,debt_consolidation,12.06,2004-10-01,9.0,0.0,17304.0,60.3,23.0,f,INDIVIDUAL,0.0,0.0,0,3.0,0,8.0,0.044
4200.0,36,17.56,150.92,D1,RENT,39000.0,Source Verified,2013-08-01,vacation,28.09,2001-04-01,11.0,0.0,12296.0,79.2,19.0,f,INDIVIDUAL,0.0,0.0,0,4.0,0,12.3,0.108
26000.0,60,13.18,593.98,C3,MORTGAGE,80000.0,Not Verified,2015-11-01,debt_consolidation,19.77,1990-08-01,6.0,0.0,24836.0,79.7,13.0,w,INDIVIDUAL,3.0,0.0,0,10.0,0,25.3,0.325
5825.0,36,11.55,192.23,B3,MORTGAGE,21000.0,Source Verified,2013-07-01,credit_card,21.2,1991-10-01,8.0,0.0,11819.0,26.6,17.0,f,INDIVIDUAL,0.0,0.0,0,0.0,0,21.7,0.277
8000.0,36,13.35,270.91,C2,OWN,100000.0,Source Verified,2014-09-01,credit_card,10.92,1999-05-01,14.0,0.0,8797.0,73.3,32.0,f,INDIVIDUAL,3.0,0.0,0,8.0,0,15.3,0.08
10000.0,36,15.59,349.55,D1,RENT,65000.0,Source Verified,2014-12-01,debt_consolidation,8.29,2003-07-01,4.0,1.0,3790.0,79.0,14.0,f,INDIVIDUAL,2.0,1.0,1,5.0,0,11.4,0.154
10000.0,60,10.99,217.38,B4,RENT,120000.0,Source Verified,2015-06-01,debt_consolidation,7.93,1983-08-01,16.0,0.0,6596.0,28.7,36.0,w,INDIVIDUAL,4.0,0.0,0,8.0,0,31.8,0.083
4250.0,36,16.24,149.93,C5,MORTGAGE,33000.0,Verified,2013-12-01,credit_card,26.15,1992-06-01,13.0,0.0,19563.0,81.9,26.0,f,INDIVIDUAL,3.0,0.0,1,8.0,0,21.5,0.129
12000.0,60,13.18,274.15,C3,MORTGAGE,150000.0,Not Verified,2015-12-01,debt_consolidation,6.46,1987-11-01,11.0,2.0,30972.0,12.3,24.0,w,INDIVIDUAL,2.0,0.0,0,10.0,0,28.1,0.08
7000.0,36,10.0,225.88,B2,RENT,28500.0,Verified,2011-04-01,home_improvement,1.68,2006-06-01,3.0,0.0,922.0,21.0,6.0,f,INDIVIDUAL,0.0,0.0,0,0.0,0,4.8,0.246
27000.0,36,7.9,844.84,A4,MORTGAGE,80000.0,Verified,2012-09-01,debt_consolidation,27.79,2002-10-01,5.0,0.0,34372.0,86.3,16.0,f,INDIVIDUAL,0.0,0.0,0,2.0,0,9.9,0.338
15000.0,36,11.47,494.43,B5,OWN,75000.0,Source Verified,2016-05-01,credit_card,13.65,1999-02-01,9.0,1.0,6325.0,83.2,25.0,f,INDIVIDUAL,0.0,1.0,0,10.0,0,17.2,0.2
8500.0,36,6.03,258.71,A1,RENT,59000.0,Not Verified,2014-10-01,credit_card,23.35,1988-06-01,28.0,0.0,3062.0,3.3,39.0,f,INDIVIDUAL,0.0,0.0,0,10.0,0,26.3,0.144
15000.0,36,13.05,505.78,B5,MORTGAGE,85000.0,Verified,2013-07-01,debt_consolidation,27.82,1997-11-01,12.0,0.0,11912.0,42.8,34.0,f,INDIVIDUAL,2.0,0.0,1,10.0,0,15.7,0.176
35000.0,36,24.33,1379.23,G2,MORTGAGE,102656.0,Verified,2012-04-01,other,17.94,1996-03-01,31.0,0.0,16490.0,50.3,57.0,f,INDIVIDUAL,3.0,0.0,0,3.0,0,16.1,0.341
16000.0,60,19.99,423.82,E3,MORTGAGE,67000.0,Verified,2015-01-01,debt_consolidation,19.13,1991-09-01,20.0,0.0,19169.0,34.5,39.0,f,INDIVIDUAL,7.0,0.0,0,10.0,0,23.3,0.239
2500.0,36,8.9,79.39,A5,MORTGAGE,33600.0,Not Verified,2011-09-01,major_purchase,14.64,2003-07-01,4.0,0.0,5697.0,81.4,10.0,f,INDIVIDUAL,0.0,0.0,0,3.0,0,8.2,0.074
10000.0,36,10.99,327.36,B4,RENT,95000.0,Verified,2010-04-01,debt_consolidation,13.98,1984-10-01,10.0,0.0,25540.0,52.2,18.0,f,INDIVIDUAL,1.0,0.0,0,4.0,0,25.5,0.105
25000.0,36,5.32,752.87,A1,MORTGAGE,105000.0,Not Verified,2015-10-01,credit_card,22.88,1992-02-01,17.0,0.0,17903.0,17.3,30.0,w,INDIVIDUAL,6.0,0.0,0,10.0,0,23.7,0.238
5000.0,36,8.9,158.77,A5,RENT,20000.0,Source Verified,2014-04-01,debt_consolidation,28.45,2010-03-01,6.0,0.0,5443.0,69.8,8.0,w,INDIVIDUAL,0.0,0.0,0,1.0,0,4.1,0.25
2700.0,36,10.74,88.07,B2,RENT,32000.0,Source Verified,2012-06-01,other,20.78,2005-08-01,2.0,0.0,0.0,0.0,7.0,f,INDIVIDUAL,0.0,0.0,0,4.0,0,6.8,0.084
20000.0,60,15.61,482.23,C4,MORTGAGE,95000.0,Source Verified,2013-12-01,credit_card,11.41,1999-10-01,9.0,0.0,29578.0,87.4,30.0,f,INDIVIDUAL,5.0,0.0,0,8.0,0,14.2,0.211
10000.0,60,9.16,208.37,B2,OWN,30000.0,Not Verified,2016-03-01,debt_consolidation,1.0,1986-06-01,3.0,0.0,11132.0,42.8,22.0,w,INDIVIDUAL,3.0,0.0,0,9.0,0,29.7,0.333
18075.0,60,19.72,476.07,D5,MORTGAGE,46519.0,Verified,2012-07-01,credit_card,24.04,1996-04-01,18.0,0.0,23292.0,88.9,34.0,f,INDIVIDUAL,1.0,0.0,0,7.0,0,16.2,0.389
17050.0,36,12.99,574.4,B4,RENT,38688.0,Not Verified,2013-09-01,credit_card,29.81,1997-08-01,5.0,0.0,20600.0,77.2,19.0,f,INDIVIDUAL,0.0,0.0,1,9.0,0,16.1,0.441
8000.0,36,10.75,260.97,B4,MORTGAGE,42000.0,Verified,2016-02-01,debt_consolidation,11.17,2004-03-01,7.0,1.0,4658.0,34.8,16.0,w,INDIVIDUAL,2.0,0.0,0,3.0,0,11.9,0.19
6400.0,36,12.99,215.62,B4,MORTGAGE,38900.0,Source Verified,2013-10-01,debt_consolidation,16.13,2005-06-01,13.0,2.0,7453.0,21.8,27.0,f,INDIVIDUAL,4.0,1.0,0,6.0,0,8.3,0.165
13000.0,36,14.33,446.4,C2,RENT,56000.0,Not Verified,2013-07-01,debt_consolidation,6.75,1999-11-01,6.0,0.0,5827.0,85.7,12.0,f,INDIVIDUAL,0.0,0.0,0,6.0,0,13.7,0.232
4800.0,36,10.0,154.89,B2,MORTGAGE,23000.0,Not Verified,2011-04-01,small_business,23.37,2004-11-01,3.0,0.0,14180.0,42.1,6.0,f,INDIVIDUAL,0.0,0.0,0,2.0,0,6.4,0.209
9000.0,36,8.18,282.78,B1,MORTGAGE,52000.0,Source Verified,2015-10-01,debt_consolidation,7.58,1994-07-01,8.0,0.0,3825.0,13.1,53.0,w,INDIVIDUAL,9.0,0.0,0,10.0,0,21.3,0.173
20000.0,60,18.25,510.6,E1,MORTGAGE,95000.0,Source Verified,2015-04-01,home_improvement,20.09,1981-01-01,18.0,1.0,28494.0,54.7,31.0,w,INDIVIDUAL,1.0,1.0,0,10.0,0,34.2,0.211
9125.0,36,8.6,288.48,A4,RENT,31740.98,Not Verified,2013-10-01,credit_card,14.93,1989-04-01,9.0,0.0,9619.0,62.1,23.0,f,INDIVIDUAL,0.0,0.0,0,3.0,0,24.5,0.287
8800.0,36,17.86,317.53,D5,RENT,21000.0,Verified,2015-08-01,debt_consolidation,24.63,1987-05-01,12.0,1.0,6700.0,36.2,50.0,w,INDIVIDUAL,0.0,1.0,1,6.0,1,28.3,0.419
10000.0,36,11.99,332.1,B3,RENT,45000.0,Verified,2014-05-01,credit_card,11.73,2008-06-01,10.0,0.0,7125.0,50.0,11.0,w,INDIVIDUAL,0.0,0.0,0,8.0,0,5.9,0.222
5000.0,36,6.03,152.18,A1,MORTGAGE,110000.0,Not Verified,2012-07-01,credit_card,5.16,1991-09-01,6.0,0.0,3948.0,22.7,15.0,f,INDIVIDUAL,0.0,0.0,0,10.0,0,20.8,0.045
20000.0,36,10.99,654.68,B2,MORTGAGE,105000.0,Verified,2013-12-01,home_improvement,24.26,1999-03-01,6.0,0.0,9871.0,86.6,32.0,f,INDIVIDUAL,2.0,0.0,0,0.0,0,14.8,0.19
5125.0,36,21.99,195.7,E4,RENT,90000.0,Verified,2014-02-01,debt_consolidation,10.52,2005-06-01,11.0,0.0,1391.0,18.5,18.0,f,INDIVIDUAL,0.0,0.0,1,9.0,0,8.7,0.057
9600.0,36,14.99,332.75,C5,MORTGAGE,40000.0,Not Verified,2014-10-01,credit_card,10.14,2002-10-01,11.0,1.0,9368.0,58.9,27.0,w,INDIVIDUAL,5.0,1.0,0,6.0,1,12.0,0.24
3500.0,36,7.62,109.07,A3,MORTGAGE,60000.0,Not Verified,2012-08-01,home_improvement,14.12,1986-08-01,14.0,0.0,15234.0,54.6,44.0,f,INDIVIDUAL,5.0,0.0,0,4.0,0,26.0,0.058
4200.0,36,15.88,147.42,C4,MORTGAGE,70000.0,Source Verified,2013-09-01,debt_consolidation,20.13,1996-12-01,18.0,0.0,21798.0,74.4,33.0,w,INDIVIDUAL,3.0,0.0,0,7.0,0,16.8,0.06
3000.0,36,10.0,96.81,B2,RENT,14400.0,Source Verified,2011-02-01,car,19.33,2005-06-01,9.0,0.0,3307.0,24.1,14.0,f,INDIVIDUAL,0.0,0.0,0,1.0,0,5.7,0.208
6000.0,36,11.46,197.75,B5,RENT,240000.0,Verified,2008-10-01,other,3.64,2000-01-01,4.0,0.0,58753.0,94.0,11.0,f,INDIVIDUAL,0.0,0.0,0,2.0,0,8.8,0.025
18125.0,60,21.67,497.2,E5,RENT,55000.0,Source Verified,2015-04-01,credit_card,5.0,2002-12-01,9.0,0.0,6458.0,76.9,14.0,w,INDIVIDUAL,0.0,0.0,1,1.0,0,12.3,0.33
8800.0,36,9.32,281.14,A4,RENT,23800.0,Not Verified,2009-08-01,major_purchase,2.37,1997-12-01,5.0,0.0,1483.0,5.3,8.0,f,INDIVIDUAL,0.0,0.0,0,2.0,0,11.7,0.37
5400.0,36,17.77,194.61,D1,RENT,28924.0,Verified,2013-03-01,credit_card,28.54,2006-04-01,8.0,0.0,9572.0,66.5,12.0,f,INDIVIDUAL,0.0,0.0,0,2.0,0,6.9,0.187
35000.0,60,14.65,826.24,C5,MORTGAGE,149000.0,Source Verified,2015-10-01,credit_card,14.73,1999-02-01,28.0,0.0,52935.0,53.4,48.0,w,INDIVIDUAL,4.0,0.0,0,4.0,0,16.7,0.235
4800.0,36,6.99,148.19,A3,MORTGAGE,51000.0,Not Verified,2015-01-01,credit_card,7.41,1999-06-01,13.0,0.0,2264.0,19.9,24.0,w,INDIVIDUAL,3.0,0.0,0,2.0,0,15.6,0.094
12000.0,36,6.03,365.23,A1,RENT,75000.0,Not Verified,2012-05-01,other,2.11,1996-08-01,12.0,0.0,5057.0,15.7,38.0,f,INDIVIDUAL,6.0,0.0,0,1.0,0,15.7,0.16
15000.0,60,14.49,352.85,C4,RENT,58000.0,Not Verified,2016-07-01,debt_consolidation,22.28,2001-03-01,9.0,0.0,12004.0,67.1,16.0,w,INDIVIDUAL,0.0,0.0,0,10.0,0,15.3,0.259
25000.0,60,10.36,350.3,B5,RENT,108000.0,Verified,2010-11-01,debt_consolidation,21.38,1986-08-01,16.0,0.0,61601.0,44.0,24.0,f,INDIVIDUAL,1.0,0.0,0,10.0,0,24.3,0.231
18000.0,60,15.59,433.82,D1,RENT,50500.0,Source Verified,2015-01-01,debt_consolidation,17.87,2004-08-01,8.0,0.0,14995.0,92.0,16.0,w,INDIVIDUAL,0.0,0.0,1,10.0,0,10.4,0.356
9425.0,36,8.39,297.05,B1,MORTGAGE,59148.0,Verified,2016-03-01,debt_consolidation,13.41,1979-01-01,7.0,1.0,7141.0,32.0,32.0,f,INDIVIDUAL,4.0,1.0,0,6.0,1,37.2,0.159
5500.0,36,15.22,191.26,C3,RENT,20000.0,Not Verified,2013-07-01,car,2.88,1987-10-01,5.0,0.0,2862.0,7.4,5.0,f,INDIVIDUAL,0.0,0.0,0,1.0,0,25.7,0.275
9900.0,36,7.9,309.78,A4,RENT,39000.0,Source Verified,2012-03-01,debt_consolidation,15.75,1987-07-01,16.0,0.0,13217.0,26.9,25.0,f,INDIVIDUAL,1.0,0.0,0,3.0,0,24.7,0.254
27575.0,36,10.49,896.13,B3,OWN,60000.0,Source Verified,2014-12-01,debt_consolidation,29.46,2003-07-01,8.0,0.0,41358.0,64.8,14.0,f,INDIVIDUAL,0.0,0.0,0,1.0,0,11.4,0.46
2675.0,36,17.57,96.14,D2,RENT,90000.0,Source Verified,2014-05-01,other,7.68,2008-04-01,9.0,0.0,3832.0,35.2,10.0,w,INDIVIDUAL,0.0,0.0,0,1.0,0,6.1,0.03
35000.0,60,25.57,1039.03,F5,MORTGAGE,100000.0,Verified,2014-10-01,debt_consolidation,28.08,1999-06-01,8.0,0.0,31859.0,88.0,45.0,f,INDIVIDUAL,5.0,0.0,1,0.0,0,15.3,0.35
16000.0,60,18.25,408.48,D3,RENT,75000.0,Source Verified,2016-04-01,other,16.5,2004-10-01,10.0,1.0,1208.0,17.3,30.0,w,INDIVIDUAL,1.0,1.0,0,10.0,0,11.5,0.213
15500.0,36,13.65,527.13,C1,MORTGAGE,83000.0,Verified,2014-03-01,debt_consolidation,14.87,2002-05-01,20.0,0.0,15941.0,66.1,32.0,f,INDIVIDUAL,1.0,0.0,0,8.0,0,11.8,0.187
13500.0,36,12.49,451.56,B5,MORTGAGE,115000.0,Not Verified,2014-07-01,major_purchase,13.1,1986-01-01,14.0,0.0,15820.0,91.4,15.0,f,INDIVIDUAL,2.0,0.0,1,0.0,0,28.5,0.117
4875.0,36,14.33,167.4,C1,RENT,35000.0,Not Verified,2013-06-01,debt_consolidation,22.39,2007-01-01,7.0,0.0,7324.0,86.2,13.0,f,INDIVIDUAL,0.0,0.0,0,0.0,0,6.4,0.139
5000.0,36,7.88,156.41,A5,MORTGAGE,45000.0,Source Verified,2010-07-01,small_business,5.07,1998-04-01,6.0,1.0,1426.0,15.0,13.0,f,INDIVIDUAL,0.0,1.0,0,4.0,0,12.2,0.111
13250.0,36,20.2,493.77,D5,OWN,55000.0,Not Verified,2013-10-01,debt_consolidation,20.86,1997-10-01,11.0,0.0,9694.0,83.6,35.0,f,INDIVIDUAL,4.0,0.0,0,8.0,0,16.0,0.241
32100.0,60,21.99,886.39,E5,MORTGAGE,70000.0,Verified,2015-01-01,debt_consolidation,28.41,1999-05-01,12.0,0.0,47796.0,60.2,23.0,w,INDIVIDUAL,2.0,0.0,0,10.0,0,15.7,0.459
35000.0,60,24.24,1011.77,F3,RENT,140000.0,Verified,2015-12-01,debt_consolidation,10.77,1994-04-01,21.0,0.0,68024.0,37.2,27.0,w,INDIVIDUAL,0.0,0.0,0,10.0,0,21.7,0.25
8500.0,36,13.35,287.84,C2,RENT,53000.0,Not Verified,2014-07-01,debt_consolidation,15.1,2003-09-01,13.0,0.0,2959.0,32.9,14.0,f,INDIVIDUAL,0.0,0.0,0,2.0,0,10.8,0.16
35000.0,60,21.15,949.83,E2,MORTGAGE,120000.0,Verified,2013-07-01,debt_consolidation,9.5,1997-08-01,12.0,0.0,44800.0,58.7,22.0,w,INDIVIDUAL,4.0,0.0,0,10.0,0,15.9,0.292
12000.0,36,12.69,402.54,C2,MORTGAGE,72000.0,Source Verified,2015-06-01,debt_consolidation,20.8,2001-01-01,9.0,0.0,11546.0,68.7,23.0,w,INDIVIDUAL,2.0,0.0,1,0.0,0,14.4,0.167
2000.0,36,12.69,67.09,C2,RENT,57000.0,Verified,2015-09-01,other,29.3,2003-09-01,26.0,0.0,15858.0,74.8,45.0,f,INDIVIDUAL,0.0,0.0,0,1.0,0,12.0,0.035
9000.0,36,10.49,292.48,B3,RENT,72000.0,Source Verified,2014-11-01,credit_card,19.02,1991-11-01,17.0,1.0,8740.0,43.9,31.0,f,INDIVIDUAL,2.0,1.0,0,4.0,0,23.0,0.125
19200.0,60,13.65,443.28,C1,MORTGAGE,78000.0,Not Verified,2014-03-01,credit_card,26.06,1999-10-01,11.0,0.0,29753.0,72.4,31.0,f,INDIVIDUAL,5.0,0.0,0,10.0,0,14.4,0.246
4000.0,36,9.17,127.52,B2,MORTGAGE,90000.0,Source Verified,2015-07-01,debt_consolidation,4.24,1990-01-01,8.0,1.0,10522.0,33.7,44.0,f,INDIVIDUAL,4.0,0.0,0,10.0,0,25.5,0.044
6000.0,36,7.89,187.72,A5,RENT,41240.0,Not Verified,2015-10-01,debt_consolidation,31.37,2008-09-01,18.0,0.0,4475.0,21.6,38.0,w,INDIVIDUAL,0.0,0.0,0,2.0,0,7.1,0.145
4750.0,36,13.11,160.3,B4,MORTGAGE,40500.0,Verified,2012-09-01,debt_consolidation,24.65,2008-07-01,11.0,0.0,11735.0,49.5,11.0,f,INDIVIDUAL,1.0,0.0,0,4.0,0,4.2,0.117
15000.0,36,12.18,499.5,B4,OWN,70000.0,Not Verified,2010-02-01,educational,2.18,1996-01-01,4.0,0.0,4509.0,60.1,8.0,f,INDIVIDUAL,0.0,0.0,1,0.0,0,14.1,0.214
21200.0,60,18.64,545.75,E1,MORTGAGE,45000.0,Source Verified,2012-01-01,debt_consolidation,21.12,1999-12-01,8.0,0.0,30022.0,78.6,19.0,f,INDIVIDUAL,1.0,0.0,0,10.0,0,12.1,0.471
7200.0,36,6.03,219.14,A1,MORTGAGE,84000.0,Source Verified,2013-03-01,house,11.35,1991-02-01,12.0,0.0,16329.0,31.8,20.0,f,INDIVIDUAL,1.0,0.0,0,3.0,0,22.1,0.086
17600.0,60,11.44,386.54,B4,MORTGAGE,180000.0,Verified,2014-11-01,other,18.15,1995-04-01,7.0,0.0,14619.0,89.1,15.0,w,INDIVIDUAL,4.0,0.0,0,10.0,0,19.6,0.098
5900.0,36,21.18,222.83,E3,RENT,75000.0,Source Verified,2014-04-01,debt_consolidation,4.38,1988-04-01,6.0,0.0,9400.0,94.0,16.0,w,INDIVIDUAL,0.0,0.0,1,0.0,0,26.0,0.079
11750.0,36,13.68,399.77,C1,MORTGAGE,75000.0,Not Verified,2013-08-01,credit_card,6.72,1990-02-01,13.0,0.0,13144.0,46.1,21.0,f,INDIVIDUAL,3.0,0.0,0,10.0,0,23.5,0.157
12000.0,36,12.85,403.47,B4,RENT,75000.0,Not Verified,2013-12-01,credit_card,6.98,2000-03-01,14.0,0.0,14379.0,49.6,25.0,f,INDIVIDUAL,0.0,0.0,0,2.0,0,13.8,0.16
35000.0,60,19.19,911.59,E3,MORTGAGE,225000.0,Source Verified,2015-07-01,credit_card,10.73,1991-04-01,6.0,0.0,33017.0,79.4,24.0,w,INDIVIDUAL,8.0,0.0,0,10.0,0,24.2,0.156
11975.0,60,25.99,358.47,G4,RENT,55000.0,Verified,2015-04-01,debt_consolidation,6.62,2008-01-01,5.0,0.0,1252.0,35.8,14.0,f,INDIVIDUAL,0.0,0.0,1,7.0,0,7.2,0.218
6500.0,36,6.03,197.84,A1,MORTGAGE,56000.0,Source Verified,2013-11-01,debt_consolidation,12.64,1988-05-01,12.0,0.0,6450.0,13.1,24.0,w,INDIVIDUAL,3.0,0.0,0,10.0,0,25.5,0.116
15000.0,36,8.39,472.75,A5,RENT,127500.0,Not Verified,2014-10-01,major_purchase,5.88,2011-05-01,9.0,0.0,11292.0,25.7,16.0,f,INDIVIDUAL,0.0,0.0,0,2.0,0,3.4,0.118
24000.0,60,24.08,691.55,F2,MORTGAGE,72000.0,Source Verified,2014-07-01,debt_consolidation,18.7,2002-08-01,8.0,0.0,17663.0,100.4,25.0,f,INDIVIDUAL,1.0,0.0,1,3.0,0,11.9,0.333
2400.0,36,19.05,88.04,D4,RENT,36000.0,Not Verified,2013-05-01,credit_card,27.63,2006-09-01,13.0,0.0,11779.0,88.9,28.0,f,INDIVIDUAL,0.0,0.0,1,0.0,0,6.7,0.067
9000.0,36,18.24,326.46,D5,RENT,30982.0,Verified,2014-10-01,credit_card,15.46,2005-05-01,10.0,0.0,8615.0,55.9,17.0,w,INDIVIDUAL,0.0,0.0,0,2.0,0,9.4,0.29
12000.0,60,9.75,253.5,B3,MORTGAGE,60000.0,Source Verified,2016-05-01,debt_consolidation,5.54,1998-08-01,7.0,0.0,10752.0,46.7,19.0,w,INDIVIDUAL,4.0,0.0,0,10.0,0,17.7,0.2
14000.0,60,13.99,325.69,C4,MORTGAGE,80000.0,Not Verified,2015-07-01,debt_consolidation,17.82,1996-02-01,34.0,1.0,14036.0,64.4,51.0,w,INDIVIDUAL,2.0,1.0,1,4.0,0,19.4,0.175
24500.0,60,14.65,578.37,C5,MORTGAGE,150000.0,Verified,2015-05-01,debt_consolidation,22.9,1998-10-01,20.0,0.0,106477.0,55.9,58.0,w,INDIVIDUAL,12.0,0.0,1,0.0,0,16.6,0.163
7650.0,36,6.49,234.44,A2,OWN,54000.0,Not Verified,2014-07-01,debt_consolidation,6.13,2004-02-01,11.0,0.0,6357.0,14.7,17.0,w,INDIVIDUAL,1.0,0.0,0,1.0,0,10.4,0.142
21000.0,60,15.27,502.57,C4,MORTGAGE,80000.0,Verified,2012-02-01,debt_consolidation,15.48,1999-04-01,8.0,0.0,28223.0,80.0,39.0,f,INDIVIDUAL,2.0,0.0,0,0.0,0,12.8,0.262
24000.0,36,9.17,765.1,B2,RENT,150000.0,Not Verified,2015-12-01,debt_consolidation,14.78,1990-04-01,7.0,0.0,44768.0,72.9,26.0,w,INDIVIDUAL,6.0,0.0,0,5.0,0,25.7,0.16
18650.0,36,9.71,599.25,B1,RENT,250000.0,Source Verified,2013-07-01,credit_card,12.73,1992-07-01,44.0,0.0,36139.0,27.2,62.0,f,INDIVIDUAL,6.0,0.0,0,2.0,0,21.0,0.075
18900.0,60,16.24,462.03,C5,MORTGAGE,56000.0,Verified,2014-02-01,debt_consolidation,15.97,1992-09-01,10.0,0.0,27240.0,67.6,24.0,f,INDIVIDUAL,7.0,0.0,0,6.0,1,21.4,0.338
15000.0,36,7.99,469.98,A4,MORTGAGE,70000.0,Not Verified,2016-07-01,debt_consolidation,7.8,2002-07-01,7.0,0.0,30407.0,61.1,16.0,f,INDIVIDUAL,6.0,0.0,0,10.0,0,14.0,0.214
19675.0,60,16.29,481.5,D2,MORTGAGE,43800.0,Verified,2014-05-01,home_improvement,17.48,2000-05-01,12.0,0.0,4854.0,17.7,25.0,f,INDIVIDUAL,0.0,0.0,0,6.0,1,14.0,0.449
2000.0,36,7.62,62.33,A3,MORTGAGE,40000.0,Not Verified,2013-10-01,major_purchase,6.3,1999-07-01,8.0,0.0,5233.0,26.7,13.0,f,INDIVIDUAL,3.0,0.0,0,2.0,0,14.3,0.05
9000.0,36,17.56,323.39,D1,RENT,45000.0,Source Verified,2013-06-01,debt_consolidation,21.81,1993-12-01,7.0,0.0,17861.0,88.4,18.0,w,INDIVIDUAL,1.0,0.0,0,0.0,0,19.5,0.2
8875.0,36,14.98,307.57,C3,MORTGAGE,22500.0,Not Verified,2013-12-01,debt_consolidation,19.95,1983-11-01,8.0,1.0,10971.0,38.5,17.0,f,INDIVIDUAL,0.0,1.0,0,10.0,0,30.1,0.394
21000.0,36,12.12,698.71,B3,MORTGAGE,200000.0,Verified,2012-11-01,debt_consolidation,29.98,1995-12-01,13.0,0.0,92543.0,94.6,31.0,w,INDIVIDUAL,2.0,0.0,0,1.0,0,16.9,0.105
10275.0,36,15.31,357.75,C2,OWN,50742.0,Source Verified,2013-01-01,credit_card,18.02,1973-08-01,8.0,0.0,10916.0,28.3,32.0,w,INDIVIDUAL,2.0,0.0,0,6.0,1,39.4,0.202
22000.0,36,6.89,678.2,A3,MORTGAGE,175000.0,Source Verified,2015-07-01,debt_consolidation,5.17,1996-11-01,16.0,0.0,14507.0,31.9,40.0,w,INDIVIDUAL,4.0,0.0,0,4.0,0,18.7,0.126
15000.0,36,7.9,469.36,A4,MORTGAGE,50000.0,Not Verified,2013-06-01,debt_consolidation,11.45,1999-10-01,14.0,0.0,18202.0,47.2,26.0,f,INDIVIDUAL,1.0,0.0,0,4.0,0,13.7,0.3
13750.0,60,18.75,354.8,D3,RENT,55000.0,Verified,2012-08-01,debt_consolidation,31.2,1999-09-01,16.0,0.0,26467.0,64.3,18.0,f,INDIVIDUAL,0.0,0.0,1,5.0,0,12.9,0.25
9750.0,36,17.77,351.37,D1,RENT,31548.0,Verified,2012-11-01,debt_consolidation,33.02,2007-03-01,11.0,0.0,8768.0,51.0,23.0,f,INDIVIDUAL,0.0,0.0,0,6.0,0,5.7,0.309
35000.0,60,25.78,1043.37,F5,RENT,125000.0,Source Verified,2015-10-01,debt_consolidation,24.42,2001-08-01,16.0,1.0,12278.0,54.8,48.0,f,INDIVIDUAL,7.0,1.0,1,1.0,0,14.2,0.28
12950.0,36,13.18,437.47,C3,RENT,85000.0,Source Verified,2015-12-01,debt_consolidation,1.07,2012-09-01,3.0,0.0,602.0,4.8,4.0,f,INDIVIDUAL,0.0,0.0,0,2.0,0,3.2,0.152
2750.0,36,6.49,84.28,A2,OWN,82500.0,Not Verified,2014-05-01,other,9.89,2003-09-01,15.0,0.0,1197.0,3.6,28.0,f,INDIVIDUAL,1.0,0.0,0,0.0,0,10.7,0.033
11875.0,36,8.9,377.07,A5,MORTGAGE,106000.0,Verified,2013-03-01,debt_consolidation,32.12,1994-05-01,15.0,0.0,39717.0,88.5,31.0,f,INDIVIDUAL,3.0,0.0,0,10.0,0,18.8,0.112
25000.0,60,13.35,573.32,C2,MORTGAGE,60000.0,Source Verified,2014-10-01,debt_consolidation,38.04,1996-11-01,18.0,0.0,42371.0,61.3,29.0,w,INDIVIDUAL,1.0,0.0,1,0.0,0,17.9,0.417
8800.0,36,8.59,278.17,A5,RENT,56913.0,Source Verified,2016-07-01,debt_consolidation,19.36,2000-07-01,13.0,0.0,6591.0,17.1,40.0,w,INDIVIDUAL,0.0,0.0,0,10.0,0,16.0,0.155
4200.0,36,10.78,137.07,B4,MORTGAGE,32448.0,Source Verified,2016-01-01,credit_card,13.39,2010-05-01,6.0,0.0,6304.0,45.0,9.0,w,INDIVIDUAL,1.0,0.0,0,2.0,0,5.7,0.129
13600.0,36,12.12,452.5,B3,MORTGAGE,80000.0,Not Verified,2012-07-01,debt_consolidation,10.26,2000-06-01,9.0,0.0,11956.0,57.8,33.0,f,INDIVIDUAL,5.0,0.0,0,8.0,0,12.1,0.17
7500.0,36,10.75,244.66,B4,RENT,85000.0,Source Verified,2016-02-01,debt_consolidation,13.84,1993-12-01,12.0,1.0,8896.0,44.3,44.0,w,INDIVIDUAL,8.0,1.0,0,1.0,0,22.2,0.088
3600.0,36,11.14,118.1,B2,RENT,12993.0,Verified,2013-05-01,car,6.0,2006-09-01,6.0,0.0,2203.0,29.8,8.0,w,INDIVIDUAL,0.0,0.0,0,6.0,1,6.7,0.277
6300.0,36,13.85,214.86,C4,RENT,12624.0,Not Verified,2010-04-01,other,6.27,2002-12-01,3.0,0.0,3234.0,68.8,6.0,f,INDIVIDUAL,0.0,0.0,1,6.0,1,7.3,0.499
15000.0,60,13.98,348.87,C3,MORTGAGE,40000.0,Not Verified,2014-07-01,debt_consolidation,10.71,1995-11-01,9.0,0.0,15486.0,63.0,21.0,w,INDIVIDUAL,3.0,0.0,0,10.0,0,18.7,0.375
21600.0,36,7.89,675.77,A5,RENT,90000.0,Source Verified,2015-02-01,debt_consolidation,23.01,1998-06-01,21.0,0.0,15016.0,40.4,56.0,w,INDIVIDUAL,0.0,0.0,0,3.0,0,16.7,0.24
3000.0,36,9.99,96.79,B1,OWN,68000.0,Not Verified,2013-10-01,debt_consolidation,26.35,1993-05-01,11.0,0.0,3816.0,28.5,29.0,f,INDIVIDUAL,3.0,0.0,0,10.0,0,20.4,0.044
20400.0,36,14.09,698.12,B5,RENT,95000.0,Source Verified,2012-08-01,credit_card,16.16,1992-10-01,16.0,0.0,28735.0,82.8,48.0,f,INDIVIDUAL,1.0,0.0,0,10.0,0,19.8,0.215
15000.0,36,10.49,487.47,B3,RENT,70000.0,Not Verified,2014-12-01,credit_card,26.72,2005-08-01,18.0,0.0,25364.0,62.3,46.0,f,INDIVIDUAL,0.0,0.0,0,0.0,0,9.3,0.214
2000.0,36,9.67,64.23,B1,MORTGAGE,90000.0,Not Verified,2014-05-01,home_improvement,17.61,2002-11-01,8.0,0.0,15849.0,51.0,34.0,f,INDIVIDUAL,7.0,0.0,0,10.0,0,11.5,0.022
8000.0,36,12.12,266.18,B3,MORTGAGE,90000.0,Not Verified,2012-10-01,debt_consolidation,9.68,1995-04-01,8.0,0.0,4236.0,86.4,34.0,f,INDIVIDUAL,2.0,0.0,0,0.0,0,17.5,0.089
10000.0,60,16.89,247.94,D4,MORTGAGE,65000.0,Source Verified,2011-05-01,debt_consolidation,10.84,1997-12-01,7.0,0.0,7459.0,73.1,24.0,f,INDIVIDUAL,1.0,0.0,0,10.0,0,13.4,0.154
17000.0,60,14.33,398.48,C1,MORTGAGE,68000.0,Verified,2012-10-01,debt_consolidation,10.89,1999-06-01,12.0,0.0,12173.0,63.1,35.0,f,INDIVIDUAL,5.0,0.0,0,6.0,0,13.3,0.25
7300.0,36,14.33,250.67,C1,MORTGAGE,72000.0,Verified,2013-05-01,debt_consolidation,25.75,2003-11-01,10.0,0.0,15726.0,60.0,17.0,f,INDIVIDUAL,1.0,0.0,0,9.0,0,9.5,0.101
10000.0,36,14.99,346.61,C5,MORTGAGE,65000.0,Verified,2014-11-01,debt_consolidation,24.5,2000-12-01,15.0,0.0,7027.0,39.7,62.0,w,INDIVIDUAL,2.0,0.0,1,10.0,0,13.9,0.154
16000.0,36,6.62,491.26,A2,MORTGAGE,120000.0,Not Verified,2013-08-01,home_improvement,9.22,2002-02-01,6.0,0.0,17211.0,71.1,21.0,f,INDIVIDUAL,4.0,0.0,0,7.0,0,11.5,0.133
16000.0,60,18.24,408.39,D5,MORTGAGE,68380.0,Source Verified,2014-05-01,other,28.67,2008-04-01,13.0,0.0,10120.0,81.0,14.0,w,INDIVIDUAL,0.0,0.0,0,2.0,0,6.1,0.234
24000.0,60,11.99,533.75,B5,MORTGAGE,70000.0,Source Verified,2015-01-01,debt_consolidation,11.67,1995-05-01,12.0,0.0,25670.0,73.1,19.0,f,INDIVIDUAL,3.0,0.0,0,2.0,0,19.7,0.343
12425.0,60,22.99,350.2,F2,RENT,77100.0,Verified,2015-08-01,debt_consolidation,10.49,2000-03-01,20.0,0.0,12763.0,54.9,30.0,f,INDIVIDUAL,1.0,0.0,1,4.0,0,15.4,0.161
32050.0,36,15.99,1126.63,C5,RENT,66800.0,Source Verified,2016-11-01,debt_consolidation,21.07,1994-03-01,10.0,0.0,7734.0,16.7,22.0,w,INDIVIDUAL,0.0,0.0,0,4.0,0,22.7,0.48
12000.0,36,12.12,399.26,B3,RENT,50000.0,Not Verified,2012-10-01,debt_consolidation,28.7,1995-08-01,14.0,0.0,27119.0,73.5,39.0,f,INDIVIDUAL,1.0,0.0,1,10.0,0,17.2,0.24
5000.0,36,10.49,162.49,B3,RENT,74000.0,Source Verified,2015-01-01,debt_consolidation,8.53,2009-06-01,9.0,0.0,3363.0,24.7,15.0,f,INDIVIDUAL,3.0,0.0,0,8.0,0,5.6,0.068
18000.0,60,13.33,412.61,C3,MORTGAGE,68430.38,Source Verified,2015-06-01,credit_card,15.96,2004-05-01,18.0,0.0,21832.0,67.6,19.0,w,INDIVIDUAL,1.0,0.0,0,10.0,0,11.1,0.263
10000.0,36,11.44,329.48,B4,MORTGAGE,65000.0,Source Verified,2014-11-01,debt_consolidation,38.4,1993-09-01,8.0,2.0,1587.0,13.2,33.0,f,INDIVIDUAL,4.0,0.0,0,4.0,0,21.2,0.154
15000.0,36,10.99,491.01,B2,RENT,175000.0,Not Verified,2014-03-01,credit_card,10.35,1991-09-01,9.0,0.0,25491.0,66.2,21.0,f,INDIVIDUAL,0.0,0.0,0,9.0,0,22.5,0.086
30750.0,60,21.15,834.49,E2,MORTGAGE,69000.0,Verified,2013-08-01,home_improvement,13.6,1995-11-01,13.0,0.0,0.0,0.0,25.0,f,INDIVIDUAL,1.0,0.0,0,5.0,0,17.7,0.446
28000.0,36,9.76,900.33,B1,MORTGAGE,98000.0,Source Verified,2012-02-01,debt_consolidation,21.26,1978-04-01,10.0,0.0,31168.0,81.8,28.0,f,INDIVIDUAL,2.0,0.0,1,8.0,0,33.8,0.286
7100.0,36,15.81,248.95,C4,RENT,18000.0,Source Verified,2012-05-01,debt_consolidation,16.13,2003-12-01,7.0,0.0,6616.0,67.5,9.0,f,INDIVIDUAL,0.0,0.0,0,1.0,0,8.4,0.394
12000.0,36,14.16,411.07,C2,RENT,50000.0,Verified,2014-03-01,debt_consolidation,29.52,2003-08-01,16.0,1.0,2175.0,9.5,37.0,w,INDIVIDUAL,0.0,1.0,0,10.0,0,10.6,0.24
12800.0,60,12.69,289.22,C2,RENT,50000.0,Source Verified,2015-06-01,debt_consolidation,11.02,2007-10-01,9.0,0.0,6407.0,62.8,11.0,w,INDIVIDUAL,0.0,0.0,0,3.0,0,7.7,0.256
25000.0,60,18.79,645.63,E3,MORTGAGE,78000.0,Verified,2011-08-01,small_business,3.63,1989-02-01,13.0,0.0,3708.0,21.2,34.0,f,INDIVIDUAL,2.0,0.0,0,10.0,0,22.5,0.321
17600.0,60,15.61,424.36,D1,RENT,52900.0,Verified,2015-10-01,credit_card,39.56,2003-07-01,14.0,0.0,42720.0,82.3,29.0,f,INDIVIDUAL,0.0,0.0,1,10.0,0,12.3,0.333
5000.0,36,14.49,172.09,C4,RENT,44000.0,Not Verified,2014-07-01,moving,14.57,2009-08-01,13.0,0.0,1257.0,30.7,23.0,f,INDIVIDUAL,0.0,0.0,0,1.0,0,4.9,0.114
21000.0,60,23.13,593.57,F3,MORTGAGE,57000.0,Verified,2012-05-01,debt_consolidation,20.29,2002-11-01,9.0,0.0,12102.0,85.8,25.0,f,INDIVIDUAL,1.0,0.0,0,9.0,0,9.5,0.368
30000.0,36,9.99,967.88,B3,RENT,104000.0,Source Verified,2015-09-01,debt_consolidation,20.71,2001-05-01,12.0,0.0,29366.0,64.8,15.0,w,INDIVIDUAL,0.0,0.0,0,1.0,0,14.3,0.288
4800.0,36,9.99,154.86,B3,OWN,65000.0,Source Verified,2015-10-01,debt_consolidation,5.67,1989-02-01,22.0,1.0,7825.0,19.7,53.0,f,INDIVIDUAL,0.0,1.0,0,10.0,0,26.7,0.074
16000.0,36,15.31,557.08,C2,RENT,42000.0,Not Verified,2012-08-01,credit_card,14.11,1999-02-01,11.0,0.0,16976.0,43.6,32.0,f,INDIVIDUAL,0.0,0.0,0,3.0,0,13.5,0.381
14000.0,60,13.33,320.92,C3,MORTGAGE,120000.0,Not Verified,2015-06-01,debt_consolidation,12.32,2002-06-01,6.0,0.0,51127.0,85.8,35.0,w,INDIVIDUAL,5.0,0.0,0,9.0,0,13.0,0.117
2500.0,36,7.4,77.65,A2,OTHER,186000.0,Not Verified,2009-09-01,major_purchase,4.06,1981-06-01,15.0,0.0,14063.0,50.2,33.0,f,INDIVIDUAL,2.0,0.0,0,3.0,0,28.3,0.013
6000.0,36,7.69,187.17,A4,RENT,86520.0,Not Verified,2014-06-01,credit_card,5.94,1994-08-01,8.0,1.0,6665.0,70.9,19.0,w,INDIVIDUAL,0.0,1.0,0,2.0,0,19.8,0.069
10000.0,36,11.99,332.1,B3,RENT,48000.0,Source Verified,2013-11-01,credit_card,12.53,2006-06-01,17.0,0.0,7166.0,32.7,33.0,w,INDIVIDUAL,0.0,0.0,1,2.0,0,7.4,0.208
8400.0,36,13.11,283.48,B4,MORTGAGE,34346.76,Verified,2012-10-01,debt_consolidation,26.48,2002-08-01,8.0,0.0,3814.0,46.0,23.0,f,INDIVIDUAL,2.0,0.0,0,6.0,1,10.2,0.245
23000.0,60,12.99,523.21,C2,MORTGAGE,51500.0,Source Verified,2015-01-01,credit_card,30.37,1997-04-01,14.0,0.0,24993.0,73.5,30.0,f,INDIVIDUAL,1.0,0.0,0,5.0,0,17.8,0.447
21000.0,60,17.86,531.67,D5,MORTGAGE,190000.0,Source Verified,2014-11-01,debt_consolidation,12.92,1993-04-01,18.0,0.0,19433.0,67.7,55.0,w,INDIVIDUAL,8.0,0.0,0,10.0,0,21.6,0.111
3000.0,36,13.49,101.8,C2,RENT,25000.0,Source Verified,2016-08-01,credit_card,15.41,1999-02-01,24.0,0.0,4062.0,57.2,39.0,w,INDIVIDUAL,0.0,0.0,0,1.0,0,17.5,0.12
6000.0,36,7.9,187.75,A4,MORTGAGE,240000.0,Source Verified,2013-04-01,debt_consolidation,4.76,1995-01-01,10.0,0.0,5244.0,69.0,26.0,w,INDIVIDUAL,4.0,0.0,0,5.0,0,18.2,0.025
35000.0,36,14.3,1201.33,C1,RENT,86000.0,Verified,2013-12-01,debt_consolidation,30.16,1983-09-01,8.0,0.0,23911.0,80.5,27.0,f,INDIVIDUAL,5.0,0.0,0,8.0,0,30.3,0.407
3200.0,36,8.18,100.55,B1,RENT,65000.0,Source Verified,2015-11-01,major_purchase,28.45,2002-01-01,16.0,0.0,8385.0,27.3,38.0,w,INDIVIDUAL,0.0,0.0,0,2.0,0,13.8,0.049
10000.0,36,8.9,317.54,A5,RENT,60353.0,Not Verified,2014-02-01,credit_card,16.82,1999-09-01,12.0,0.0,10345.0,63.5,15.0,w,INDIVIDUAL,0.0,0.0,1,10.0,0,14.4,0.166
16000.0,36,14.33,549.42,C1,MORTGAGE,185000.0,Verified,2013-07-01,credit_card,16.78,1981-06-01,18.0,0.0,60755.0,75.9,58.0,f,INDIVIDUAL,3.0,0.0,0,10.0,0,32.1,0.086
18000.0,36,8.9,571.56,A5,RENT,80000.0,Not Verified,2014-01-01,debt_consolidation,8.96,1990-01-01,8.0,0.0,12093.0,55.2,23.0,w,INDIVIDUAL,1.0,0.0,0,5.0,0,24.0,0.225
24000.0,60,18.25,612.72,D2,MORTGAGE,60000.0,Verified,2013-09-01,debt_consolidation,11.98,1993-12-01,12.0,0.0,13855.0,72.5,25.0,f,INDIVIDUAL,2.0,0.0,0,10.0,0,19.8,0.4
10000.0,36,7.26,309.97,A4,MORTGAGE,115000.0,Not Verified,2015-11-01,home_improvement,0.69,1998-02-01,4.0,0.0,3356.0,8.5,9.0,w,INDIVIDUAL,1.0,0.0,0,5.0,0,17.7,0.087
20000.0,60,25.8,596.45,G1,MORTGAGE,57000.0,Verified,2014-12-01,debt_consolidation,24.31,2002-09-01,14.0,0.0,24396.0,92.8,22.0,w,INDIVIDUAL,1.0,0.0,1,8.0,0,12.2,0.351
10000.0,36,16.29,353.01,C4,RENT,40000.0,Not Verified,2013-05-01,debt_consolidation,14.37,1996-03-01,18.0,0.0,7197.0,65.4,25.0,f,INDIVIDUAL,0.0,0.0,0,3.0,0,17.2,0.25
9600.0,36,13.65,326.48,C1,RENT,33000.0,Not Verified,2014-02-01,debt_consolidation,14.44,1995-01-01,15.0,0.0,6903.0,75.9,25.0,f,INDIVIDUAL,0.0,0.0,0,5.0,0,19.1,0.291
7000.0,36,16.29,247.11,C4,OWN,60000.0,Source Verified,2013-04-01,debt_consolidation,9.54,1990-09-01,16.0,0.0,5989.0,63.7,36.0,f,INDIVIDUAL,0.0,0.0,0,10.0,0,22.6,0.117
2200.0,36,7.9,68.84,A4,RENT,13500.0,Source Verified,2012-03-01,car,7.86,2004-11-01,10.0,0.0,1197.0,47.9,19.0,f,INDIVIDUAL,1.0,0.0,1,0.0,0,7.3,0.163
16000.0,36,10.99,523.75,B3,MORTGAGE,60000.0,Not Verified,2014-06-01,debt_consolidation,9.5,1998-06-01,12.0,0.0,7978.0,39.5,32.0,w,INDIVIDUAL,4.0,0.0,0,10.0,0,16.0,0.267
20000.0,36,14.09,684.43,B5,OWN,80000.0,Verified,2013-04-01,credit_card,15.54,2007-11-01,9.0,0.0,13156.0,62.1,12.0,f,INDIVIDUAL,0.0,0.0,0,2.0,0,5.4,0.25
35000.0,36,18.25,1269.73,D2,MORTGAGE,125000.0,Verified,2013-09-01,credit_card,20.94,1990-11-01,12.0,1.0,5512.0,41.8,26.0,f,INDIVIDUAL,4.0,1.0,0,10.0,0,22.8,0.28
8125.0,36,24.99,323.01,F4,OWN,25500.0,Verified,2014-07-01,credit_card,12.19,1999-05-01,6.0,0.0,7255.0,76.4,8.0,f,INDIVIDUAL,0.0,0.0,1,10.0,0,15.2,0.319
11000.0,36,7.89,344.15,A5,MORTGAGE,75000.0,Not Verified,2015-04-01,debt_consolidation,15.14,1993-06-01,9.0,0.0,9523.0,57.0,19.0,f,INDIVIDUAL,5.0,0.0,0,4.0,0,21.8,0.147
8150.0,36,11.99,270.66,B3,MORTGAGE,80000.0,Source Verified,2013-10-01,credit_card,5.63,1996-04-01,10.0,1.0,6559.0,33.3,22.0,f,INDIVIDUAL,3.0,1.0,0,10.0,0,17.5,0.102
22200.0,60,21.18,602.84,E3,RENT,68000.0,Verified,2016-02-01,debt_consolidation,26.23,2001-02-01,18.0,1.0,13205.0,77.7,24.0,w,INDIVIDUAL,0.0,0.0,1,0.0,0,15.0,0.326
24000.0,60,17.77,606.45,D1,OWN,95000.0,Verified,2012-12-01,debt_consolidation,22.51,1999-10-01,13.0,0.0,16122.0,59.9,44.0,w,INDIVIDUAL,1.0,0.0,0,6.0,0,13.2,0.253
12000.0,36,8.18,377.04,B1,MORTGAGE,109000.0,Not Verified,2015-03-01,debt_consolidation,13.13,1996-01-01,9.0,1.0,7515.0,49.4,26.0,w,INDIVIDUAL,4.0,0.0,0,1.0,0,19.2,0.11
24925.0,60,17.77,629.82,D1,MORTGAGE,56000.0,Verified,2013-03-01,debt_consolidation,24.84,1987-03-01,9.0,0.0,19531.0,70.5,24.0,w,INDIVIDUAL,4.0,0.0,0,10.0,0,26.0,0.445
10000.0,36,13.53,339.5,B5,RENT,60000.0,Not Verified,2014-01-01,credit_card,4.44,1992-10-01,7.0,1.0,7474.0,45.6,8.0,f,INDIVIDUAL,0.0,1.0,0,3.0,0,21.3,0.167
8000.0,36,13.11,269.98,B4,RENT,50000.0,Not Verified,2012-02-01,small_business,11.72,1996-08-01,8.0,0.0,7625.0,62.0,21.0,f,INDIVIDUAL,1.0,0.0,0,1.0,0,15.5,0.16
12800.0,36,15.33,445.79,D3,MORTGAGE,228000.0,Source Verified,2010-05-01,credit_card,19.46,1997-08-01,14.0,0.0,54719.0,96.0,45.0,f,INDIVIDUAL,3.0,0.0,0,9.0,0,12.7,0.056
10000.0,36,13.67,340.18,B5,RENT,45000.0,Source Verified,2012-03-01,debt_consolidation,6.67,2006-05-01,7.0,0.0,9375.0,53.9,10.0,f,INDIVIDUAL,0.0,0.0,1,6.0,0,5.8,0.222
8000.0,36,14.65,275.96,C2,RENT,75000.0,Source Verified,2012-05-01,medical,11.3,2007-09-01,8.0,0.0,7483.0,53.8,11.0,f,INDIVIDUAL,0.0,0.0,0,0.0,0,4.7,0.107
21925.0,60,22.15,607.42,E5,MORTGAGE,51000.0,Source Verified,2014-10-01,debt_consolidation,39.62,1998-02-01,22.0,0.0,26677.0,59.7,32.0,f,INDIVIDUAL,2.0,0.0,0,3.0,0,16.7,0.43
13000.0,36,12.99,437.96,C1,MORTGAGE,78000.0,Verified,2014-10-01,debt_consolidation,8.78,2002-02-01,17.0,0.0,12799.0,47.6,49.0,w,INDIVIDUAL,2.0,0.0,0,10.0,0,12.7,0.167
18900.0,60,16.55,465.16,D2,MORTGAGE,50000.0,Source Verified,2015-05-01,debt_consolidation,16.49,2002-11-01,11.0,0.0,12006.0,54.8,27.0,f,INDIVIDUAL,1.0,0.0,0,10.0,0,12.5,0.378
12500.0,60,12.69,282.44,C2,MORTGAGE,35000.0,Verified,2015-06-01,debt_consolidation,17.08,1987-05-01,8.0,0.0,1567.0,6.9,19.0,w,INDIVIDUAL,4.0,0.0,0,6.0,1,28.1,0.357
3825.0,36,16.59,135.6,D1,RENT,41000.0,Verified,2014-04-01,debt_consolidation,14.43,1996-03-01,8.0,1.0,1269.0,30.0,11.0,w,INDIVIDUAL,0.0,0.0,0,7.0,0,18.1,0.093
35000.0,60,22.35,973.64,E2,MORTGAGE,130000.0,Verified,2016-06-01,debt_consolidation,26.09,1994-04-01,10.0,0.0,66383.0,95.0,21.0,w,INDIVIDUAL,3.0,0.0,0,10.0,0,22.2,0.269
12000.0,36,8.9,381.04,A5,RENT,30000.0,Source Verified,2014-05-01,credit_card,20.16,2003-02-01,6.0,0.0,17327.0,70.1,15.0,w,INDIVIDUAL,0.0,0.0,0,3.0,0,11.2,0.4
5000.0,36,12.39,167.01,C1,RENT,65000.0,Source Verified,2015-01-01,debt_consolidation,6.89,2009-01-01,6.0,0.0,5300.0,99.8,7.0,w,INDIVIDUAL,2.0,0.0,0,7.0,0,6.0,0.077
35000.0,60,16.2,854.86,C4,MORTGAGE,100000.0,Verified,2013-10-01,debt_consolidation,13.38,2002-02-01,14.0,0.0,39127.0,48.7,26.0,f,INDIVIDUAL,1.0,0.0,0,7.0,0,11.7,0.35
7450.0,36,19.2,273.85,D3,RENT,45000.0,Verified,2013-10-01,debt_consolidation,25.81,2005-09-01,7.0,0.0,13146.0,87.6,24.0,w,INDIVIDUAL,0.0,0.0,0,10.0,0,8.1,0.166
8000.0,36,14.65,275.96,C5,RENT,35000.0,Not Verified,2015-06-01,debt_consolidation,22.29,2012-01-01,9.0,0.0,7035.0,57.7,10.0,w,INDIVIDUAL,0.0,0.0,0,3.0,0,3.4,0.229
18500.0,60,15.61,446.06,C3,RENT,60000.0,Source Verified,2013-10-01,debt_consolidation,7.06,1998-05-01,12.0,0.0,14581.0,37.4,29.0,f,INDIVIDUAL,6.0,0.0,0,9.0,0,15.4,0.308
10000.0,36,13.11,337.47,B4,RENT,45000.0,Not Verified,2012-04-01,debt_consolidation,12.21,1994-05-01,3.0,0.0,7943.0,89.2,24.0,f,INDIVIDUAL,0.0,0.0,0,10.0,0,17.9,0.222
12000.0,36,16.24,423.31,C5,RENT,95000.0,Not Verified,2014-01-01,house,19.33,2002-06-01,22.0,0.0,24578.0,72.9,34.0,f,INDIVIDUAL,0.0,0.0,0,6.0,0,11.6,0.126
4400.0,36,14.33,151.09,C1,RENT,56000.0,Not Verified,2012-09-01,credit_card,2.55,2006-05-01,7.0,0.0,7326.0,28.3,10.0,f,INDIVIDUAL,0.0,0.0,0,6.0,0,6.3,0.079
22000.0,36,10.99,720.15,B4,MORTGAGE,220258.0,Source Verified,2015-05-01,debt_consolidation,19.58,1997-11-01,23.0,0.0,29169.0,81.0,53.0,w,INDIVIDUAL,3.0,0.0,0,9.0,0,17.5,0.1
15600.0,36,12.99,525.56,C1,RENT,96000.0,Verified,2014-10-01,debt_consolidation,14.47,2007-06-01,6.0,0.0,11138.0,81.9,7.0,w,INDIVIDUAL,0.0,0.0,0,9.0,0,7.3,0.162
10000.0,36,12.12,332.72,B3,MORTGAGE,70000.0,Verified,2013-01-01,debt_consolidation,18.31,1985-06-01,14.0,2.0,7186.0,30.3,37.0,f,INDIVIDUAL,6.0,1.0,0,10.0,0,27.6,0.143
30000.0,36,12.99,1010.68,B5,RENT,107724.0,Not Verified,2014-02-01,small_business,28.3,2003-02-01,8.0,0.0,1654.0,12.3,51.0,w,INDIVIDUAL,0.0,0.0,0,3.0,0,11.0,0.278
18000.0,36,10.99,589.22,B4,MORTGAGE,54000.0,Not Verified,2015-06-01,credit_card,36.62,2001-02-01,20.0,0.0,50187.0,74.6,43.0,w,INDIVIDUAL,5.0,0.0,0,10.0,0,14.3,0.333
13000.0,36,8.9,412.8,A5,RENT,30000.0,Source Verified,2012-02-01,debt_consolidation,8.88,2001-12-01,11.0,0.0,9119.0,26.2,22.0,f,INDIVIDUAL,1.0,0.0,0,5.0,0,10.2,0.433
10000.0,36,14.65,344.95,C5,RENT,57800.0,Verified,2015-08-01,debt_consolidation,36.07,1994-10-01,10.0,0.0,13941.0,75.4,31.0,f,INDIVIDUAL,4.0,0.0,0,6.0,1,20.8,0.173
18000.0,60,13.67,415.76,C3,OWN,45000.0,Verified,2016-05-01,debt_consolidation,21.44,2004-11-01,9.0,1.0,7057.0,69.9,16.0,f,INDIVIDUAL,2.0,1.0,0,4.0,0,11.5,0.4
12000.0,36,14.27,411.71,C2,RENT,55484.0,Source Verified,2012-02-01,debt_consolidation,13.52,2005-07-01,7.0,0.0,14809.0,78.8,7.0,f,INDIVIDUAL,0.0,0.0,0,0.0,0,6.6,0.216
8000.0,36,9.75,257.2,B3,OWN,56000.0,Verified,2016-02-01,debt_consolidation,18.99,1997-07-01,12.0,0.0,3962.0,25.2,25.0,w,INDIVIDUAL,1.0,0.0,0,9.0,0,18.6,0.143
19000.0,36,13.47,644.53,C4,MORTGAGE,123000.0,Not Verified,2009-02-01,debt_consolidation,4.64,1993-02-01,24.0,0.0,7888.0,7.5,54.0,f,INDIVIDUAL,3.0,0.0,0,10.0,0,16.0,0.154
20000.0,36,14.09,684.43,B5,RENT,51200.0,Verified,2013-03-01,debt_consolidation,18.68,2004-01-01,11.0,0.0,13370.0,41.9,31.0,w,INDIVIDUAL,0.0,0.0,0,8.0,0,9.2,0.391
3600.0,36,19.72,133.28,D5,RENT,45136.0,Not Verified,2013-05-01,other,18.13,2000-11-01,7.0,0.0,6817.0,62.5,10.0,f,INDIVIDUAL,0.0,0.0,0,9.0,0,12.5,0.08
4000.0,36,7.39,124.23,A4,MORTGAGE,92000.0,Not Verified,2016-05-01,home_improvement,13.45,1996-11-01,14.0,0.0,23778.0,53.3,31.0,w,INDIVIDUAL,3.0,0.0,0,10.0,0,19.5,0.043
35000.0,60,19.97,926.71,D5,RENT,120000.0,Source Verified,2013-12-01,debt_consolidation,14.68,1992-05-01,8.0,0.0,21677.0,58.0,16.0,f,INDIVIDUAL,2.0,0.0,1,0.0,0,21.6,0.292
14400.0,36,12.99,485.13,B4,MORTGAGE,72500.0,Not Verified,2013-12-01,debt_consolidation,18.51,2002-11-01,18.0,0.0,12432.0,52.5,42.0,w,INDIVIDUAL,2.0,0.0,0,7.0,0,11.1,0.199
2000.0,36,16.99,71.3,D1,RENT,30000.0,Verified,2013-12-01,car,11.4,1974-05-01,11.0,1.0,3742.0,14.9,50.0,f,INDIVIDUAL,6.0,1.0,0,10.0,0,39.6,0.067
10975.0,36,14.65,378.58,C5,RENT,90000.0,Not Verified,2015-06-01,debt_consolidation,25.51,1998-07-01,10.0,1.0,1473.0,25.0,28.0,w,INDIVIDUAL,1.0,1.0,0,4.0,0,16.9,0.122
20000.0,60,15.8,484.24,C3,MORTGAGE,125000.0,Verified,2013-02-01,debt_consolidation,28.8,1977-07-01,23.0,0.0,34375.0,62.8,57.0,f,INDIVIDUAL,4.0,0.0,0,1.0,0,35.6,0.16
10250.0,60,21.18,278.34,E3,MORTGAGE,98000.0,Verified,2014-04-01,debt_consolidation,9.74,2006-03-01,12.0,1.0,3758.0,44.7,23.0,w,INDIVIDUAL,3.0,1.0,0,5.0,0,8.1,0.105
11950.0,60,19.52,313.42,E3,RENT,75000.0,Source Verified,2015-05-01,debt_consolidation,5.44,2012-02-01,10.0,0.0,6631.0,68.4,11.0,f,INDIVIDUAL,0.0,0.0,0,0.0,0,3.2,0.159
10850.0,36,22.15,415.21,E5,RENT,32000.0,Not Verified,2014-05-01,debt_consolidation,15.3,2003-05-01,8.0,0.0,11232.0,72.5,18.0,f,INDIVIDUAL,0.0,0.0,1,10.0,0,11.0,0.339
2000.0,36,17.86,72.17,D5,MORTGAGE,116000.0,Source Verified,2015-10-01,home_improvement,13.07,1998-09-01,8.0,0.0,6952.0,69.5,20.0,w,INDIVIDUAL,2.0,0.0,0,10.0,0,17.1,0.017
9000.0,36,18.75,328.77,D3,RENT,33000.0,Not Verified,2013-05-01,debt_consolidation,22.09,2003-05-01,6.0,0.0,6024.0,74.4,11.0,f,INDIVIDUAL,0.0,0.0,1,10.0,0,10.0,0.273
14000.0,36,12.99,471.65,B5,RENT,80000.0,Not Verified,2014-05-01,debt_consolidation,17.96,2000-04-01,12.0,0.0,12174.0,74.2,15.0,w,INDIVIDUAL,0.0,0.0,0,2.0,0,14.1,0.175
6400.0,36,12.69,214.69,C2,MORTGAGE,100000.0,Not Verified,2015-02-01,debt_consolidation,8.62,2000-06-01,9.0,0.0,4491.0,64.2,29.0,f,INDIVIDUAL,3.0,0.0,0,2.0,0,14.7,0.064
15000.0,60,12.42,336.86,B4,RENT,36000.0,Source Verified,2011-11-01,car,8.83,1999-08-01,5.0,0.0,10846.0,84.7,11.0,f,INDIVIDUAL,0.0,0.0,0,8.0,0,12.3,0.417
31500.0,36,7.12,974.36,A3,MORTGAGE,250000.0,Verified,2014-06-01,credit_card,4.18,1999-12-01,10.0,0.0,13544.0,20.1,30.0,w,INDIVIDUAL,12.0,0.0,0,2.0,0,14.5,0.126
4500.0,36,17.86,162.37,D5,RENT,10320.0,Source Verified,2015-04-01,debt_consolidation,5.23,1990-06-01,4.0,0.0,278.0,5.1,12.0,f,INDIVIDUAL,0.0,0.0,0,6.0,1,24.8,0.436
6500.0,36,7.9,203.39,A4,RENT,55000.0,Source Verified,2014-04-01,debt_consolidation,13.22,2004-05-01,10.0,0.0,5056.0,41.1,16.0,w,INDIVIDUAL,0.0,0.0,0,3.0,0,9.9,0.118
25000.0,60,18.25,638.25,E1,RENT,110000.0,Source Verified,2015-08-01,debt_consolidation,35.76,1999-09-01,5.0,0.0,73027.0,75.6,15.0,f,INDIVIDUAL,4.0,0.0,0,0.0,0,15.9,0.227
7000.0,36,18.49,254.8,D2,RENT,26000.0,Not Verified,2012-11-01,debt_consolidation,12.88,2006-02-01,4.0,0.0,4332.0,73.4,7.0,f,INDIVIDUAL,0.0,0.0,1,5.0,0,6.7,0.269
3000.0,36,7.91,93.89,A5,MORTGAGE,120000.0,Not Verified,2016-01-01,small_business,11.12,2003-03-01,8.0,0.0,15615.0,51.4,27.0,w,INDIVIDUAL,6.0,0.0,0,0.0,0,12.8,0.025
8000.0,36,20.49,299.31,E1,RENT,49800.0,Verified,2012-07-01,small_business,33.54,1997-07-01,12.0,0.0,46881.0,97.7,20.0,f,INDIVIDUAL,0.0,0.0,1,10.0,0,15.0,0.161
11000.0,36,12.42,367.57,B4,RENT,63000.0,Verified,2011-10-01,debt_consolidation,8.7,2005-12-01,6.0,0.0,13051.0,77.7,11.0,f,INDIVIDUAL,0.0,0.0,0,2.0,0,5.8,0.175
7000.0,36,14.99,242.63,C5,RENT,40000.0,Source Verified,2014-12-01,other,14.13,2000-10-01,5.0,0.0,1449.0,43.0,9.0,w,INDIVIDUAL,0.0,0.0,1,8.0,0,14.2,0.175
20000.0,36,12.88,672.73,C2,OWN,100000.0,Not Verified,2016-01-01,home_improvement,22.76,2000-09-01,13.0,1.0,45747.0,69.1,31.0,w,INDIVIDUAL,4.0,1.0,0,3.0,0,15.3,0.2
27200.0,36,12.05,904.08,C1,OWN,108000.0,Verified,2015-12-01,debt_consolidation,24.5,2003-09-01,9.0,0.0,47099.0,98.9,28.0,w,INDIVIDUAL,1.0,0.0,0,10.0,0,12.2,0.252
3200.0,36,18.99,117.29,E1,MORTGAGE,30000.0,Not Verified,2014-07-01,other,23.52,2000-06-01,8.0,2.0,3300.0,36.3,31.0,w,INDIVIDUAL,6.0,0.0,0,10.0,0,14.1,0.107
10000.0,36,13.11,337.47,B4,OWN,50000.0,Not Verified,2012-11-01,house,19.85,1998-10-01,10.0,0.0,10009.0,55.9,25.0,f,INDIVIDUAL,0.0,0.0,0,6.0,0,14.1,0.2
20000.0,60,12.49,449.86,B4,OWN,70000.0,Source Verified,2014-03-01,debt_consolidation,25.0,2001-12-01,5.0,0.0,18211.0,67.0,13.0,f,INDIVIDUAL,1.0,0.0,0,10.0,0,12.2,0.286
35000.0,60,12.69,790.82,C2,RENT,80000.0,Verified,2015-02-01,debt_consolidation,19.35,1981-12-01,18.0,0.0,19967.0,43.9,43.0,w,INDIVIDUAL,2.0,0.0,0,7.0,0,33.2,0.438
17050.0,36,13.53,578.85,B5,MORTGAGE,41800.0,Verified,2014-01-01,debt_consolidation,28.08,2001-01-01,19.0,1.0,9312.0,65.6,39.0,f,INDIVIDUAL,2.0,0.0,0,10.0,0,13.0,0.408
12800.0,36,19.99,475.63,D4,MORTGAGE,46000.0,Verified,2016-12-01,debt_consolidation,23.12,2004-05-01,16.0,2.0,10565.0,36.3,33.0,w,INDIVIDUAL,1.0,2.0,0,6.0,1,12.6,0.278
3000.0,36,7.62,93.49,A3,MORTGAGE,90000.0,Source Verified,2012-06-01,credit_card,17.16,1982-11-01,8.0,0.0,21854.0,52.1,24.0,f,INDIVIDUAL,9.0,0.0,0,10.0,0,29.6,0.033
3400.0,36,19.48,125.46,E2,RENT,40000.0,Source Verified,2016-01-01,debt_consolidation,32.25,2008-02-01,11.0,1.0,2351.0,44.4,27.0,w,INDIVIDUAL,0.0,0.0,0,2.0,0,7.9,0.085
10000.0,36,9.17,318.79,B2,RENT,80000.0,Source Verified,2015-07-01,debt_consolidation,9.83,2010-03-01,6.0,0.0,9189.0,84.3,19.0,w,INDIVIDUAL,0.0,0.0,0,2.0,0,5.3,0.125
10000.0,36,5.99,304.18,A2,MORTGAGE,108000.0,Not Verified,2011-09-01,credit_card,11.29,1997-05-01,8.0,0.0,9998.0,33.0,17.0,f,INDIVIDUAL,1.0,0.0,0,4.0,0,14.3,0.093
16000.0,60,13.98,372.13,C3,RENT,55000.0,Source Verified,2014-06-01,debt_consolidation,28.47,2006-05-01,8.0,0.0,5658.0,83.2,17.0,w,INDIVIDUAL,0.0,0.0,0,1.0,0,8.1,0.291
14000.0,36,7.89,438.0,A5,RENT,45000.0,Source Verified,2015-08-01,credit_card,11.97,2007-08-01,19.0,0.0,9079.0,34.3,32.0,w,INDIVIDUAL,1.0,0.0,0,0.0,0,8.0,0.311
27000.0,60,21.6,739.59,E3,RENT,61559.0,Verified,2013-07-01,debt_consolidation,25.61,1993-02-01,16.0,0.0,26902.0,78.7,33.0,w,INDIVIDUAL,0.0,0.0,0,10.0,0,20.4,0.439
35000.0,60,18.25,893.54,E1,MORTGAGE,110000.0,Source Verified,2015-10-01,debt_consolidation,16.26,2000-09-01,17.0,0.0,18716.0,82.8,39.0,f,INDIVIDUAL,4.0,0.0,1,10.0,0,15.1,0.318
2500.0,36,7.14,77.36,A3,MORTGAGE,33360.0,Not Verified,2010-05-01,major_purchase,14.75,1997-11-01,10.0,0.0,0.0,0.0,15.0,f,INDIVIDUAL,0.0,0.0,0,7.0,0,12.5,0.075
15000.0,36,6.03,456.54,A1,MORTGAGE,235000.0,Verified,2012-06-01,credit_card,9.87,1996-02-01,11.0,0.0,22714.0,24.7,23.0,f,INDIVIDUAL,2.0,0.0,0,10.0,0,16.3,0.064
7500.0,36,9.75,241.13,B3,RENT,110000.0,Not Verified,2016-03-01,debt_consolidation,15.52,1991-12-01,9.0,0.0,10640.0,92.0,17.0,f,INDIVIDUAL,2.0,0.0,0,10.0,0,24.2,0.068
19000.0,36,16.99,677.31,D1,RENT,48000.0,Verified,2014-01-01,debt_consolidation,20.0,2003-07-01,15.0,0.0,24502.0,67.9,26.0,f,INDIVIDUAL,0.0,0.0,0,0.0,0,10.5,0.396
14425.0,36,13.33,488.34,C3,RENT,107000.0,Source Verified,2015-10-01,debt_consolidation,26.74,1993-04-01,11.0,1.0,1900.0,19.0,36.0,w,INDIVIDUAL,4.0,1.0,0,10.0,0,22.5,0.135
7000.0,36,12.12,232.91,B3,RENT,45000.0,Not Verified,2012-08-01,debt_consolidation,5.97,1993-07-01,15.0,0.0,6555.0,21.9,23.0,f,INDIVIDUAL,0.0,0.0,0,0.0,0,19.1,0.156
10200.0,36,18.49,371.27,D2,MORTGAGE,63000.0,Verified,2013-01-01,medical,15.64,1978-08-01,11.0,1.0,6559.0,53.3,51.0,f,INDIVIDUAL,4.0,1.0,0,3.0,0,34.4,0.162
6800.0,36,7.9,212.78,A4,RENT,38352.0,Verified,2012-08-01,debt_consolidation,15.21,1992-01-01,11.0,0.0,7708.0,40.1,17.0,f,INDIVIDUAL,0.0,0.0,0,6.0,1,20.6,0.177
15000.0,36,6.89,462.41,A3,MORTGAGE,60000.0,Source Verified,2015-07-01,debt_consolidation,1.5,2000-06-01,5.0,0.0,3413.0,17.6,10.0,w,INDIVIDUAL,1.0,0.0,0,10.0,0,15.1,0.25
10000.0,36,9.17,318.79,B2,MORTGAGE,42000.0,Not Verified,2015-11-01,debt_consolidation,21.34,1996-01-01,11.0,0.0,11723.0,39.2,26.0,w,INDIVIDUAL,3.0,0.0,0,0.0,0,19.8,0.238
17500.0,36,18.25,634.87,E1,RENT,35000.0,Verified,2015-05-01,debt_consolidation,38.32,1998-02-01,32.0,0.0,22723.0,81.7,47.0,f,INDIVIDUAL,0.0,0.0,1,4.0,0,17.2,0.5
20000.0,60,12.59,450.88,C2,MORTGAGE,55000.0,Source Verified,2015-12-01,debt_consolidation,27.58,2004-02-01,23.0,0.0,20535.0,68.7,34.0,w,INDIVIDUAL,3.0,0.0,0,1.0,0,11.8,0.364
17325.0,60,18.55,445.15,D4,MORTGAGE,35831.0,Verified,2012-06-01,debt_consolidation,34.63,2000-02-01,8.0,0.0,24119.0,79.5,23.0,f,INDIVIDUAL,0.0,0.0,0,6.0,1,12.3,0.484
10500.0,36,13.98,358.77,C3,MORTGAGE,100000.0,Source Verified,2014-07-01,debt_consolidation,18.16,1996-02-01,12.0,0.0,26034.0,68.0,22.0,f,INDIVIDUAL,1.0,0.0,0,9.0,0,18.4,0.105
24000.0,36,6.03,730.46,A1,MORTGAGE,860000.0,Source Verified,2012-12-01,debt_consolidation,1.04,2000-01-01,12.0,0.0,50463.0,77.4,26.0,f,INDIVIDUAL,2.0,0.0,0,10.0,0,12.9,0.028
16800.0,60,19.22,437.84,D5,MORTGAGE,75000.0,Verified,2012-04-01,credit_card,14.66,1993-10-01,13.0,0.0,26732.0,61.9,18.0,f,INDIVIDUAL,3.0,0.0,0,10.0,0,18.5,0.224
15000.0,60,14.99,356.78,C5,RENT,75000.0,Source Verified,2014-10-01,debt_consolidation,16.27,2003-09-01,5.0,0.0,6797.0,94.4,17.0,w,INDIVIDUAL,1.0,0.0,0,0.0,0,11.1,0.2
12000.0,36,6.49,367.74,A2,MORTGAGE,58000.0,Verified,2014-05-01,credit_card,5.03,2003-08-01,2.0,0.0,13036.0,54.3,8.0,f,INDIVIDUAL,5.0,0.0,0,10.0,0,10.7,0.207
6000.0,36,9.49,192.17,B2,MORTGAGE,160000.0,Source Verified,2014-11-01,debt_consolidation,13.46,2004-08-01,18.0,1.0,22139.0,46.8,30.0,f,INDIVIDUAL,0.0,1.0,1,2.0,0,10.3,0.038
21000.0,36,13.99,717.63,C1,RENT,70000.0,Verified,2012-05-01,other,9.22,1995-05-01,5.0,0.0,10421.0,70.4,12.0,f,INDIVIDUAL,2.0,0.0,0,2.0,0,17.0,0.3
15000.0,36,7.9,469.36,A4,MORTGAGE,100000.0,Source Verified,2013-11-01,debt_consolidation,9.56,1999-05-01,11.0,0.0,17702.0,64.6,24.0,f,INDIVIDUAL,5.0,0.0,0,10.0,0,14.5,0.15
19600.0,36,12.39,654.66,C1,RENT,67000.0,Verified,2015-01-01,debt_consolidation,15.73,2010-01-01,8.0,1.0,6247.0,54.8,9.0,f,INDIVIDUAL,0.0,1.0,1,6.0,1,5.0,0.293
3075.0,36,14.3,105.55,C1,RENT,17000.0,Not Verified,2013-10-01,debt_consolidation,24.28,2003-03-01,6.0,0.0,2462.0,56.0,27.0,f,INDIVIDUAL,0.0,0.0,0,0.0,0,10.6,0.181
7325.0,36,19.52,270.44,E2,RENT,45000.0,Not Verified,2014-10-01,debt_consolidation,14.83,1995-03-01,21.0,0.0,11062.0,53.7,47.0,f,INDIVIDUAL,0.0,0.0,0,5.0,0,19.6,0.163
14000.0,36,7.89,438.0,A5,RENT,60000.0,Verified,2015-06-01,debt_consolidation,18.42,2001-11-01,6.0,1.0,6621.0,67.6,20.0,w,INDIVIDUAL,1.0,1.0,0,8.0,0,13.6,0.233
11200.0,36,12.69,375.71,C2,RENT,35000.0,Source Verified,2015-07-01,debt_consolidation,21.88,2005-06-01,8.0,0.0,5111.0,72.2,15.0,w,INDIVIDUAL,0.0,0.0,1,8.0,0,10.1,0.32
10000.0,36,7.69,311.94,A4,OWN,46000.0,Not Verified,2014-07-01,debt_consolidation,14.09,2001-08-01,10.0,0.0,9972.0,81.7,34.0,w,INDIVIDUAL,1.0,0.0,0,3.0,0,12.9,0.217
20000.0,36,8.39,630.34,B1,MORTGAGE,80000.0,Not Verified,2016-03-01,home_improvement,11.43,2004-03-01,11.0,1.0,3994.0,19.0,32.0,w,INDIVIDUAL,2.0,1.0,0,10.0,0,12.0,0.25
4200.0,36,15.61,146.86,D1,MORTGAGE,287000.0,Source Verified,2015-09-01,home_improvement,24.89,1995-05-01,17.0,0.0,34998.0,84.5,51.0,f,INDIVIDUAL,3.0,0.0,0,3.0,0,20.3,0.015
8525.0,36,14.16,292.03,C2,RENT,52000.0,Source Verified,2014-04-01,debt_consolidation,9.92,2005-07-01,9.0,1.0,3108.0,23.7,23.0,w,INDIVIDUAL,0.0,1.0,0,0.0,0,8.8,0.164
22900.0,36,16.99,816.34,D3,MORTGAGE,86000.0,Verified,2015-09-01,credit_card,26.54,2003-07-01,14.0,0.0,7639.0,39.2,70.0,f,INDIVIDUAL,5.0,0.0,0,7.0,0,12.2,0.266
3000.0,36,8.99,95.39,B1,MORTGAGE,135000.0,Source Verified,2016-06-01,home_improvement,16.75,2002-03-01,19.0,0.0,656.0,5.6,48.0,w,INDIVIDUAL,4.0,0.0,0,10.0,0,14.3,0.022
8000.0,36,12.69,268.36,C2,RENT,31000.0,Not Verified,2015-10-01,debt_consolidation,29.07,2010-07-01,13.0,0.0,9414.0,23.4,19.0,w,INDIVIDUAL,0.0,0.0,1,6.0,1,5.3,0.258
5000.0,36,11.99,166.05,B3,MORTGAGE,53000.0,Source Verified,2014-02-01,credit_card,15.74,2001-04-01,10.0,0.0,19870.0,70.0,28.0,w,INDIVIDUAL,2.0,0.0,0,10.0,0,12.8,0.094
15000.0,36,13.35,507.95,C2,OWN,35000.0,Verified,2014-07-01,credit_card,20.16,2006-04-01,11.0,0.0,18556.0,57.6,13.0,w,INDIVIDUAL,0.0,0.0,1,6.0,1,8.2,0.429
10000.0,36,10.99,327.34,B2,MORTGAGE,47670.0,Verified,2014-01-01,credit_card,4.61,2007-06-01,5.0,0.0,9197.0,58.6,17.0,f,INDIVIDUAL,1.0,0.0,0,6.0,1,6.6,0.21
35000.0,36,12.49,1170.71,B5,MORTGAGE,164542.0,Verified,2014-05-01,debt_consolidation,18.38,1986-10-01,10.0,0.0,35629.0,67.3,28.0,f,INDIVIDUAL,5.0,0.0,0,9.0,0,27.6,0.213
18000.0,60,14.49,423.42,C4,RENT,60000.0,Verified,2014-10-01,credit_card,24.4,1986-10-01,16.0,0.0,32429.0,91.3,23.0,w,INDIVIDUAL,0.0,0.0,1,2.0,0,28.0,0.3
15000.0,36,8.39,472.75,B1,MORTGAGE,170000.0,Not Verified,2016-02-01,debt_consolidation,6.9,1989-12-01,7.0,0.0,4859.0,13.9,29.0,w,INDIVIDUAL,7.0,0.0,0,10.0,0,26.2,0.088
3000.0,36,15.61,104.9,D1,RENT,55000.0,Source Verified,2015-07-01,home_improvement,25.07,2004-07-01,23.0,0.0,29642.0,57.6,35.0,f,INDIVIDUAL,0.0,0.0,1,1.0,0,11.0,0.055
16450.0,60,15.61,396.64,D1,RENT,57336.0,Source Verified,2014-08-01,debt_consolidation,21.05,2007-06-01,6.0,0.0,10162.0,43.1,17.0,w,INDIVIDUAL,0.0,0.0,1,1.0,0,7.2,0.287
6000.0,36,14.3,205.95,C1,MORTGAGE,62000.0,Not Verified,2013-10-01,credit_card,20.69,1995-12-01,11.0,0.0,8000.0,63.0,33.0,f,INDIVIDUAL,4.0,0.0,0,10.0,0,17.8,0.097
20000.0,36,11.36,658.23,B5,MORTGAGE,75000.0,Not Verified,2010-02-01,credit_card,19.65,1990-10-01,19.0,0.0,51027.0,41.8,49.0,f,INDIVIDUAL,3.0,0.0,0,10.0,0,19.3,0.267
22000.0,60,18.49,564.54,D2,MORTGAGE,65000.0,Source Verified,2012-11-01,home_improvement,17.82,1987-10-01,9.0,0.0,13498.0,50.4,23.0,f,INDIVIDUAL,2.0,0.0,0,10.0,0,25.1,0.338
4000.0,36,9.17,127.52,B2,MORTGAGE,88000.0,Not Verified,2015-04-01,home_improvement,13.89,1993-05-01,21.0,0.0,11239.0,60.4,45.0,f,INDIVIDUAL,1.0,0.0,0,10.0,0,21.9,0.045
12000.0,60,12.42,269.49,B4,MORTGAGE,64000.0,Verified,2011-11-01,debt_consolidation,23.78,1998-09-01,8.0,0.0,26675.0,87.7,15.0,f,INDIVIDUAL,0.0,0.0,1,4.0,0,13.2,0.188
11400.0,36,8.39,359.29,A5,MORTGAGE,122000.0,Not Verified,2014-07-01,credit_card,14.95,1988-07-01,6.0,0.0,11403.0,25.9,33.0,w,INDIVIDUAL,2.0,0.0,0,10.0,0,26.0,0.093
19200.0,36,7.9,600.78,A4,MORTGAGE,60000.0,Not Verified,2014-03-01,credit_card,16.24,2000-04-01,7.0,0.0,17934.0,48.9,22.0,w,INDIVIDUAL,5.0,0.0,0,2.0,0,13.9,0.32
5825.0,36,17.77,209.92,D1,RENT,20108.0,Verified,2013-06-01,debt_consolidation,29.18,2000-07-01,7.0,0.0,8277.0,94.1,10.0,f,INDIVIDUAL,0.0,0.0,0,1.0,0,12.9,0.29
16000.0,36,19.05,586.91,D4,RENT,75447.0,Verified,2013-06-01,debt_consolidation,23.24,1987-12-01,9.0,0.0,9737.0,91.0,38.0,f,INDIVIDUAL,6.0,0.0,0,6.0,1,25.5,0.212
8000.0,36,17.27,286.3,C5,MORTGAGE,38000.0,Not Verified,2013-06-01,debt_consolidation,19.42,2007-09-01,6.0,0.0,5515.0,78.8,13.0,f,INDIVIDUAL,1.0,0.0,1,7.0,0,5.7,0.211
7000.0,36,14.65,241.46,C5,RENT,44000.0,Source Verified,2015-10-01,other,11.43,1992-11-01,11.0,1.0,5859.0,27.0,46.0,w,INDIVIDUAL,0.0,1.0,0,2.0,0,22.9,0.159
10000.0,36,11.55,330.0,B3,MORTGAGE,165000.0,Not Verified,2013-07-01,major_purchase,9.52,1991-03-01,12.0,0.0,26333.0,76.1,29.0,f,INDIVIDUAL,4.0,0.0,0,3.0,0,22.3,0.061
12000.0,36,13.68,408.27,C1,MORTGAGE,59000.0,Not Verified,2013-07-01,debt_consolidation,8.99,1993-07-01,12.0,0.0,12631.0,69.8,38.0,w,INDIVIDUAL,2.0,0.0,0,10.0,0,20.0,0.203
6000.0,36,11.99,199.26,B3,MORTGAGE,68000.0,Not Verified,2014-03-01,debt_consolidation,18.76,2003-03-01,14.0,0.0,11618.0,31.1,28.0,w,INDIVIDUAL,5.0,0.0,0,10.0,0,11.0,0.088
3300.0,36,8.9,104.79,A5,RENT,11400.0,Verified,2012-10-01,medical,30.84,1991-01-01,9.0,0.0,9310.0,77.6,13.0,f,INDIVIDUAL,0.0,0.0,0,6.0,1,21.7,0.289
6250.0,36,17.77,225.24,D1,RENT,22000.0,Not Verified,2013-01-01,major_purchase,20.95,2004-08-01,10.0,0.0,17537.0,77.2,16.0,f,INDIVIDUAL,0.0,0.0,0,6.0,0,8.4,0.284
12000.0,36,11.53,395.89,B5,MORTGAGE,65000.0,Source Verified,2015-07-01,credit_card,12.52,1999-09-01,10.0,1.0,8683.0,71.2,23.0,w,INDIVIDUAL,2.0,1.0,1,2.0,0,15.8,0.185
28000.0,36,9.67,899.15,B1,MORTGAGE,100000.0,Verified,2013-12-01,credit_card,28.18,2005-10-01,16.0,0.0,37086.0,81.0,27.0,f,INDIVIDUAL,4.0,0.0,0,0.0,0,8.2,0.28
5200.0,36,10.99,170.22,B3,RENT,110000.0,Not Verified,2014-06-01,other,19.98,1989-06-01,26.0,0.0,7189.0,17.4,81.0,w,INDIVIDUAL,4.0,0.0,0,0.0,0,25.0,0.047
7000.0,36,16.24,246.93,C5,RENT,59400.0,Not Verified,2013-12-01,debt_consolidation,16.63,2001-04-01,8.0,0.0,24254.0,90.5,22.0,f,INDIVIDUAL,0.0,0.0,0,2.0,0,12.7,0.118
8000.0,36,14.09,273.78,B5,MORTGAGE,47000.0,Not Verified,2012-11-01,credit_card,14.6,1984-08-01,12.0,0.0,6039.0,55.9,35.0,w,INDIVIDUAL,6.0,0.0,0,10.0,0,28.3,0.17
24000.0,36,11.55,792.0,B3,RENT,95000.0,Verified,2013-08-01,debt_consolidation,20.48,1998-09-01,16.0,0.0,23465.0,75.9,32.0,f,INDIVIDUAL,3.0,0.0,0,8.0,0,14.9,0.253
5000.0,36,14.33,171.7,C1,MORTGAGE,100000.0,Verified,2013-04-01,debt_consolidation,18.28,1998-03-01,6.0,0.0,14882.0,97.9,25.0,w,INDIVIDUAL,5.0,0.0,0,10.0,0,15.1,0.05
17500.0,60,10.99,380.41,B4,RENT,77000.0,Source Verified,2015-06-01,credit_card,8.35,2007-08-01,7.0,0.0,16701.0,38.0,19.0,w,INDIVIDUAL,0.0,0.0,0,4.0,0,7.8,0.227
16000.0,36,17.57,575.0,D4,RENT,73000.0,Source Verified,2014-10-01,debt_consolidation,13.73,2008-02-01,9.0,0.0,10754.0,97.8,15.0,f,INDIVIDUAL,0.0,0.0,0,6.0,0,6.7,0.219
17475.0,36,21.48,662.69,E2,MORTGAGE,58913.9,Not Verified,2014-01-01,debt_consolidation,26.69,2003-05-01,14.0,0.0,20978.0,76.6,41.0,f,INDIVIDUAL,0.0,0.0,1,6.0,0,10.7,0.297
3000.0,36,11.49,98.92,B5,MORTGAGE,30000.0,Verified,2015-11-01,home_improvement,1.0,2005-01-01,4.0,0.0,1136.0,4.4,24.0,f,INDIVIDUAL,2.0,0.0,0,3.0,0,10.8,0.1
25975.0,60,18.64,668.68,E1,MORTGAGE,46000.0,Verified,2011-12-01,debt_consolidation,11.8,2005-07-01,6.0,0.0,11259.0,94.6,10.0,f,INDIVIDUAL,0.0,0.0,1,2.0,0,6.4,0.565
8000.0,36,14.33,274.71,C1,RENT,52500.0,Source Verified,2013-06-01,debt_consolidation,9.62,2004-05-01,13.0,0.0,4731.0,56.3,30.0,w,INDIVIDUAL,2.0,0.0,0,0.0,0,9.1,0.152
28000.0,60,18.84,723.88,E2,RENT,70000.0,Verified,2015-02-01,debt_consolidation,5.11,2010-09-01,16.0,0.0,3991.0,12.5,18.0,f,INDIVIDUAL,0.0,0.0,0,3.0,0,4.4,0.4
8000.0,36,15.7,280.09,D4,MORTGAGE,52800.0,Not Verified,2010-02-01,home_improvement,7.36,1997-01-01,8.0,0.0,10973.0,87.8,13.0,f,INDIVIDUAL,0.0,0.0,1,6.0,1,13.1,0.152
10000.0,36,17.27,357.88,D1,RENT,20000.0,Verified,2012-05-01,credit_card,23.56,2002-07-01,5.0,0.0,5431.0,69.6,8.0,f,INDIVIDUAL,0.0,0.0,0,4.0,0,9.8,0.5
1200.0,36,7.9,37.55,A4,RENT,55000.0,Not Verified,2013-02-01,credit_card,14.95,2006-05-01,12.0,0.0,1642.0,7.2,15.0,w,INDIVIDUAL,0.0,0.0,0,8.0,0,6.8,0.022
5725.0,36,15.61,200.18,D1,MORTGAGE,100000.0,Verified,2015-04-01,debt_consolidation,10.22,1998-09-01,9.0,1.0,2146.0,29.0,22.0,f,INDIVIDUAL,4.0,1.0,0,7.0,0,16.6,0.057
10625.0,36,6.99,328.03,A3,RENT,30000.0,Verified,2011-08-01,debt_consolidation,29.76,1995-06-01,6.0,0.0,13767.0,30.0,12.0,f,INDIVIDUAL,0.0,0.0,0,10.0,0,16.2,0.354
1000.0,36,19.2,36.76,D3,RENT,35000.0,Not Verified,2013-11-01,other,3.67,2006-01-01,8.0,0.0,999.0,62.4,14.0,f,INDIVIDUAL,0.0,0.0,0,4.0,0,7.8,0.029
24000.0,36,9.17,765.1,B2,MORTGAGE,275000.0,Not Verified,2015-05-01,debt_consolidation,18.23,1998-08-01,22.0,0.0,29893.0,65.0,64.0,w,INDIVIDUAL,3.0,0.0,0,10.0,0,16.7,0.087
17000.0,36,7.62,529.75,A3,MORTGAGE,120000.0,Not Verified,2014-03-01,credit_card,9.5,2006-11-01,5.0,0.0,17057.0,63.4,11.0,f,INDIVIDUAL,2.0,0.0,0,10.0,0,7.3,0.142
6000.0,36,16.78,213.26,C5,RENT,47000.0,Verified,2013-08-01,credit_card,17.95,2008-03-01,9.0,0.0,6409.0,54.8,12.0,f,INDIVIDUAL,0.0,0.0,0,5.0,0,5.4,0.128
8000.0,36,6.49,245.16,A2,RENT,37000.0,Not Verified,2014-10-01,credit_card,16.45,2004-09-01,8.0,0.0,7805.0,52.4,12.0,w,INDIVIDUAL,0.0,0.0,0,3.0,0,10.1,0.216
6000.0,36,10.16,194.06,B1,RENT,22000.0,Verified,2013-06-01,credit_card,30.27,2003-08-01,11.0,0.0,10754.0,43.5,14.0,f,INDIVIDUAL,0.0,0.0,0,0.0,0,9.8,0.273
16000.0,60,19.72,421.42,D5,RENT,70000.0,Source Verified,2012-12-01,debt_consolidation,18.38,2003-11-01,10.0,0.0,9443.0,81.4,13.0,w,INDIVIDUAL,0.0,0.0,0,2.0,0,9.1,0.229
25000.0,36,7.9,782.26,A4,MORTGAGE,150000.0,Verified,2013-12-01,credit_card,16.51,2000-03-01,16.0,0.0,24169.0,55.7,33.0,w,INDIVIDUAL,6.0,0.0,0,0.0,0,13.8,0.167
11500.0,60,17.57,289.35,D4,RENT,28800.0,Not Verified,2014-06-01,debt_consolidation,29.96,2001-12-01,20.0,1.0,12011.0,96.1,44.0,f,INDIVIDUAL,0.0,0.0,0,0.0,0,12.5,0.399
16000.0,36,7.89,500.58,A5,RENT,40000.0,Verified,2016-02-01,credit_card,11.73,1999-08-01,7.0,0.0,16429.0,100.8,38.0,f,INDIVIDUAL,0.0,0.0,0,3.0,0,16.5,0.4
2000.0,36,18.55,72.86,D2,RENT,90000.0,Verified,2013-11-01,other,7.24,1984-07-01,1.0,0.0,2995.0,99.8,14.0,f,INDIVIDUAL,3.0,0.0,0,10.0,0,29.3,0.022
20000.0,60,11.48,439.66,B5,RENT,60000.0,Not Verified,2016-01-01,debt_consolidation,25.38,2003-12-01,26.0,0.0,22811.0,12.5,39.0,w,INDIVIDUAL,0.0,0.0,1,10.0,0,12.1,0.333
9600.0,36,9.91,309.36,B1,RENT,80000.0,Source Verified,2011-10-01,credit_card,14.92,2003-12-01,11.0,0.0,9646.0,77.2,15.0,f,INDIVIDUAL,0.0,0.0,0,1.0,0,7.8,0.12
16000.0,60,12.49,359.89,B4,OWN,57400.0,Source Verified,2014-03-01,debt_consolidation,21.66,2005-11-01,8.0,0.0,2105.0,11.8,18.0,w,INDIVIDUAL,2.0,0.0,1,7.0,0,8.3,0.279
10000.0,60,18.99,259.36,D3,MORTGAGE,83000.0,Source Verified,2016-09-01,home_improvement,17.24,1987-07-01,11.0,1.0,17265.0,54.8,23.0,w,INDIVIDUAL,2.0,1.0,0,10.0,0,29.2,0.12
20000.0,36,14.09,684.43,B5,MORTGAGE,71000.0,Verified,2013-04-01,debt_consolidation,14.92,1996-04-01,8.0,0.0,20571.0,67.7,32.0,w,INDIVIDUAL,1.0,0.0,0,6.0,0,17.0,0.282
16000.0,36,7.9,500.65,A4,RENT,156000.0,Source Verified,2014-05-01,credit_card,7.02,1996-09-01,9.0,0.0,19350.0,55.9,11.0,w,INDIVIDUAL,0.0,0.0,0,7.0,0,17.7,0.103
11250.0,36,8.9,357.23,A5,MORTGAGE,63000.0,Not Verified,2013-04-01,debt_consolidation,24.65,1997-01-01,21.0,0.0,33080.0,32.9,44.0,f,INDIVIDUAL,4.0,0.0,0,10.0,0,16.2,0.179
19225.0,36,17.57,690.89,D4,MORTGAGE,38480.0,Verified,2015-04-01,debt_consolidation,16.84,2005-03-01,10.0,0.0,22838.0,44.3,17.0,f,INDIVIDUAL,0.0,0.0,1,1.0,0,10.1,0.5
21000.0,60,15.61,506.34,D1,MORTGAGE,103733.0,Verified,2014-08-01,home_improvement,34.72,1999-04-01,12.0,0.0,23696.0,84.0,46.0,w,INDIVIDUAL,3.0,0.0,0,2.0,0,15.3,0.202
9000.0,36,8.67,284.82,B1,MORTGAGE,65000.0,Not Verified,2015-01-01,debt_consolidation,19.39,1995-06-01,13.0,0.0,21432.0,48.2,27.0,f,INDIVIDUAL,4.0,0.0,0,10.0,0,19.6,0.138
7200.0,36,11.71,238.15,B3,MORTGAGE,58000.0,Not Verified,2011-10-01,credit_card,7.82,2004-12-01,10.0,0.0,13512.0,45.8,16.0,f,INDIVIDUAL,0.0,0.0,0,7.0,0,6.8,0.124
8000.0,36,12.29,266.83,C1,MORTGAGE,42000.0,Source Verified,2015-10-01,debt_consolidation,12.46,2009-10-01,8.0,0.0,7206.0,57.2,8.0,w,INDIVIDUAL,1.0,0.0,0,7.0,0,6.0,0.19
19075.0,36,10.16,616.94,B1,MORTGAGE,43346.0,Not Verified,2013-04-01,home_improvement,12.76,1988-07-01,10.0,0.0,6657.0,45.6,21.0,w,INDIVIDUAL,1.0,0.0,0,5.0,0,24.8,0.44
6000.0,36,8.67,189.88,B1,MORTGAGE,136700.0,Verified,2014-11-01,credit_card,24.31,1987-01-01,31.0,0.0,27968.0,72.5,61.0,f,INDIVIDUAL,4.0,0.0,1,10.0,0,27.8,0.044
18550.0,36,7.9,580.44,A4,MORTGAGE,64000.0,Verified,2012-11-01,credit_card,15.81,1986-12-01,15.0,0.0,27113.0,23.6,24.0,f,INDIVIDUAL,5.0,0.0,0,6.0,1,25.9,0.29
5500.0,36,21.6,208.92,E3,RENT,61286.0,Not Verified,2013-08-01,debt_consolidation,23.87,1995-12-01,13.0,0.0,3820.0,83.0,44.0,f,INDIVIDUAL,0.0,0.0,0,2.0,0,17.7,0.09
11725.0,60,18.99,304.09,E3,RENT,34900.0,Source Verified,2015-11-01,credit_card,30.36,1993-07-01,11.0,0.0,30748.0,68.5,19.0,f,INDIVIDUAL,3.0,0.0,1,7.0,0,22.3,0.336
21200.0,36,13.11,715.44,B4,RENT,60000.0,Verified,2013-05-01,debt_consolidation,11.98,1996-01-01,10.0,0.0,22120.0,55.9,34.0,f,INDIVIDUAL,1.0,0.0,0,9.0,0,17.3,0.353
12000.0,60,16.2,293.1,C4,MORTGAGE,54000.0,Verified,2013-10-01,debt_consolidation,33.24,1984-04-01,11.0,0.0,8010.0,75.6,46.0,f,INDIVIDUAL,9.0,0.0,1,10.0,0,29.5,0.222
6000.0,36,9.67,192.68,B1,RENT,49500.0,Not Verified,2013-12-01,debt_consolidation,10.5,2007-11-01,6.0,0.0,5284.0,48.9,17.0,f,INDIVIDUAL,0.0,0.0,0,4.0,0,6.1,0.121
10000.0,36,19.2,367.58,D3,MORTGAGE,70000.0,Source Verified,2013-12-01,debt_consolidation,22.25,2007-03-01,15.0,0.0,13072.0,62.8,18.0,f,INDIVIDUAL,3.0,0.0,0,8.0,0,6.8,0.143
28000.0,60,25.83,835.52,G2,MORTGAGE,90000.0,Verified,2014-07-01,debt_consolidation,21.76,1996-10-01,19.0,0.0,27165.0,86.2,28.0,f,INDIVIDUAL,1.0,0.0,0,10.0,0,17.7,0.311
8500.0,36,18.49,309.39,D2,RENT,32000.0,Verified,2013-03-01,debt_consolidation,33.68,2000-03-01,8.0,0.0,16044.0,79.5,23.0,f,INDIVIDUAL,0.0,0.0,0,5.0,0,13.0,0.266
5000.0,36,13.68,170.12,C1,MORTGAGE,75000.0,Not Verified,2013-07-01,renewable_energy,13.78,1976-05-01,7.0,0.0,39477.0,92.0,22.0,f,INDIVIDUAL,2.0,0.0,0,5.0,0,37.2,0.067
20000.0,60,13.67,461.96,C3,RENT,45000.0,Not Verified,2016-02-01,major_purchase,18.31,2012-03-01,8.0,0.0,837.0,3.0,9.0,w,INDIVIDUAL,0.0,0.0,0,4.0,0,3.9,0.444
9600.0,36,10.64,312.66,B2,MORTGAGE,98000.0,Not Verified,2013-08-01,credit_card,19.51,1999-11-01,14.0,0.0,10957.0,69.8,40.0,f,INDIVIDUAL,3.0,0.0,0,7.0,0,13.7,0.098
9875.0,36,15.61,345.28,D1,RENT,31000.0,Verified,2014-10-01,debt_consolidation,34.92,2007-03-01,20.0,0.0,12059.0,55.3,24.0,f,INDIVIDUAL,0.0,0.0,1,2.0,0,7.6,0.319
4000.0,36,13.99,136.7,C4,RENT,24000.0,Verified,2015-05-01,credit_card,5.2,2007-01-01,5.0,0.0,3122.0,47.3,7.0,f,INDIVIDUAL,0.0,0.0,0,3.0,0,8.3,0.167
19000.0,36,12.99,640.1,B4,MORTGAGE,103000.0,Source Verified,2013-11-01,debt_consolidation,10.02,1998-11-01,9.0,0.0,18896.0,68.5,20.0,f,INDIVIDUAL,4.0,0.0,0,2.0,0,15.0,0.184
18000.0,36,9.67,578.03,B1,RENT,74700.0,Not Verified,2014-04-01,debt_consolidation,19.02,2000-08-01,22.0,0.0,26758.0,34.3,59.0,w,INDIVIDUAL,1.0,0.0,0,4.0,0,13.7,0.241
10000.0,36,12.12,332.72,B3,OWN,70000.0,Verified,2013-01-01,small_business,13.04,1995-06-01,7.0,0.0,78029.0,1.0,15.0,f,INDIVIDUAL,1.0,0.0,0,3.0,0,17.6,0.143
20000.0,60,14.31,468.59,C4,MORTGAGE,50000.0,Verified,2015-02-01,other,26.48,2002-07-01,13.0,0.0,22146.0,44.7,30.0,w,INDIVIDUAL,4.0,0.0,0,6.0,1,12.6,0.4
15000.0,36,16.99,534.72,D3,RENT,93000.0,Source Verified,2015-06-01,debt_consolidation,10.35,2004-09-01,12.0,1.0,13592.0,75.0,15.0,f,INDIVIDUAL,0.0,1.0,0,6.0,0,10.7,0.161
15500.0,36,17.14,553.7,D4,MORTGAGE,72396.0,Source Verified,2015-01-01,debt_consolidation,17.11,2007-07-01,11.0,0.0,4279.0,43.7,20.0,w,INDIVIDUAL,3.0,0.0,0,10.0,0,7.5,0.214
8400.0,36,13.33,284.37,C3,RENT,40000.0,Source Verified,2015-03-01,debt_consolidation,16.35,1996-03-01,9.0,1.0,4820.0,69.0,27.0,f,INDIVIDUAL,0.0,1.0,0,10.0,0,19.0,0.21
8000.0,36,14.16,274.05,C2,RENT,24954.12,Source Verified,2014-03-01,debt_consolidation,29.0,1996-07-01,18.0,0.0,12194.0,81.3,24.0,w,INDIVIDUAL,0.0,0.0,0,1.0,0,17.7,0.321
6000.0,36,7.69,187.17,A4,RENT,80000.0,Not Verified,2014-06-01,credit_card,6.33,2004-08-01,15.0,0.0,11444.0,41.3,26.0,w,INDIVIDUAL,0.0,0.0,0,3.0,0,9.8,0.075
4750.0,36,19.99,176.51,E3,MORTGAGE,66000.0,Not Verified,2015-01-01,debt_consolidation,12.02,2004-12-01,6.0,2.0,2488.0,55.3,18.0,f,INDIVIDUAL,1.0,1.0,0,9.0,0,10.1,0.072
6000.0,36,16.29,211.81,D2,MORTGAGE,36000.0,Source Verified,2014-08-01,debt_consolidation,21.6,2007-08-01,15.0,0.0,12912.0,94.2,24.0,f,INDIVIDUAL,2.0,0.0,0,2.0,0,7.0,0.167
11000.0,36,7.62,342.78,A3,RENT,62000.0,Not Verified,2014-04-01,credit_card,12.54,2002-12-01,8.0,0.0,11786.0,48.3,34.0,f,INDIVIDUAL,6.0,0.0,0,10.0,0,11.3,0.177
10750.0,36,14.33,369.14,C1,RENT,31000.0,Not Verified,2012-07-01,credit_card,15.95,2002-08-01,8.0,0.0,11596.0,62.3,31.0,f,INDIVIDUAL,0.0,0.0,0,2.0,0,9.9,0.347
31400.0,36,24.99,1248.3,F3,MORTGAGE,74000.0,Verified,2016-04-01,debt_consolidation,34.85,1995-12-01,9.0,0.0,93105.0,95.0,26.0,f,INDIVIDUAL,1.0,0.0,0,6.0,1,20.3,0.424
9000.0,36,16.55,318.87,D2,RENT,60000.0,Source Verified,2015-06-01,other,12.32,2004-05-01,8.0,3.0,2793.0,50.8,12.0,f,INDIVIDUAL,0.0,3.0,0,5.0,0,11.1,0.15
24375.0,60,12.69,550.75,C2,MORTGAGE,74000.0,Not Verified,2015-08-01,debt_consolidation,16.53,1992-10-01,7.0,1.0,5260.0,16.1,12.0,w,INDIVIDUAL,1.0,1.0,1,3.0,0,22.8,0.329
5500.0,36,13.11,185.61,B4,MORTGAGE,42000.0,Not Verified,2013-02-01,debt_consolidation,19.57,2001-10-01,8.0,0.0,19322.0,87.7,21.0,f,INDIVIDUAL,1.0,0.0,0,6.0,0,11.3,0.131
11500.0,36,18.49,418.59,D2,OWN,35000.0,Not Verified,2013-06-01,debt_consolidation,13.71,2006-03-01,9.0,0.0,14637.0,63.4,15.0,f,INDIVIDUAL,0.0,0.0,0,7.0,0,7.3,0.329
1200.0,36,6.76,36.93,A2,MORTGAGE,38304.0,Not Verified,2010-05-01,other,17.98,1997-10-01,13.0,0.0,1381.0,5.6,19.0,f,INDIVIDUAL,1.0,0.0,1,6.0,0,12.6,0.031
24000.0,36,11.99,797.03,B5,MORTGAGE,64000.0,Source Verified,2015-01-01,credit_card,12.2,1990-09-01,20.0,0.0,34841.0,46.4,52.0,f,INDIVIDUAL,6.0,0.0,0,10.0,0,24.3,0.375
6000.0,36,7.89,187.72,A5,RENT,52000.0,Not Verified,2015-06-01,debt_consolidation,4.32,1998-10-01,6.0,1.0,4985.0,33.7,9.0,w,INDIVIDUAL,0.0,1.0,0,8.0,0,16.7,0.115
14000.0,36,9.17,446.31,B2,RENT,61929.92,Not Verified,2015-07-01,debt_consolidation,24.03,2002-05-01,8.0,0.0,19967.0,90.8,16.0,f,INDIVIDUAL,0.0,0.0,0,10.0,0,13.2,0.226
10000.0,36,6.49,306.45,A2,RENT,90000.0,Not Verified,2015-12-01,credit_card,12.07,2001-11-01,10.0,0.0,9223.0,19.9,19.0,f,INDIVIDUAL,0.0,0.0,0,0.0,0,14.1,0.111
8000.0,36,13.33,270.83,C3,OWN,96000.0,Verified,2015-04-01,debt_consolidation,1.83,2009-09-01,6.0,0.0,5610.0,29.4,10.0,w,INDIVIDUAL,0.0,0.0,0,3.0,0,5.6,0.083
22000.0,36,13.98,751.7,C1,MORTGAGE,105000.0,Source Verified,2013-12-01,debt_consolidation,16.85,2003-05-01,13.0,0.0,25419.0,71.8,27.0,f,INDIVIDUAL,2.0,0.0,0,6.0,0,10.6,0.21
7275.0,36,14.16,249.21,C2,OWN,35000.0,Source Verified,2014-03-01,debt_consolidation,27.64,2008-06-01,12.0,0.0,8204.0,47.1,21.0,w,INDIVIDUAL,0.0,0.0,0,6.0,0,5.7,0.208
13475.0,36,10.99,441.1,B4,RENT,130000.0,Verified,2015-04-01,debt_consolidation,6.31,2010-02-01,6.0,6.0,5492.0,68.6,6.0,f,INDIVIDUAL,0.0,0.0,0,5.0,0,5.2,0.104
6000.0,36,17.77,216.23,D1,RENT,46000.0,Not Verified,2013-06-01,debt_consolidation,10.12,1987-08-01,8.0,0.0,12339.0,75.2,11.0,f,INDIVIDUAL,0.0,0.0,0,2.0,0,25.8,0.13
9600.0,36,7.26,297.57,A4,RENT,88000.0,Not Verified,2015-08-01,credit_card,15.02,1993-10-01,10.0,0.0,15977.0,50.4,24.0,w,INDIVIDUAL,5.0,0.0,0,10.0,0,21.8,0.109
32000.0,60,15.61,771.57,D1,MORTGAGE,98831.0,Verified,2014-07-01,credit_card,23.47,1994-11-01,17.0,1.0,17591.0,80.7,29.0,f,INDIVIDUAL,6.0,1.0,0,10.0,0,19.7,0.324
20000.0,60,25.8,596.45,G1,MORTGAGE,52454.0,Verified,2015-04-01,debt_consolidation,15.44,1999-02-01,7.0,0.0,33235.0,65.8,19.0,w,INDIVIDUAL,5.0,0.0,1,7.0,0,16.2,0.381
16100.0,36,13.11,422.69,B4,MORTGAGE,84000.0,Verified,2012-07-01,debt_consolidation,18.58,1992-11-01,10.0,0.0,18313.0,70.7,51.0,f,INDIVIDUAL,2.0,0.0,0,5.0,0,19.7,0.192
3900.0,36,15.61,136.37,D1,RENT,55000.0,Source Verified,2014-05-01,debt_consolidation,12.73,2004-07-01,13.0,0.0,9063.0,77.5,23.0,f,INDIVIDUAL,0.0,0.0,1,4.0,0,9.8,0.071
26500.0,36,13.33,897.11,C3,RENT,94000.0,Verified,2015-10-01,debt_consolidation,22.75,1993-07-01,7.0,0.0,39762.0,83.7,21.0,w,INDIVIDUAL,6.0,0.0,0,10.0,0,22.3,0.282
20000.0,36,9.17,637.58,B2,RENT,55000.0,Not Verified,2015-10-01,medical,14.09,1989-05-01,12.0,0.0,9563.0,20.3,33.0,f,INDIVIDUAL,0.0,0.0,0,6.0,0,26.4,0.364
5000.0,36,14.3,171.62,C1,RENT,20416.32,Verified,2013-09-01,debt_consolidation,30.92,2002-10-01,7.0,0.0,1291.0,43.0,15.0,f,INDIVIDUAL,0.0,0.0,1,6.0,1,10.9,0.245
35000.0,60,18.25,893.54,E1,MORTGAGE,127728.0,Source Verified,2015-09-01,debt_consolidation,20.65,1989-04-01,12.0,0.0,42246.0,66.2,30.0,w,INDIVIDUAL,5.0,0.0,0,9.0,0,26.4,0.274
10000.0,36,7.89,312.86,A5,MORTGAGE,115000.0,Source Verified,2015-02-01,home_improvement,22.49,1997-02-01,14.0,0.0,14672.0,42.5,38.0,w,INDIVIDUAL,5.0,0.0,0,0.0,0,18.0,0.087
21000.0,36,12.35,701.02,B4,MORTGAGE,131000.0,Verified,2013-09-01,credit_card,13.7,1997-08-01,8.0,0.0,26451.0,86.4,30.0,f,INDIVIDUAL,6.0,0.0,1,10.0,0,16.1,0.16
35000.0,36,11.67,1157.0,B4,MORTGAGE,125000.0,Verified,2014-08-01,credit_card,20.21,1987-08-01,9.0,0.0,28296.0,78.0,26.0,w,INDIVIDUAL,1.0,0.0,0,4.0,0,27.0,0.28
11025.0,36,12.69,369.84,C2,RENT,23000.0,Verified,2015-09-01,credit_card,12.37,2007-08-01,8.0,0.0,0.0,0.0,24.0,w,INDIVIDUAL,0.0,0.0,0,3.0,0,8.1,0.479
15000.0,60,15.59,361.52,D1,RENT,87000.0,Source Verified,2014-11-01,moving,17.74,2002-01-01,20.0,0.0,14350.0,54.6,41.0,w,INDIVIDUAL,0.0,0.0,1,10.0,0,12.8,0.172
21000.0,36,13.98,717.53,C1,MORTGAGE,360000.0,Source Verified,2014-01-01,credit_card,6.21,1988-10-01,12.0,0.0,94809.0,82.0,43.0,w,INDIVIDUAL,12.0,0.0,0,4.0,0,25.3,0.058
14000.0,36,6.62,429.86,A2,MORTGAGE,150000.0,Source Verified,2012-09-01,debt_consolidation,10.3,1994-09-01,9.0,0.0,10613.0,21.7,44.0,f,INDIVIDUAL,2.0,0.0,0,10.0,0,18.0,0.093
22000.0,60,10.59,473.85,B2,MORTGAGE,97500.0,Verified,2011-05-01,home_improvement,10.49,2000-10-01,9.0,0.0,5064.0,14.0,16.0,f,INDIVIDUAL,0.0,0.0,0,3.0,0,10.6,0.226
16000.0,36,10.64,521.1,B2,OWN,48000.0,Source Verified,2013-08-01,debt_consolidation,23.35,1998-11-01,14.0,0.0,21721.0,62.8,23.0,f,INDIVIDUAL,0.0,0.0,1,8.0,0,14.7,0.333
4800.0,36,7.51,149.33,A4,MORTGAGE,76500.0,Not Verified,2010-04-01,other,16.2,1995-07-01,12.0,0.0,83440.0,77.8,28.0,f,INDIVIDUAL,2.0,0.0,0,2.0,0,14.8,0.063
11500.0,60,17.57,289.35,D4,MORTGAGE,35500.0,Verified,2015-07-01,debt_consolidation,28.19,2009-09-01,11.0,0.0,12375.0,59.8,16.0,f,INDIVIDUAL,2.0,0.0,0,1.0,0,5.8,0.324
24000.0,60,20.2,638.53,D5,MORTGAGE,115000.0,Source Verified,2013-11-01,debt_consolidation,6.96,1996-06-01,6.0,0.0,8675.0,89.4,11.0,f,INDIVIDUAL,6.0,0.0,1,9.0,0,17.4,0.209
11200.0,60,14.16,261.54,C2,MORTGAGE,55000.0,Verified,2014-04-01,credit_card,8.75,2001-05-01,14.0,0.0,19398.0,21.8,37.0,w,INDIVIDUAL,1.0,0.0,1,4.0,0,12.9,0.204
28000.0,36,11.67,925.6,B4,MORTGAGE,175000.0,Source Verified,2014-07-01,debt_consolidation,14.18,2000-04-01,14.0,0.0,21804.0,47.4,38.0,w,INDIVIDUAL,6.0,0.0,1,10.0,0,14.2,0.16
12000.0,60,12.49,269.92,B5,MORTGAGE,73000.0,Not Verified,2014-08-01,debt_consolidation,11.29,2003-06-01,11.0,0.0,7133.0,38.3,22.0,w,INDIVIDUAL,2.0,0.0,1,7.0,0,11.2,0.164
9100.0,36,12.49,304.39,B5,RENT,48160.0,Not Verified,2014-05-01,debt_consolidation,13.25,2010-01-01,12.0,0.0,4160.0,23.6,15.0,f,INDIVIDUAL,0.0,0.0,0,4.0,0,4.3,0.189
35000.0,36,16.29,1235.52,D2,MORTGAGE,135000.0,Source Verified,2014-06-01,debt_consolidation,24.76,1995-11-01,27.0,0.0,34731.0,83.5,48.0,f,INDIVIDUAL,4.0,0.0,0,10.0,0,18.6,0.259
20000.0,60,19.52,524.56,E3,MORTGAGE,55000.0,Verified,2015-03-01,debt_consolidation,24.94,2002-04-01,14.0,0.0,20134.0,98.2,24.0,f,INDIVIDUAL,2.0,0.0,1,6.0,0,12.9,0.364
6400.0,36,16.55,226.75,D2,MORTGAGE,106000.0,Verified,2015-06-01,debt_consolidation,11.86,1999-06-01,19.0,0.0,7326.0,33.6,29.0,w,INDIVIDUAL,2.0,0.0,0,9.0,0,16.0,0.06
24000.0,36,18.25,870.68,D3,RENT,60000.0,Not Verified,2016-05-01,debt_consolidation,32.13,1978-01-01,7.0,0.0,5614.0,86.4,31.0,w,INDIVIDUAL,1.0,0.0,1,1.0,0,38.3,0.4
2000.0,36,7.69,62.39,A4,MORTGAGE,43176.65,Not Verified,2014-06-01,home_improvement,22.71,2005-08-01,11.0,0.0,914.0,5.5,30.0,w,INDIVIDUAL,1.0,0.0,0,4.0,0,8.8,0.046
34100.0,60,14.16,796.28,C2,MORTGAGE,76700.0,Verified,2014-04-01,debt_consolidation,12.39,1991-02-01,9.0,0.0,20426.0,39.6,36.0,w,INDIVIDUAL,7.0,0.0,0,0.0,0,23.2,0.445
7200.0,36,13.99,246.05,C4,MORTGAGE,37000.0,Verified,2015-05-01,debt_consolidation,14.89,2007-03-01,7.0,0.0,814.0,26.3,11.0,f,INDIVIDUAL,1.0,0.0,0,3.0,0,8.2,0.195
12500.0,36,12.29,416.92,C1,RENT,43000.0,Verified,2015-05-01,debt_consolidation,4.32,1999-04-01,8.0,0.0,6752.0,35.7,12.0,w,INDIVIDUAL,0.0,0.0,0,1.0,0,16.1,0.291
8000.0,36,18.25,290.23,D2,OWN,80000.0,Verified,2013-09-01,debt_consolidation,12.54,2002-08-01,10.0,0.0,13946.0,77.5,13.0,f,INDIVIDUAL,0.0,0.0,1,3.0,0,11.1,0.1
10000.0,36,17.27,357.88,C5,MORTGAGE,30000.0,Verified,2013-06-01,other,12.64,1989-05-01,6.0,0.0,12445.0,45.6,16.0,f,INDIVIDUAL,5.0,0.0,0,6.0,1,24.1,0.333
8400.0,36,14.99,291.15,C5,MORTGAGE,31000.0,Verified,2015-01-01,debt_consolidation,14.48,1974-11-01,4.0,0.0,4892.0,76.4,37.0,w,INDIVIDUAL,7.0,0.0,0,6.0,1,40.2,0.271
10000.0,36,17.27,357.88,D1,MORTGAGE,35000.0,Not Verified,2012-07-01,credit_card,21.84,1989-03-01,18.0,0.0,21245.0,60.5,36.0,f,INDIVIDUAL,0.0,0.0,0,10.0,0,23.3,0.286
15000.0,60,11.53,330.12,B5,MORTGAGE,70000.0,Source Verified,2015-03-01,debt_consolidation,15.22,1993-02-01,11.0,1.0,12385.0,79.9,31.0,w,INDIVIDUAL,4.0,1.0,0,10.0,0,22.1,0.214
10000.0,36,12.69,335.45,C2,MORTGAGE,125000.0,Not Verified,2015-05-01,vacation,21.76,2000-11-01,15.0,0.0,4793.0,45.2,40.0,f,INDIVIDUAL,3.0,0.0,0,10.0,0,14.5,0.08
12000.0,36,9.49,384.34,B2,MORTGAGE,53560.0,Not Verified,2015-02-01,credit_card,39.64,2007-01-01,9.0,0.0,14036.0,82.6,20.0,w,INDIVIDUAL,1.0,0.0,0,10.0,0,8.1,0.224
20000.0,36,9.17,637.58,B1,RENT,86000.0,Source Verified,2014-08-01,car,13.89,2005-05-01,11.0,0.0,4868.0,45.9,29.0,f,INDIVIDUAL,0.0,0.0,0,3.0,0,9.3,0.233
30000.0,60,13.99,697.9,C3,OWN,98000.0,Verified,2016-06-01,home_improvement,2.75,2004-02-01,18.0,0.0,8296.0,19.4,50.0,w,INDIVIDUAL,0.0,0.0,0,10.0,0,12.3,0.306
12000.0,36,12.12,399.26,B3,RENT,55000.0,Not Verified,2012-05-01,debt_consolidation,9.38,1998-12-01,10.0,0.0,17211.0,69.4,26.0,f,INDIVIDUAL,0.0,0.0,0,6.0,0,13.4,0.218
8000.0,36,8.9,254.03,A5,RENT,65000.0,Not Verified,2014-02-01,credit_card,4.06,2000-01-01,6.0,3.0,6571.0,50.2,13.0,f,INDIVIDUAL,0.0,0.0,1,10.0,0,14.1,0.123
15250.0,36,22.2,583.99,E4,RENT,72000.0,Source Verified,2013-07-01,small_business,23.38,2006-01-01,12.0,0.0,6878.0,36.4,14.0,w,INDIVIDUAL,0.0,0.0,0,1.0,0,7.5,0.212
29700.0,60,15.99,722.09,D2,MORTGAGE,85000.0,Source Verified,2015-01-01,debt_consolidation,14.78,1994-10-01,13.0,0.0,8343.0,34.0,38.0,w,INDIVIDUAL,7.0,0.0,0,10.0,0,20.3,0.349
18000.0,36,7.91,563.31,A5,OWN,48000.0,Verified,2016-01-01,debt_consolidation,11.49,2005-02-01,10.0,0.0,17764.0,62.5,19.0,f,INDIVIDUAL,0.0,0.0,0,5.0,0,10.9,0.375
28425.0,60,22.45,792.36,E5,RENT,75000.0,Verified,2014-05-01,debt_consolidation,19.22,2007-08-01,12.0,0.0,8808.0,31.2,20.0,w,INDIVIDUAL,0.0,0.0,0,3.0,0,6.7,0.379
6000.0,36,12.29,200.12,C1,RENT,89000.0,Verified,2015-10-01,debt_consolidation,9.72,1993-09-01,12.0,0.0,7274.0,47.2,35.0,w,INDIVIDUAL,1.0,0.0,0,2.0,0,22.1,0.067
25000.0,36,12.99,842.23,C1,MORTGAGE,85000.0,Source Verified,2014-10-01,debt_consolidation,25.16,1998-06-01,8.0,0.0,10998.0,90.1,61.0,w,INDIVIDUAL,7.0,0.0,0,10.0,0,16.3,0.294
8000.0,36,13.11,269.98,B4,RENT,62400.0,Verified,2012-05-01,debt_consolidation,20.75,1994-11-01,11.0,0.0,7147.0,72.2,23.0,f,INDIVIDUAL,0.0,0.0,0,10.0,0,17.5,0.128
8500.0,36,16.07,299.15,D5,RENT,31800.0,Not Verified,2010-02-01,debt_consolidation,23.07,2006-01-01,4.0,0.0,9640.0,87.6,8.0,f,INDIVIDUAL,0.0,0.0,1,2.0,0,4.1,0.267
15000.0,36,11.53,494.86,B5,RENT,40000.0,Source Verified,2015-06-01,credit_card,20.03,1990-03-01,7.0,0.0,15471.0,60.2,15.0,w,INDIVIDUAL,0.0,0.0,1,0.0,0,25.3,0.375
21000.0,36,14.65,724.38,C5,MORTGAGE,142500.0,Verified,2015-04-01,credit_card,15.36,2001-03-01,13.0,0.0,32806.0,73.2,30.0,w,INDIVIDUAL,4.0,0.0,0,10.0,0,14.1,0.147
4000.0,36,10.16,129.37,B1,RENT,60000.0,Not Verified,2012-09-01,debt_consolidation,18.02,1999-09-01,8.0,0.0,5078.0,21.9,14.0,f,INDIVIDUAL,0.0,0.0,0,10.0,0,13.0,0.067
20000.0,60,9.99,424.85,B3,RENT,45000.0,Not Verified,2015-08-01,credit_card,11.25,2003-05-01,13.0,0.0,11756.0,42.0,20.0,f,INDIVIDUAL,0.0,0.0,0,1.0,0,12.3,0.444
8400.0,60,14.46,197.47,D2,RENT,61000.0,Not Verified,2010-11-01,credit_card,19.97,1997-11-01,6.0,0.0,9857.0,74.2,26.0,f,INDIVIDUAL,2.0,0.0,0,3.0,0,13.0,0.138
20400.0,60,19.05,529.75,D4,MORTGAGE,68000.0,Verified,2012-09-01,debt_consolidation,8.17,1984-11-01,7.0,0.0,12859.0,67.0,22.0,f,INDIVIDUAL,5.0,0.0,1,10.0,0,27.8,0.3
27975.0,60,18.84,723.23,E2,MORTGAGE,56000.0,Verified,2015-04-01,credit_card,15.8,1992-12-01,15.0,0.0,20448.0,73.8,29.0,w,INDIVIDUAL,1.0,0.0,1,10.0,0,22.3,0.5
8725.0,36,9.32,278.74,A4,MORTGAGE,52000.0,Verified,2009-03-01,small_business,16.59,1994-01-01,13.0,0.0,43232.0,41.1,22.0,f,INDIVIDUAL,1.0,0.0,1,10.0,0,15.2,0.168
23050.0,60,19.47,603.91,D5,MORTGAGE,55000.0,Source Verified,2014-05-01,debt_consolidation,15.91,2000-03-01,9.0,1.0,6708.0,57.3,15.0,w,INDIVIDUAL,3.0,0.0,1,10.0,0,14.2,0.419
3000.0,36,9.17,95.64,B2,RENT,70000.0,Source Verified,2015-09-01,debt_consolidation,9.5,1999-07-01,13.0,0.0,6032.0,25.7,29.0,f,INDIVIDUAL,0.0,0.0,1,7.0,0,16.2,0.043
30750.0,60,15.8,744.52,C3,MORTGAGE,120000.0,Verified,2013-02-01,debt_consolidation,19.86,2001-01-01,11.0,0.0,14062.0,75.2,26.0,f,INDIVIDUAL,2.0,0.0,0,7.0,0,12.1,0.256
20800.0,60,24.5,604.43,F3,OWN,58310.0,Source Verified,2014-05-01,debt_consolidation,27.66,1988-03-01,10.0,1.0,3507.0,27.4,25.0,w,INDIVIDUAL,0.0,0.0,1,10.0,0,26.2,0.357
7500.0,36,10.99,245.51,B3,RENT,40000.0,Not Verified,2014-05-01,debt_consolidation,22.96,2001-11-01,11.0,0.0,10617.0,52.3,31.0,w,INDIVIDUAL,0.0,0.0,1,3.0,0,12.5,0.188
12000.0,36,13.49,407.17,C2,MORTGAGE,105000.0,Verified,2016-09-01,debt_consolidation,8.72,1990-05-01,9.0,0.0,0.0,0.0,20.0,w,INDIVIDUAL,3.0,0.0,0,10.0,0,26.3,0.114
5500.0,36,15.8,192.83,C3,RENT,25000.0,Source Verified,2013-01-01,debt_consolidation,11.04,2008-03-01,10.0,1.0,4756.0,47.6,12.0,w,INDIVIDUAL,0.0,1.0,1,0.0,0,4.8,0.22
3000.0,36,12.69,100.64,C2,RENT,45000.0,Verified,2015-04-01,car,12.85,2005-05-01,4.0,0.0,0.0,0.0,11.0,w,INDIVIDUAL,0.0,0.0,0,4.0,0,9.9,0.067
20000.0,60,10.99,434.75,B3,MORTGAGE,80000.0,Source Verified,2014-10-01,debt_consolidation,25.94,2003-03-01,16.0,0.0,21978.0,82.0,28.0,w,INDIVIDUAL,0.0,0.0,0,6.0,0,11.6,0.25
10000.0,36,6.99,308.73,A3,RENT,94000.0,Source Verified,2015-01-01,credit_card,8.34,1990-11-01,5.0,0.0,7348.0,79.9,13.0,w,INDIVIDUAL,0.0,0.0,0,4.0,0,24.2,0.106
6700.0,36,18.25,243.07,D3,RENT,38022.4,Verified,2016-02-01,credit_card,41.92,2011-09-01,18.0,0.0,12739.0,29.8,21.0,w,DIRECT_PAY,0.0,0.0,0,1.0,0,4.4,0.176
10000.0,36,10.16,323.43,B1,MORTGAGE,50000.0,Verified,2013-06-01,car,4.51,2001-11-01,8.0,0.0,369.0,0.0,18.0,f,INDIVIDUAL,2.0,0.0,0,5.0,0,11.6,0.2
7525.0,36,15.99,264.52,D2,MORTGAGE,18964.22,Source Verified,2015-01-01,debt_consolidation,21.01,2008-08-01,7.0,0.0,7837.0,76.1,10.0,f,INDIVIDUAL,0.0,0.0,0,2.0,0,6.4,0.397
10700.0,36,11.99,355.35,B3,OWN,55000.0,Source Verified,2013-10-01,debt_consolidation,19.42,1999-10-01,11.0,0.0,10968.0,42.5,30.0,f,INDIVIDUAL,0.0,0.0,0,10.0,0,14.0,0.195
8000.0,36,8.39,252.14,A5,RENT,45000.0,Not Verified,2014-08-01,debt_consolidation,16.19,2007-04-01,6.0,0.0,6979.0,51.3,10.0,f,INDIVIDUAL,0.0,0.0,0,0.0,0,7.3,0.178
11200.0,60,22.15,310.29,E5,RENT,139000.0,Not Verified,2014-09-01,debt_consolidation,17.39,1995-11-01,7.0,0.0,47177.0,91.4,36.0,w,INDIVIDUAL,4.0,0.0,1,10.0,0,18.8,0.081
18000.0,36,8.9,571.56,A5,MORTGAGE,152000.0,Not Verified,2014-03-01,credit_card,12.32,1992-10-01,20.0,0.0,21896.0,23.2,44.0,w,INDIVIDUAL,6.0,0.0,0,5.0,0,21.4,0.118
30000.0,60,21.97,828.06,E5,MORTGAGE,115000.0,Verified,2012-06-01,debt_consolidation,23.52,1993-02-01,22.0,0.0,50460.0,87.2,37.0,f,INDIVIDUAL,6.0,0.0,0,10.0,0,19.3,0.261
7975.0,36,10.15,257.9,B2,MORTGAGE,45000.0,Source Verified,2014-07-01,debt_consolidation,15.79,1978-03-01,14.0,0.0,11372.0,45.3,20.0,w,INDIVIDUAL,1.0,0.0,1,1.0,0,36.3,0.177
12000.0,36,15.61,419.58,C3,RENT,45212.0,Source Verified,2013-12-01,debt_consolidation,20.79,1993-02-01,8.0,0.0,7114.0,92.4,13.0,f,INDIVIDUAL,3.0,0.0,0,4.0,0,20.8,0.265
19500.0,60,13.68,450.51,C1,MORTGAGE,55000.0,Verified,2013-08-01,credit_card,14.42,2001-10-01,8.0,0.0,30544.0,62.8,20.0,f,INDIVIDUAL,1.0,0.0,1,10.0,0,11.8,0.355
7000.0,36,5.32,210.81,A1,RENT,83000.0,Not Verified,2015-10-01,debt_consolidation,15.99,1999-04-01,5.0,0.0,1997.0,7.5,18.0,w,INDIVIDUAL,0.0,0.0,0,10.0,0,16.5,0.084
11000.0,36,14.61,379.23,D1,RENT,69000.0,Verified,2009-08-01,debt_consolidation,12.7,1979-12-01,15.0,0.0,21479.0,82.3,22.0,f,INDIVIDUAL,1.0,0.0,0,5.0,0,29.7,0.159
4000.0,36,12.69,134.18,C2,OWN,45000.0,Not Verified,2015-03-01,credit_card,5.44,2004-03-01,14.0,0.0,7769.0,40.7,34.0,w,INDIVIDUAL,2.0,0.0,0,5.0,0,11.0,0.089
21000.0,36,10.75,685.03,B4,MORTGAGE,82000.0,Verified,2016-03-01,debt_consolidation,21.0,1994-02-01,10.0,0.0,7990.0,45.7,27.0,w,INDIVIDUAL,2.0,0.0,0,10.0,0,22.1,0.256
30000.0,36,16.99,1069.44,D3,RENT,120000.0,Source Verified,2014-08-01,debt_consolidation,13.66,2002-05-01,15.0,0.0,13744.0,25.3,28.0,f,INDIVIDUAL,0.0,0.0,0,10.0,0,12.3,0.25
17475.0,36,10.64,569.14,B2,MORTGAGE,90000.0,Verified,2013-09-01,debt_consolidation,23.11,1999-02-01,20.0,0.0,37485.0,47.2,58.0,f,INDIVIDUAL,3.0,0.0,0,10.0,0,14.6,0.194
8000.0,36,8.39,252.14,A5,RENT,55000.0,Not Verified,2014-08-01,debt_consolidation,12.46,2011-07-01,5.0,0.0,5766.0,44.7,8.0,f,INDIVIDUAL,0.0,0.0,0,2.0,0,3.1,0.145
7000.0,36,13.67,238.13,B5,RENT,67000.0,Source Verified,2013-12-01,debt_consolidation,15.63,2002-08-01,17.0,0.0,20967.0,54.0,23.0,w,INDIVIDUAL,0.0,0.0,0,7.0,0,11.3,0.104
19000.0,36,6.99,586.58,A2,OWN,88000.0,Not Verified,2016-11-01,debt_consolidation,17.51,1989-10-01,26.0,1.0,44892.0,26.7,40.0,w,INDIVIDUAL,2.0,0.0,0,6.0,1,27.1,0.216
20050.0,36,19.2,736.99,D3,RENT,45000.0,Verified,2013-10-01,debt_consolidation,17.15,1999-02-01,7.0,0.0,7535.0,100.5,29.0,f,INDIVIDUAL,0.0,0.0,1,5.0,0,14.7,0.446
12000.0,36,8.9,381.04,A5,MORTGAGE,80000.0,Not Verified,2013-02-01,credit_card,21.78,1988-05-01,17.0,0.0,23107.0,53.7,40.0,f,INDIVIDUAL,4.0,0.0,0,10.0,0,24.8,0.15
12000.0,60,19.99,317.86,E4,RENT,45123.2,Verified,2015-10-01,debt_consolidation,13.38,2005-08-01,6.0,0.0,12894.0,103.2,6.0,w,INDIVIDUAL,0.0,0.0,1,3.0,0,10.2,0.266
19950.0,60,16.29,488.23,D2,MORTGAGE,56800.0,Source Verified,2014-07-01,debt_consolidation,10.27,1998-07-01,7.0,0.0,8199.0,45.8,20.0,w,INDIVIDUAL,0.0,0.0,0,4.0,0,16.0,0.351
8400.0,36,6.03,255.66,A1,MORTGAGE,100000.0,Verified,2013-11-01,debt_consolidation,25.57,1999-06-01,15.0,0.0,31940.0,21.3,40.0,w,INDIVIDUAL,4.0,0.0,0,1.0,0,14.4,0.084
4000.0,36,12.69,134.18,C2,MORTGAGE,35000.0,Not Verified,2015-07-01,debt_consolidation,25.79,1990-06-01,5.0,0.0,5443.0,48.6,15.0,f,INDIVIDUAL,0.0,0.0,0,10.0,0,25.1,0.114
6000.0,36,14.46,206.41,C4,MORTGAGE,43000.0,Source Verified,2016-05-01,debt_consolidation,16.72,2000-08-01,6.0,0.0,3447.0,65.0,15.0,f,INDIVIDUAL,2.0,0.0,0,3.0,0,15.7,0.14
20000.0,60,7.89,404.48,A5,MORTGAGE,115000.0,Not Verified,2015-12-01,credit_card,8.1,1979-03-01,11.0,0.0,14046.0,29.3,23.0,w,INDIVIDUAL,4.0,0.0,0,3.0,0,36.8,0.174
32625.0,60,15.59,786.29,D1,MORTGAGE,105000.0,Verified,2015-02-01,credit_card,25.67,2001-08-01,15.0,0.0,31936.0,75.1,34.0,w,INDIVIDUAL,2.0,0.0,0,4.0,0,13.5,0.311
4750.0,36,8.49,149.93,A5,RENT,15000.0,Not Verified,2011-08-01,debt_consolidation,17.04,2007-01-01,5.0,0.0,2461.0,24.9,6.0,f,INDIVIDUAL,0.0,0.0,0,0.0,0,4.6,0.317
8000.0,36,17.77,288.3,D1,RENT,60000.0,Not Verified,2013-01-01,debt_consolidation,4.64,2000-02-01,5.0,0.0,2046.0,27.6,19.0,f,INDIVIDUAL,0.0,0.0,1,7.0,0,12.9,0.133
2500.0,60,7.88,50.55,A5,MORTGAGE,45000.0,Not Verified,2010-09-01,home_improvement,4.93,2004-05-01,9.0,0.0,1118.0,4.2,16.0,f,INDIVIDUAL,0.0,0.0,0,4.0,0,6.3,0.056
9600.0,36,18.49,349.43,D2,RENT,75000.0,Source Verified,2012-10-01,debt_consolidation,10.13,2004-07-01,11.0,0.0,9815.0,73.8,23.0,f,INDIVIDUAL,2.0,0.0,0,4.0,0,8.3,0.128
5750.0,36,17.77,207.22,D1,MORTGAGE,90000.0,Not Verified,2012-07-01,debt_consolidation,26.32,1991-03-01,16.0,0.0,20292.0,91.0,45.0,f,INDIVIDUAL,5.0,0.0,0,10.0,0,21.3,0.064
7300.0,36,13.11,246.36,B4,OWN,45000.0,Verified,2012-10-01,car,27.79,1996-03-01,14.0,0.0,7501.0,45.2,26.0,f,INDIVIDUAL,0.0,0.0,0,1.0,0,16.6,0.162
8500.0,36,14.16,291.18,C2,MORTGAGE,58000.0,Verified,2014-04-01,debt_consolidation,8.26,1993-08-01,7.0,1.0,7037.0,63.0,19.0,w,INDIVIDUAL,2.0,1.0,0,6.0,0,20.7,0.147
5600.0,36,14.3,192.22,C1,RENT,29600.0,Verified,2013-12-01,debt_consolidation,6.0,2004-02-01,16.0,1.0,3507.0,70.1,21.0,f,INDIVIDUAL,0.0,1.0,0,3.0,0,9.8,0.189
16000.0,36,17.1,571.25,C5,RENT,40000.0,Verified,2013-12-01,other,22.17,1999-04-01,6.0,0.0,12381.0,65.5,13.0,f,INDIVIDUAL,0.0,0.0,1,9.0,0,14.7,0.4
15000.0,36,16.78,533.15,C5,MORTGAGE,110000.0,Not Verified,2013-07-01,home_improvement,23.39,1997-12-01,9.0,0.0,30803.0,88.5,34.0,f,INDIVIDUAL,1.0,0.0,0,10.0,0,15.6,0.136
2400.0,36,14.99,83.19,C5,RENT,52000.0,Not Verified,2014-09-01,debt_consolidation,15.9,1996-05-01,9.0,0.0,4253.0,47.8,18.0,f,INDIVIDUAL,0.0,0.0,0,10.0,0,18.3,0.046
11800.0,36,13.33,399.47,C3,RENT,42000.0,Not Verified,2015-03-01,debt_consolidation,25.77,2001-12-01,9.0,1.0,10809.0,44.0,27.0,f,INDIVIDUAL,0.0,1.0,1,3.0,0,13.2,0.281
18000.0,60,22.4,501.25,E3,MORTGAGE,220000.0,Source Verified,2013-10-01,debt_consolidation,12.14,2002-09-01,11.0,0.0,16934.0,44.7,20.0,f,INDIVIDUAL,1.0,0.0,0,6.0,0,11.1,0.082
28000.0,60,16.2,683.89,C4,RENT,125000.0,Verified,2013-12-01,debt_consolidation,10.98,1977-03-01,10.0,0.0,34923.0,91.2,27.0,f,INDIVIDUAL,3.0,0.0,0,0.0,0,36.8,0.224
18575.0,36,14.49,639.28,C4,RENT,60000.0,Source Verified,2014-06-01,debt_consolidation,20.1,2001-08-01,14.0,0.0,8680.0,30.3,24.0,w,INDIVIDUAL,0.0,0.0,0,0.0,0,12.8,0.31
30000.0,60,15.31,718.59,C2,MORTGAGE,135000.0,Verified,2012-12-01,debt_consolidation,18.57,1995-10-01,10.0,0.0,70495.0,95.1,37.0,f,INDIVIDUAL,4.0,0.0,0,10.0,0,17.2,0.222
8000.0,60,15.1,190.74,C2,MORTGAGE,55000.0,Verified,2013-10-01,home_improvement,8.6,2001-10-01,12.0,0.0,17737.0,36.5,23.0,w,INDIVIDUAL,9.0,0.0,1,5.0,0,12.0,0.145
19000.0,60,15.88,460.84,C4,RENT,50000.0,Verified,2013-09-01,debt_consolidation,19.39,2000-04-01,6.0,1.0,3315.0,42.5,33.0,f,INDIVIDUAL,0.0,1.0,0,7.0,0,13.4,0.38
6000.0,36,16.29,211.81,C5,MORTGAGE,115000.0,Verified,2012-07-01,debt_consolidation,6.66,1992-12-01,9.0,0.0,5696.0,82.6,15.0,f,INDIVIDUAL,2.0,0.0,0,1.0,0,19.6,0.052
12175.0,36,17.57,437.54,D2,MORTGAGE,140000.0,Verified,2013-12-01,debt_consolidation,11.32,1998-04-01,6.0,1.0,6650.0,77.0,22.0,f,INDIVIDUAL,4.0,1.0,0,7.0,0,15.7,0.087
15000.0,36,14.49,516.25,C4,RENT,42000.0,Not Verified,2014-07-01,debt_consolidation,20.71,2008-07-01,17.0,0.0,10974.0,43.5,22.0,f,INDIVIDUAL,0.0,0.0,1,4.0,0,6.0,0.357
20000.0,60,15.61,482.23,D1,RENT,130000.0,Source Verified,2014-10-01,debt_consolidation,10.56,1992-12-01,9.0,1.0,7953.0,56.4,30.0,f,INDIVIDUAL,2.0,1.0,0,2.0,0,21.8,0.154
7450.0,36,10.16,240.96,B1,RENT,45000.0,Not Verified,2012-10-01,credit_card,26.73,1995-12-01,12.0,0.0,20123.0,54.9,21.0,f,INDIVIDUAL,0.0,0.0,0,1.0,0,16.8,0.166
11000.0,36,9.16,350.62,B2,MORTGAGE,66300.0,Source Verified,2016-02-01,credit_card,18.39,2009-04-01,12.0,0.0,16393.0,48.4,18.0,w,INDIVIDUAL,3.0,0.0,0,6.0,0,6.8,0.166
4550.0,36,13.18,153.71,C3,OWN,22000.0,Not Verified,2015-11-01,credit_card,26.4,1989-08-01,7.0,0.0,3632.0,39.0,9.0,w,INDIVIDUAL,0.0,0.0,0,10.0,0,26.3,0.207
9600.0,36,17.77,345.96,D1,RENT,90000.0,Verified,2013-05-01,credit_card,18.16,1992-06-01,18.0,0.0,10954.0,36.0,33.0,f,INDIVIDUAL,0.0,0.0,0,1.0,0,20.9,0.107
8000.0,36,12.99,269.52,C1,MORTGAGE,110000.0,Verified,2014-09-01,debt_consolidation,13.51,2002-12-01,10.0,0.0,7604.0,61.9,40.0,f,INDIVIDUAL,4.0,0.0,0,10.0,0,11.8,0.073
5000.0,36,6.03,152.18,A1,MORTGAGE,42000.0,Verified,2013-12-01,credit_card,25.34,2003-12-01,10.0,0.0,4895.0,44.5,27.0,w,INDIVIDUAL,2.0,0.0,0,6.0,0,10.0,0.119
5000.0,36,14.3,171.62,C1,RENT,35000.0,Verified,2013-12-01,debt_consolidation,20.89,1998-10-01,5.0,0.0,22834.0,55.7,23.0,f,INDIVIDUAL,2.0,0.0,0,1.0,0,15.2,0.143
25000.0,36,11.47,824.05,B5,RENT,105000.0,Verified,2016-03-01,debt_consolidation,15.43,2002-11-01,37.0,0.0,28553.0,42.0,50.0,w,INDIVIDUAL,0.0,0.0,1,6.0,1,13.3,0.238
12000.0,36,7.49,373.22,A4,RENT,66000.0,Not Verified,2011-08-01,debt_consolidation,5.95,2001-07-01,9.0,0.0,17463.0,29.9,16.0,f,INDIVIDUAL,0.0,0.0,0,2.0,0,10.1,0.182
15800.0,36,12.12,525.7,B3,MORTGAGE,50000.0,Not Verified,2013-02-01,debt_consolidation,22.89,2001-12-01,15.0,0.0,22859.0,72.3,27.0,f,INDIVIDUAL,2.0,0.0,0,2.0,0,11.2,0.316
3000.0,36,12.99,101.07,C2,MORTGAGE,150000.0,Source Verified,2014-11-01,debt_consolidation,22.62,1977-04-01,22.0,0.0,96899.0,74.4,37.0,f,INDIVIDUAL,3.0,0.0,0,10.0,0,37.6,0.02
3225.0,36,14.16,110.48,C2,MORTGAGE,18000.0,Not Verified,2014-04-01,debt_consolidation,22.67,2005-05-01,14.0,1.0,10818.0,31.3,17.0,f,INDIVIDUAL,0.0,1.0,0,2.0,0,8.9,0.179
2850.0,36,13.11,96.18,B4,RENT,36000.0,Not Verified,2012-09-01,debt_consolidation,19.47,2001-03-01,9.0,0.0,20267.0,91.7,19.0,f,INDIVIDUAL,2.0,0.0,0,5.0,0,11.5,0.079
10000.0,60,16.99,248.48,D1,MORTGAGE,72000.0,Verified,2014-02-01,debt_consolidation,7.82,1998-07-01,9.0,0.0,5926.0,37.0,20.0,f,INDIVIDUAL,1.0,0.0,0,10.0,0,15.6,0.139
7000.0,36,12.39,233.81,C1,MORTGAGE,75000.0,Source Verified,2015-02-01,debt_consolidation,29.76,1985-02-01,14.0,0.0,6501.0,33.7,23.0,w,INDIVIDUAL,1.0,0.0,0,10.0,0,30.0,0.093
24500.0,36,6.03,745.68,A1,MORTGAGE,120000.0,Not Verified,2014-05-01,debt_consolidation,11.3,2001-07-01,15.0,0.0,18375.0,40.4,34.0,w,INDIVIDUAL,1.0,0.0,0,2.0,0,12.8,0.204
15000.0,36,10.16,485.14,B1,MORTGAGE,135000.0,Verified,2013-02-01,debt_consolidation,14.99,2003-08-01,17.0,0.0,19459.0,68.0,51.0,f,INDIVIDUAL,4.0,0.0,0,10.0,0,9.5,0.111
20000.0,36,14.33,686.77,C1,MORTGAGE,80000.0,Verified,2013-01-01,debt_consolidation,25.25,2000-11-01,24.0,0.0,25104.0,91.3,44.0,f,INDIVIDUAL,2.0,0.0,0,8.0,0,12.2,0.25
35000.0,60,15.61,843.9,D1,MORTGAGE,146000.0,Source Verified,2015-10-01,debt_consolidation,17.33,2000-07-01,14.0,0.0,44503.0,81.5,42.0,w,INDIVIDUAL,5.0,0.0,0,10.0,0,15.2,0.24
20000.0,36,8.9,635.07,A5,RENT,47500.0,Verified,2013-11-01,credit_card,24.41,2003-03-01,8.0,0.0,12113.0,76.2,20.0,f,INDIVIDUAL,0.0,0.0,0,4.0,0,10.7,0.421
11000.0,36,10.16,355.77,B1,OWN,49200.0,Not Verified,2012-08-01,debt_consolidation,14.44,1997-08-01,10.0,0.0,8610.0,38.1,19.0,f,INDIVIDUAL,0.0,0.0,0,10.0,0,15.0,0.224
12000.0,36,7.49,373.22,A4,MORTGAGE,102719.84,Source Verified,2015-01-01,debt_consolidation,9.85,1998-11-01,10.0,0.0,12203.0,51.7,27.0,w,INDIVIDUAL,1.0,0.0,0,6.0,0,16.2,0.117
13500.0,36,14.33,463.57,C1,RENT,50000.0,Verified,2012-11-01,debt_consolidation,31.7,2001-07-01,11.0,0.0,31168.0,93.9,28.0,f,INDIVIDUAL,0.0,0.0,0,1.0,0,11.3,0.27
20000.0,36,10.99,654.68,B2,MORTGAGE,103000.0,Source Verified,2014-02-01,home_improvement,15.92,1989-03-01,23.0,1.0,35274.0,51.3,46.0,f,INDIVIDUAL,5.0,0.0,0,1.0,0,24.9,0.194
8000.0,36,13.53,271.6,B5,MORTGAGE,50000.0,Source Verified,2014-01-01,debt_consolidation,24.87,2000-06-01,10.0,0.0,6262.0,96.3,30.0,w,INDIVIDUAL,5.0,0.0,0,10.0,0,13.6,0.16
18500.0,60,16.99,459.68,D3,MORTGAGE,110000.0,Verified,2015-03-01,credit_card,38.57,1989-06-01,23.0,0.0,25690.0,51.5,35.0,f,INDIVIDUAL,2.0,0.0,1,1.0,0,25.7,0.168
10000.0,36,14.99,346.61,C5,RENT,93000.0,Verified,2014-10-01,credit_card,34.01,1987-09-01,21.0,0.0,23677.0,66.1,52.0,f,INDIVIDUAL,0.0,0.0,0,4.0,0,27.1,0.108
14400.0,36,8.18,452.45,B1,MORTGAGE,65000.0,Source Verified,2015-09-01,debt_consolidation,7.75,1999-08-01,9.0,0.0,19189.0,50.5,18.0,w,INDIVIDUAL,1.0,0.0,0,8.0,0,16.1,0.222
7000.0,36,7.69,218.36,A4,MORTGAGE,74000.0,Source Verified,2014-07-01,debt_consolidation,30.15,2001-12-01,20.0,0.0,9723.0,16.9,30.0,w,INDIVIDUAL,4.0,0.0,0,10.0,0,12.6,0.095
6000.0,36,11.47,197.78,B5,MORTGAGE,75000.0,Verified,2016-02-01,moving,18.7,1988-11-01,10.0,1.0,3300.0,27.5,29.0,w,INDIVIDUAL,1.0,1.0,0,10.0,0,27.2,0.08
27825.0,60,24.99,816.54,F4,RENT,87000.0,Verified,2015-09-01,small_business,9.71,2003-11-01,6.0,0.0,8638.0,45.5,20.0,f,INDIVIDUAL,3.0,0.0,1,8.0,0,11.8,0.32
34350.0,36,18.25,1246.15,D3,MORTGAGE,82000.0,Source Verified,2014-03-01,debt_consolidation,21.36,1984-03-01,16.0,1.0,18714.0,63.9,38.0,f,INDIVIDUAL,6.0,1.0,0,6.0,0,30.0,0.419
6000.0,36,13.67,204.11,B5,RENT,20000.0,Not Verified,2012-02-01,major_purchase,0.9,2008-05-01,4.0,0.0,962.0,20.9,4.0,f,INDIVIDUAL,0.0,0.0,0,2.0,0,3.8,0.3
8000.0,36,10.74,260.93,B4,RENT,75000.0,Source Verified,2011-04-01,debt_consolidation,4.06,1992-01-01,13.0,0.0,7369.0,23.6,21.0,f,INDIVIDUAL,1.0,0.0,0,5.0,0,19.2,0.107
9800.0,36,14.33,336.52,C1,RENT,29000.0,Verified,2012-12-01,debt_consolidation,23.54,2001-03-01,11.0,0.0,13209.0,69.5,22.0,f,INDIVIDUAL,0.0,0.0,0,10.0,0,11.8,0.338
15000.0,36,9.17,478.19,B2,MORTGAGE,57000.0,Not Verified,2015-10-01,home_improvement,10.48,1992-08-01,11.0,1.0,6441.0,18.2,31.0,w,INDIVIDUAL,2.0,1.0,0,10.0,0,23.2,0.263
10000.0,36,5.32,301.15,A1,MORTGAGE,110700.0,Not Verified,2015-09-01,credit_card,9.19,2000-01-01,9.0,0.0,21265.0,57.6,21.0,w,INDIVIDUAL,6.0,0.0,0,10.0,0,15.7,0.09
15000.0,60,18.55,385.41,D2,RENT,105000.0,Verified,2013-12-01,major_purchase,13.15,2003-12-01,12.0,0.0,7402.0,46.0,17.0,f,INDIVIDUAL,0.0,0.0,0,3.0,0,10.0,0.143
11975.0,60,20.49,320.54,E2,MORTGAGE,135000.0,Verified,2014-04-01,debt_consolidation,14.87,1994-10-01,16.0,1.0,4308.0,23.0,43.0,w,INDIVIDUAL,6.0,1.0,0,5.0,0,19.5,0.089
4175.0,36,14.65,144.02,C2,RENT,60000.0,Not Verified,2012-06-01,debt_consolidation,19.24,2000-04-01,23.0,1.0,8773.0,29.9,32.0,f,INDIVIDUAL,0.0,1.0,0,2.0,0,12.2,0.07
10200.0,36,9.17,325.17,B2,RENT,90000.0,Not Verified,2015-06-01,other,11.09,1999-01-01,15.0,0.0,15171.0,27.8,35.0,w,INDIVIDUAL,0.0,0.0,0,10.0,0,16.4,0.113
15000.0,36,17.57,539.06,D4,MORTGAGE,70000.0,Not Verified,2014-08-01,debt_consolidation,13.01,1996-11-01,6.0,0.0,5427.0,106.4,32.0,f,INDIVIDUAL,1.0,0.0,0,10.0,0,17.7,0.214
35000.0,36,9.16,1115.6,B2,MORTGAGE,96000.0,Source Verified,2016-02-01,debt_consolidation,11.28,2002-01-01,9.0,0.0,6590.0,20.1,25.0,w,INDIVIDUAL,2.0,0.0,1,4.0,0,14.1,0.365
4500.0,36,17.77,162.17,D1,MORTGAGE,48900.0,Verified,2013-06-01,other,28.1,1994-04-01,10.0,0.0,9948.0,69.6,22.0,f,INDIVIDUAL,3.0,0.0,0,9.0,0,19.2,0.092
8400.0,36,12.29,280.17,C1,RENT,52000.0,Source Verified,2015-03-01,debt_consolidation,18.32,1999-06-01,14.0,1.0,10632.0,40.7,20.0,w,INDIVIDUAL,1.0,1.0,0,6.0,0,15.7,0.162
35000.0,60,13.99,814.21,C4,MORTGAGE,190000.0,Verified,2015-03-01,debt_consolidation,36.79,1994-03-01,21.0,0.0,44276.0,50.2,53.0,f,INDIVIDUAL,4.0,0.0,1,8.0,0,21.0,0.184
11050.0,60,14.31,258.9,C4,MORTGAGE,92000.0,Source Verified,2014-11-01,debt_consolidation,20.56,1998-11-01,14.0,0.0,9389.0,64.8,19.0,w,INDIVIDUAL,2.0,0.0,0,10.0,0,16.0,0.12
12000.0,60,12.99,272.98,C2,MORTGAGE,50000.0,Source Verified,2015-01-01,debt_consolidation,2.0,2004-03-01,6.0,0.0,4454.0,19.4,10.0,w,INDIVIDUAL,0.0,0.0,0,6.0,0,10.8,0.24
10000.0,36,7.62,311.62,A3,MORTGAGE,105000.0,Not Verified,2014-03-01,major_purchase,7.45,2000-04-01,13.0,0.0,3011.0,8.5,38.0,w,INDIVIDUAL,3.0,0.0,0,10.0,0,13.9,0.095
7675.0,36,8.9,243.71,A5,RENT,24000.0,Verified,2012-12-01,credit_card,21.05,1997-11-01,3.0,0.0,5480.0,58.3,10.0,f,INDIVIDUAL,0.0,0.0,0,6.0,1,15.1,0.32
28000.0,60,10.99,608.65,B4,MORTGAGE,200000.0,Not Verified,2015-05-01,debt_consolidation,17.97,1999-03-01,11.0,0.0,7159.0,40.4,27.0,w,INDIVIDUAL,5.0,0.0,1,9.0,0,16.2,0.14
7750.0,36,16.24,273.39,C5,MORTGAGE,56000.0,Verified,2014-01-01,debt_consolidation,30.95,1996-03-01,10.0,1.0,3819.0,43.9,29.0,f,INDIVIDUAL,2.0,0.0,0,4.0,0,17.8,0.138
9325.0,36,10.16,301.6,B1,MORTGAGE,43000.0,Verified,2012-08-01,small_business,20.68,1998-06-01,11.0,0.0,17769.0,97.6,36.0,f,INDIVIDUAL,2.0,0.0,0,5.0,0,14.2,0.217
8725.0,36,18.85,319.17,D3,OWN,30224.0,Not Verified,2013-07-01,debt_consolidation,21.44,2000-04-01,6.0,1.0,6428.0,78.4,11.0,f,INDIVIDUAL,0.0,1.0,1,8.0,0,13.2,0.289
5500.0,36,15.31,191.5,C2,OWN,41600.0,Not Verified,2012-11-01,medical,18.09,2009-07-01,7.0,0.0,3041.0,22.5,9.0,f,INDIVIDUAL,0.0,0.0,0,3.0,0,3.3,0.132
18000.0,36,9.17,573.83,B2,MORTGAGE,50000.0,Source Verified,2015-12-01,debt_consolidation,15.7,2001-01-01,9.0,0.0,4741.0,14.1,25.0,w,INDIVIDUAL,3.0,0.0,0,2.0,0,14.9,0.36
18000.0,36,7.89,563.15,A5,RENT,140000.0,Verified,2015-11-01,debt_consolidation,5.41,2005-09-01,10.0,0.0,17069.0,24.0,20.0,f,INDIVIDUAL,0.0,0.0,0,1.0,0,10.2,0.129
8000.0,36,16.99,285.19,D3,RENT,22000.0,Not Verified,2015-04-01,debt_consolidation,17.4,2011-02-01,11.0,0.0,9929.0,48.0,14.0,f,INDIVIDUAL,0.0,0.0,0,0.0,0,4.2,0.364
12000.0,60,20.49,321.21,E4,MORTGAGE,50000.0,Not Verified,2015-05-01,vacation,34.33,1997-09-01,11.0,0.0,10287.0,33.6,34.0,w,INDIVIDUAL,2.0,0.0,1,1.0,0,17.7,0.24
30000.0,60,12.12,669.16,B3,MORTGAGE,130000.0,Verified,2012-11-01,debt_consolidation,28.4,1994-12-01,17.0,0.0,86682.0,8.2,47.0,f,INDIVIDUAL,6.0,0.0,0,10.0,0,17.9,0.231
28000.0,36,13.11,944.92,B4,MORTGAGE,70000.0,Verified,2013-04-01,debt_consolidation,25.15,2005-01-01,19.0,0.0,11929.0,30.4,25.0,f,INDIVIDUAL,0.0,0.0,1,10.0,0,8.2,0.4
30000.0,60,13.99,697.9,C3,MORTGAGE,87500.0,Source Verified,2016-09-01,debt_consolidation,12.92,1999-03-01,12.0,0.0,3612.0,6.1,32.0,w,INDIVIDUAL,1.0,0.0,0,4.0,0,17.5,0.343
12000.0,36,15.31,417.81,C2,OTHER,40000.0,Not Verified,2012-11-01,credit_card,14.52,2005-08-01,10.0,0.0,8996.0,84.1,14.0,f,INDIVIDUAL,2.0,0.0,0,2.0,0,7.3,0.3
20000.0,36,13.53,679.0,B5,MORTGAGE,80000.0,Source Verified,2014-01-01,debt_consolidation,12.57,2003-03-01,10.0,1.0,18775.0,77.9,33.0,f,INDIVIDUAL,2.0,1.0,0,4.0,0,10.8,0.25
13600.0,36,12.99,458.18,B5,MORTGAGE,40000.0,Source Verified,2014-02-01,debt_consolidation,15.72,2008-06-01,6.0,0.0,6883.0,88.2,6.0,w,INDIVIDUAL,1.0,0.0,0,5.0,0,5.7,0.34
16950.0,36,17.77,610.83,D1,MORTGAGE,66000.0,Verified,2012-09-01,debt_consolidation,29.67,1998-01-01,11.0,0.0,14032.0,89.4,38.0,f,INDIVIDUAL,11.0,0.0,0,10.0,0,14.7,0.257
6000.0,36,8.99,190.78,B1,OWN,125000.0,Source Verified,2016-06-01,car,18.37,1992-04-01,10.0,0.0,33454.0,65.5,32.0,w,INDIVIDUAL,5.0,0.0,0,10.0,0,24.2,0.048
5000.0,36,18.25,181.39,D3,MORTGAGE,32000.0,Verified,2014-01-01,debt_consolidation,15.04,2001-07-01,5.0,0.0,12460.0,98.9,11.0,f,INDIVIDUAL,1.0,0.0,0,3.0,0,12.5,0.156
8000.0,36,20.31,298.58,D5,RENT,37000.0,Source Verified,2013-08-01,moving,28.28,2003-01-01,4.0,0.0,532.0,66.5,20.0,f,INDIVIDUAL,0.0,0.0,0,10.0,0,10.6,0.216
29000.0,60,25.83,865.36,G2,MORTGAGE,100000.0,Source Verified,2014-07-01,debt_consolidation,4.39,1991-01-01,9.0,0.0,8043.0,65.4,25.0,w,INDIVIDUAL,4.0,0.0,0,10.0,0,23.5,0.29
8000.0,36,11.53,263.93,B5,RENT,94000.0,Not Verified,2015-06-01,debt_consolidation,24.91,1998-06-01,14.0,0.0,11641.0,61.9,16.0,w,INDIVIDUAL,0.0,0.0,0,2.0,0,17.0,0.085
14000.0,36,17.57,503.12,D2,MORTGAGE,42000.0,Verified,2014-01-01,debt_consolidation,26.63,1998-08-01,12.0,0.0,11161.0,61.7,33.0,f,INDIVIDUAL,3.0,0.0,1,6.0,1,15.4,0.333
16800.0,36,8.9,533.46,A5,RENT,55000.0,Not Verified,2014-01-01,credit_card,19.25,2000-06-01,13.0,0.0,23210.0,42.7,29.0,w,INDIVIDUAL,0.0,0.0,0,3.0,0,13.6,0.305
5000.0,36,15.31,174.09,C5,RENT,42000.0,Source Verified,2016-04-01,debt_consolidation,22.49,2005-07-01,10.0,0.0,674.0,9.9,19.0,w,INDIVIDUAL,0.0,0.0,0,2.0,0,10.8,0.119
8000.0,36,11.49,263.78,B4,OWN,110000.0,Not Verified,2011-07-01,home_improvement,19.9,1998-09-01,9.0,0.0,27166.0,74.8,27.0,f,INDIVIDUAL,2.0,0.0,0,7.0,0,12.8,0.073
17000.0,60,7.89,343.81,A5,MORTGAGE,70000.0,Source Verified,2015-11-01,debt_consolidation,20.47,2000-01-01,5.0,0.0,17266.0,46.3,13.0,w,INDIVIDUAL,6.0,0.0,0,10.0,0,15.8,0.243
3250.0,60,13.67,75.07,B5,MORTGAGE,36400.0,Verified,2012-03-01,other,25.38,2001-10-01,7.0,0.0,3397.0,33.0,18.0,f,INDIVIDUAL,1.0,0.0,0,3.0,0,10.4,0.089
6400.0,36,14.65,220.77,C5,RENT,82160.0,Source Verified,2015-02-01,debt_consolidation,1.65,1993-05-01,4.0,1.0,3115.0,56.2,8.0,f,INDIVIDUAL,0.0,1.0,1,5.0,0,21.8,0.078
10000.0,36,8.67,316.47,B1,MORTGAGE,70000.0,Not Verified,2014-12-01,debt_consolidation,4.92,2001-11-01,6.0,0.0,2448.0,13.8,29.0,f,INDIVIDUAL,1.0,0.0,0,3.0,0,13.1,0.143
20000.0,36,11.99,664.2,C1,MORTGAGE,82000.0,Verified,2016-01-01,debt_consolidation,33.87,1986-09-01,14.0,0.0,23250.0,82.4,48.0,w,INDIVIDUAL,3.0,0.0,1,3.0,0,29.3,0.244
22000.0,60,15.61,530.45,D1,MORTGAGE,64000.0,Not Verified,2014-08-01,debt_consolidation,16.91,2004-01-01,5.0,0.0,18124.0,91.1,17.0,w,INDIVIDUAL,3.0,0.0,1,2.0,0,10.6,0.344
35000.0,60,21.18,950.42,E3,MORTGAGE,250000.0,Verified,2014-02-01,debt_consolidation,3.31,1990-03-01,7.0,0.0,18450.0,58.9,28.0,f,INDIVIDUAL,15.0,0.0,1,4.0,0,23.9,0.14
24500.0,36,7.9,766.62,A4,MORTGAGE,175000.0,Source Verified,2013-03-01,credit_card,11.92,1999-11-01,24.0,0.0,30655.0,55.3,45.0,w,INDIVIDUAL,2.0,0.0,0,10.0,0,13.3,0.14
6850.0,36,15.8,240.15,C3,RENT,30000.0,Not Verified,2012-12-01,credit_card,15.0,1989-09-01,9.0,0.0,4900.0,37.5,14.0,w,INDIVIDUAL,0.0,0.0,0,1.0,0,23.2,0.228
6000.0,36,12.68,201.25,C1,MORTGAGE,46000.0,Source Verified,2011-03-01,debt_consolidation,17.5,2000-02-01,13.0,0.0,7114.0,64.1,22.0,f,INDIVIDUAL,1.0,0.0,0,6.0,0,11.1,0.13
8400.0,36,9.17,267.79,B2,OWN,62000.0,Source Verified,2015-12-01,debt_consolidation,15.56,2003-02-01,12.0,0.0,4474.0,12.6,42.0,f,INDIVIDUAL,0.0,0.0,0,10.0,0,12.8,0.135
5000.0,36,9.17,159.4,B1,MORTGAGE,47748.0,Not Verified,2014-07-01,debt_consolidation,18.25,1991-07-01,9.0,0.0,8143.0,46.5,12.0,w,INDIVIDUAL,2.0,0.0,0,10.0,0,23.0,0.105
30000.0,36,16.29,1059.02,D2,RENT,80000.0,Verified,2014-08-01,debt_consolidation,14.48,2000-10-01,12.0,0.0,14529.0,42.0,19.0,w,INDIVIDUAL,0.0,0.0,0,1.0,0,13.8,0.375
1500.0,36,18.49,54.6,D2,RENT,32000.0,Verified,2013-01-01,credit_card,9.15,2002-05-01,4.0,0.0,7217.0,92.7,11.0,f,INDIVIDUAL,0.0,0.0,0,6.0,0,10.7,0.047
2300.0,36,13.67,78.25,B5,RENT,42000.0,Not Verified,2012-05-01,credit_card,23.54,2008-01-01,9.0,0.0,2424.0,43.3,16.0,f,INDIVIDUAL,0.0,0.0,0,3.0,0,4.3,0.055
2000.0,36,14.31,68.66,C4,MORTGAGE,34000.0,Not Verified,2014-11-01,debt_consolidation,19.13,2000-03-01,8.0,0.0,5904.0,73.8,21.0,w,INDIVIDUAL,2.0,0.0,0,10.0,0,14.7,0.059
10000.0,36,13.53,339.5,B5,MORTGAGE,85000.0,Source Verified,2013-12-01,debt_consolidation,6.59,2000-03-01,10.0,0.0,14419.0,71.0,21.0,f,INDIVIDUAL,1.0,0.0,0,5.0,0,13.8,0.118
10000.0,36,13.11,337.47,B4,RENT,90000.0,Not Verified,2013-06-01,credit_card,5.48,2002-04-01,9.0,1.0,3694.0,34.5,17.0,f,INDIVIDUAL,0.0,1.0,0,10.0,0,11.2,0.111
10000.0,36,11.99,332.1,C1,RENT,45000.0,Not Verified,2016-03-01,debt_consolidation,16.32,2008-01-01,9.0,0.0,7041.0,89.0,11.0,f,INDIVIDUAL,0.0,0.0,1,4.0,0,8.2,0.222
13000.0,60,11.49,285.84,B4,MORTGAGE,191508.0,Source Verified,2011-05-01,debt_consolidation,9.46,1989-07-01,9.0,0.0,9897.0,47.1,42.0,f,INDIVIDUAL,3.0,0.0,0,1.0,0,21.8,0.068
16000.0,36,7.49,497.63,A4,OWN,162000.0,Not Verified,2015-01-01,debt_consolidation,7.62,2002-06-01,13.0,2.0,8836.0,16.8,27.0,f,INDIVIDUAL,4.0,0.0,1,3.0,0,12.6,0.099
14000.0,36,6.03,426.1,A1,MORTGAGE,54000.0,Not Verified,2012-08-01,credit_card,24.34,1999-12-01,8.0,0.0,24170.0,61.2,35.0,f,INDIVIDUAL,1.0,0.0,0,8.0,0,12.7,0.259
10000.0,36,15.61,349.65,C5,MORTGAGE,54000.0,Source Verified,2014-04-01,debt_consolidation,25.29,2005-09-01,10.0,0.0,6642.0,38.6,14.0,f,INDIVIDUAL,2.0,0.0,0,8.0,0,8.6,0.185
10000.0,60,12.69,225.95,C2,MORTGAGE,49000.0,Not Verified,2015-02-01,credit_card,18.88,1985-01-01,6.0,0.0,8469.0,99.6,19.0,w,INDIVIDUAL,2.0,0.0,0,10.0,0,30.1,0.204
11000.0,36,12.42,367.57,B4,RENT,71200.0,Not Verified,2011-12-01,credit_card,18.72,1998-03-01,10.0,0.0,12898.0,70.9,21.0,f,INDIVIDUAL,1.0,0.0,0,2.0,0,13.8,0.154
15000.0,36,9.16,478.12,B2,OWN,43000.0,Source Verified,2016-03-01,debt_consolidation,27.04,1993-04-01,8.0,0.0,10796.0,60.0,18.0,f,INDIVIDUAL,0.0,0.0,0,7.0,0,22.9,0.349
30000.0,36,13.53,1018.5,B5,MORTGAGE,118000.0,Verified,2014-01-01,debt_consolidation,23.77,1997-07-01,14.0,0.0,29690.0,81.3,29.0,w,INDIVIDUAL,1.0,0.0,0,3.0,0,16.5,0.254
3300.0,36,18.49,120.12,D2,OWN,19000.0,Not Verified,2013-06-01,credit_card,24.95,2010-03-01,4.0,0.0,4295.0,85.9,5.0,f,INDIVIDUAL,0.0,0.0,0,5.0,0,3.3,0.174
30000.0,36,11.44,988.43,B4,RENT,875000.0,Source Verified,2016-12-01,credit_card,4.62,1994-01-01,12.0,0.0,41481.0,70.7,22.0,w,INDIVIDUAL,7.0,0.0,0,5.0,0,22.9,0.034
21500.0,60,20.75,578.63,E2,RENT,43000.0,Not Verified,2016-02-01,debt_consolidation,30.78,2000-02-01,10.0,0.0,34817.0,43.7,23.0,w,INDIVIDUAL,0.0,0.0,0,1.0,0,16.0,0.5
1600.0,36,6.68,49.17,A3,RENT,27000.0,Verified,2015-02-01,credit_card,3.96,2000-02-01,5.0,0.0,776.0,8.3,16.0,f,INDIVIDUAL,0.0,0.0,0,8.0,0,15.0,0.059
7000.0,36,9.67,224.79,B1,RENT,40000.0,Source Verified,2013-11-01,credit_card,10.32,1998-10-01,6.0,0.0,8158.0,44.8,11.0,f,INDIVIDUAL,0.0,0.0,0,8.0,0,15.1,0.175
4000.0,36,13.06,134.9,C2,OWN,36000.0,Source Verified,2011-04-01,debt_consolidation,11.47,2006-08-01,12.0,0.0,4941.0,58.1,13.0,f,INDIVIDUAL,0.0,0.0,0,0.0,0,4.7,0.111
10000.0,36,18.49,363.99,D2,RENT,220000.0,Verified,2013-06-01,debt_consolidation,4.65,2002-02-01,6.0,0.0,1874.0,25.3,13.0,f,INDIVIDUAL,0.0,0.0,0,6.0,0,11.3,0.045
24000.0,36,16.99,855.55,D3,MORTGAGE,100000.0,Source Verified,2014-10-01,debt_consolidation,23.21,1998-09-01,15.0,0.0,53836.0,75.2,40.0,f,INDIVIDUAL,8.0,0.0,0,3.0,0,16.1,0.24
20900.0,60,20.49,559.44,E1,MORTGAGE,60000.0,Source Verified,2012-09-01,debt_consolidation,24.46,2000-07-01,16.0,0.0,16270.0,76.7,28.0,f,INDIVIDUAL,3.0,0.0,1,0.0,0,12.2,0.348
2975.0,36,12.85,100.03,B4,RENT,35360.0,Source Verified,2013-12-01,debt_consolidation,15.78,2006-08-01,13.0,0.0,3130.0,32.3,15.0,w,INDIVIDUAL,0.0,0.0,0,0.0,0,7.3,0.084
35000.0,36,15.61,1223.77,C5,MORTGAGE,212000.0,Verified,2014-04-01,debt_consolidation,27.19,1998-10-01,35.0,0.0,42158.0,35.1,63.0,w,INDIVIDUAL,4.0,0.0,0,6.0,0,15.5,0.165
7800.0,60,10.0,165.73,B2,RENT,52656.0,Verified,2011-04-01,medical,7.7,1984-09-01,16.0,0.0,0.0,0.0,24.0,f,INDIVIDUAL,1.0,0.0,0,10.0,0,26.6,0.148
35000.0,36,14.85,1210.72,C5,RENT,98000.0,Verified,2015-12-01,debt_consolidation,18.38,2004-12-01,10.0,0.0,40109.0,89.5,24.0,w,INDIVIDUAL,0.0,0.0,0,10.0,0,11.0,0.357
30000.0,60,25.8,894.67,G1,RENT,175000.0,Verified,2015-04-01,house,1.98,1998-08-01,7.0,0.0,9632.0,30.5,26.0,w,INDIVIDUAL,2.0,0.0,1,4.0,0,16.7,0.171
21600.0,60,17.57,543.46,D2,MORTGAGE,55000.0,Source Verified,2014-04-01,credit_card,26.21,1986-03-01,10.0,0.0,27019.0,68.6,15.0,f,INDIVIDUAL,4.0,0.0,0,10.0,0,28.1,0.393
1000.0,36,12.99,33.69,C1,RENT,27500.0,Not Verified,2014-07-01,vacation,15.28,1999-10-01,4.0,1.0,4872.0,70.6,9.0,w,INDIVIDUAL,0.0,1.0,0,9.0,0,14.7,0.036
35000.0,36,13.99,1196.05,C3,MORTGAGE,124000.0,Verified,2016-08-01,credit_card,19.31,1999-08-01,17.0,0.0,25566.0,56.9,50.0,w,INDIVIDUAL,3.0,0.0,0,0.0,0,17.0,0.282
4475.0,36,16.29,157.97,D2,MORTGAGE,120000.0,Source Verified,2014-07-01,debt_consolidation,5.28,1979-04-01,12.0,0.0,4895.0,70.9,39.0,f,INDIVIDUAL,3.0,0.0,1,6.0,1,35.2,0.037
5950.0,36,12.12,197.97,B3,MORTGAGE,42000.0,Source Verified,2013-02-01,debt_consolidation,23.54,1994-12-01,10.0,0.0,39655.0,62.6,30.0,f,INDIVIDUAL,1.0,0.0,1,6.0,0,18.2,0.142
12000.0,60,23.43,341.26,F1,RENT,44200.0,Source Verified,2014-07-01,debt_consolidation,17.61,2002-06-01,10.0,0.0,9378.0,70.5,18.0,f,INDIVIDUAL,0.0,0.0,1,5.0,0,12.1,0.271
15000.0,36,10.64,488.53,B4,MORTGAGE,52000.0,Verified,2015-12-01,debt_consolidation,6.53,1999-09-01,4.0,0.0,12273.0,86.4,10.0,w,INDIVIDUAL,1.0,0.0,0,10.0,0,16.2,0.288
20000.0,60,21.7,548.98,E2,MORTGAGE,130000.0,Source Verified,2013-09-01,debt_consolidation,9.49,1995-06-01,6.0,0.0,15233.0,72.9,19.0,f,INDIVIDUAL,5.0,0.0,1,2.0,0,18.3,0.154
12000.0,60,16.11,292.52,C5,OWN,36000.0,Verified,2011-06-01,home_improvement,14.6,1993-10-01,5.0,0.0,17620.0,82.7,6.0,f,INDIVIDUAL,0.0,0.0,0,6.0,0,17.7,0.333
30000.0,60,14.49,705.7,C4,MORTGAGE,150000.0,Verified,2016-08-01,debt_consolidation,11.99,2006-01-01,17.0,0.0,20429.0,73.8,29.0,w,INDIVIDUAL,3.0,0.0,0,9.0,0,10.6,0.2
6025.0,36,10.78,196.63,B4,RENT,67200.0,Verified,2016-01-01,medical,21.7,2003-12-01,8.0,0.0,16722.0,96.7,21.0,w,INDIVIDUAL,0.0,0.0,0,10.0,0,12.1,0.09
10500.0,60,17.27,262.48,C5,RENT,64000.0,Verified,2013-02-01,debt_consolidation,24.09,1998-04-01,10.0,0.0,5483.0,47.7,23.0,w,INDIVIDUAL,1.0,0.0,0,10.0,0,14.8,0.164
16500.0,60,15.61,397.84,D1,MORTGAGE,96000.0,Source Verified,2015-02-01,debt_consolidation,22.05,1993-07-01,17.0,0.0,34820.0,53.5,34.0,w,INDIVIDUAL,4.0,0.0,0,10.0,0,21.6,0.172
1800.0,36,13.11,60.75,B4,RENT,38000.0,Not Verified,2012-10-01,vacation,7.33,1999-02-01,5.0,0.0,3510.0,87.7,18.0,f,INDIVIDUAL,5.0,0.0,0,10.0,0,13.7,0.047
25000.0,36,14.47,860.16,C2,RENT,90000.0,Verified,2014-01-01,credit_card,15.94,2000-05-01,12.0,0.0,20802.0,67.3,20.0,f,INDIVIDUAL,1.0,0.0,0,9.0,0,13.7,0.278
6000.0,36,12.69,201.27,C2,RENT,44640.0,Verified,2015-08-01,debt_consolidation,21.24,2004-01-01,9.0,0.0,18869.0,98.3,17.0,f,INDIVIDUAL,0.0,0.0,0,6.0,1,11.6,0.134
8000.0,36,14.96,277.16,D2,RENT,42000.0,Not Verified,2009-09-01,major_purchase,4.46,2004-11-01,7.0,0.0,5626.0,26.9,9.0,f,INDIVIDUAL,0.0,0.0,1,2.0,0,4.8,0.19
18000.0,36,6.17,341.59,A3,MORTGAGE,132000.0,Verified,2010-11-01,credit_card,6.74,1997-11-01,6.0,0.0,11797.0,22.1,15.0,f,INDIVIDUAL,0.0,0.0,0,2.0,0,13.0,0.136
7075.0,36,7.9,221.38,A4,RENT,69000.0,Not Verified,2014-01-01,debt_consolidation,19.2,1993-08-01,6.0,0.0,36943.0,74.6,17.0,w,INDIVIDUAL,0.0,0.0,0,7.0,0,20.4,0.103
6625.0,36,16.24,233.71,C5,RENT,36747.43,Verified,2014-01-01,credit_card,25.07,2001-07-01,10.0,0.0,3912.0,83.2,30.0,w,INDIVIDUAL,0.0,0.0,1,4.0,0,12.5,0.18
20000.0,60,12.49,449.86,B5,MORTGAGE,126000.0,Verified,2014-05-01,credit_card,22.32,1988-03-01,21.0,0.0,37518.0,50.3,41.0,f,INDIVIDUAL,3.0,0.0,0,0.0,0,26.2,0.159
20000.0,36,19.99,743.17,E4,MORTGAGE,45000.0,Verified,2015-06-01,debt_consolidation,28.96,2006-10-01,14.0,0.0,7541.0,26.7,35.0,f,INDIVIDUAL,1.0,0.0,1,8.0,0,8.7,0.444
28000.0,36,10.16,905.59,B1,RENT,85000.0,Verified,2013-04-01,home_improvement,7.48,2003-04-01,9.0,0.0,19643.0,65.7,26.0,w,INDIVIDUAL,2.0,0.0,0,6.0,0,10.0,0.329
17100.0,60,22.39,476.09,E1,RENT,45000.0,Verified,2016-06-01,debt_consolidation,23.28,2003-02-01,7.0,1.0,5649.0,71.5,26.0,f,INDIVIDUAL,0.0,1.0,0,2.0,0,13.3,0.38
10550.0,60,19.52,276.71,E3,RENT,66000.0,Source Verified,2015-04-01,debt_consolidation,12.38,1990-09-01,19.0,0.0,3118.0,19.9,37.0,w,INDIVIDUAL,0.0,0.0,0,10.0,0,24.6,0.16
10400.0,60,14.33,243.78,C2,RENT,80000.0,Verified,2013-09-01,debt_consolidation,8.44,1998-04-01,9.0,0.0,9429.0,29.1,15.0,f,INDIVIDUAL,0.0,0.0,0,6.0,0,15.4,0.13
3000.0,36,9.17,95.64,B1,MORTGAGE,50000.0,Source Verified,2014-10-01,debt_consolidation,19.05,2001-10-01,16.0,0.0,4291.0,14.1,71.0,w,INDIVIDUAL,2.0,0.0,1,10.0,0,13.0,0.06
5400.0,36,10.75,176.16,B4,MORTGAGE,50000.0,Source Verified,2016-03-01,other,24.96,1995-09-01,10.0,1.0,9661.0,72.6,20.0,w,INDIVIDUAL,3.0,1.0,1,10.0,0,20.5,0.108
10700.0,36,8.18,336.19,B1,OWN,56000.0,Source Verified,2015-10-01,debt_consolidation,16.59,1993-12-01,19.0,0.0,18971.0,17.0,53.0,f,INDIVIDUAL,3.0,0.0,0,7.0,0,21.8,0.191
11850.0,36,15.61,414.34,C3,RENT,50000.0,Verified,2013-10-01,debt_consolidation,14.21,2004-08-01,10.0,0.0,7313.0,34.2,21.0,w,INDIVIDUAL,0.0,0.0,0,6.0,0,9.2,0.237
8000.0,60,8.88,165.61,B1,MORTGAGE,75000.0,Not Verified,2010-11-01,car,1.58,1984-10-01,6.0,0.0,6864.0,45.2,24.0,f,INDIVIDUAL,1.0,0.0,0,10.0,0,26.1,0.107
32400.0,60,17.77,818.7,D1,RENT,84000.0,Verified,2013-06-01,debt_consolidation,16.44,1983-08-01,14.0,0.0,23149.0,26.0,30.0,f,INDIVIDUAL,4.0,0.0,1,10.0,0,29.8,0.386
18000.0,60,22.15,498.68,E5,OWN,40000.0,Source Verified,2014-10-01,credit_card,27.75,2007-09-01,7.0,1.0,16717.0,96.1,13.0,w,INDIVIDUAL,0.0,1.0,1,10.0,0,7.1,0.45
25000.0,60,21.98,690.19,E4,MORTGAGE,134200.0,Verified,2013-04-01,debt_consolidation,22.8,1986-06-01,25.0,0.0,28249.0,57.5,63.0,f,INDIVIDUAL,3.0,0.0,1,10.0,0,26.8,0.186
9000.0,36,12.99,303.21,B4,RENT,80000.0,Not Verified,2013-11-01,credit_card,6.0,2004-07-01,5.0,0.0,17430.0,86.7,9.0,f,INDIVIDUAL,0.0,0.0,0,10.0,0,9.3,0.112
5000.0,36,6.03,152.18,A1,MORTGAGE,120000.0,Not Verified,2013-07-01,car,10.86,1983-08-01,17.0,0.0,32529.0,2.0,36.0,w,INDIVIDUAL,1.0,0.0,0,10.0,0,29.9,0.042
10075.0,36,15.22,350.34,C3,RENT,74000.0,Verified,2013-07-01,other,29.59,2006-10-01,11.0,0.0,1977.0,22.7,21.0,f,INDIVIDUAL,0.0,0.0,0,4.0,0,6.7,0.136
16000.0,36,6.89,493.23,A3,MORTGAGE,56000.0,Source Verified,2015-07-01,debt_consolidation,27.5,1996-12-01,11.0,0.0,20481.0,48.1,24.0,w,INDIVIDUAL,0.0,0.0,0,5.0,0,18.6,0.286
20125.0,60,19.19,524.16,E3,MORTGAGE,62000.0,Verified,2015-06-01,debt_consolidation,26.83,2002-08-01,18.0,1.0,12718.0,43.7,49.0,f,INDIVIDUAL,4.0,1.0,0,0.0,0,12.8,0.325
6000.0,60,7.88,121.32,A5,MORTGAGE,12000.0,Not Verified,2010-09-01,car,13.5,1997-12-01,9.0,0.0,2733.0,9.3,28.0,f,INDIVIDUAL,2.0,0.0,1,6.0,1,12.8,0.5
7500.0,36,6.03,228.27,A1,MORTGAGE,61000.0,Not Verified,2015-01-01,debt_consolidation,16.45,1990-08-01,21.0,0.0,997.0,1.9,32.0,f,INDIVIDUAL,1.0,0.0,0,9.0,0,24.4,0.123
14000.0,60,10.99,304.33,B4,OWN,104000.0,Not Verified,2015-06-01,home_improvement,9.69,2001-03-01,8.0,0.0,22204.0,81.6,17.0,w,INDIVIDUAL,2.0,0.0,0,10.0,0,14.3,0.135
30000.0,60,23.83,860.09,F5,MORTGAGE,72500.0,Verified,2012-11-01,debt_consolidation,14.09,1993-11-01,7.0,0.0,6875.0,94.2,32.0,f,INDIVIDUAL,4.0,0.0,1,10.0,0,19.0,0.414
3000.0,36,11.47,98.89,B5,MORTGAGE,70000.0,Source Verified,2016-03-01,moving,12.65,2001-03-01,7.0,0.0,13757.0,90.5,16.0,w,INDIVIDUAL,3.0,0.0,0,3.0,0,15.0,0.043
13150.0,60,18.25,335.72,E1,MORTGAGE,41100.0,Source Verified,2015-07-01,debt_consolidation,22.16,1999-09-01,10.0,1.0,8893.0,82.3,26.0,w,INDIVIDUAL,3.0,1.0,0,3.0,0,15.8,0.32
2600.0,36,10.99,85.11,B4,MORTGAGE,35000.0,Not Verified,2015-03-01,home_improvement,17.42,2004-02-01,11.0,0.0,3991.0,44.3,23.0,f,INDIVIDUAL,1.0,0.0,0,9.0,0,11.1,0.074
16000.0,60,15.27,382.92,C4,RENT,43000.0,Verified,2011-11-01,debt_consolidation,22.94,2005-07-01,15.0,0.0,13724.0,28.8,22.0,f,INDIVIDUAL,1.0,0.0,0,5.0,0,6.3,0.372
15000.0,36,7.12,463.98,A3,MORTGAGE,95000.0,Not Verified,2014-05-01,debt_consolidation,10.47,2001-01-01,9.0,0.0,29080.0,63.4,22.0,f,INDIVIDUAL,7.0,0.0,0,5.0,0,13.3,0.158
18000.0,36,13.05,606.93,B5,MORTGAGE,97600.0,Verified,2013-07-01,debt_consolidation,16.89,2004-02-01,9.0,1.0,10180.0,86.3,16.0,w,INDIVIDUAL,2.0,1.0,0,6.0,0,9.4,0.184
20000.0,36,14.09,684.43,B5,MORTGAGE,55000.0,Verified,2012-09-01,debt_consolidation,18.63,2001-09-01,7.0,0.0,29323.0,74.4,14.0,f,INDIVIDUAL,1.0,0.0,0,1.0,0,11.0,0.364
13000.0,36,18.25,471.62,D3,MORTGAGE,51000.0,Verified,2013-12-01,debt_consolidation,6.96,2007-02-01,7.0,0.0,11641.0,69.3,10.0,f,INDIVIDUAL,3.0,0.0,0,2.0,0,6.8,0.255
15000.0,60,14.98,356.7,C3,MORTGAGE,75000.0,Verified,2014-01-01,credit_card,6.64,2001-12-01,12.0,0.0,11620.0,69.6,24.0,f,INDIVIDUAL,5.0,0.0,0,10.0,0,12.1,0.2
16250.0,36,14.49,559.27,C4,RENT,80000.0,Source Verified,2014-06-01,credit_card,14.05,1997-03-01,29.0,0.0,23165.0,64.0,56.0,f,INDIVIDUAL,0.0,0.0,0,6.0,0,17.3,0.203
17000.0,36,11.53,560.84,B5,MORTGAGE,54000.0,Verified,2015-03-01,debt_consolidation,22.93,1984-01-01,9.0,0.0,17749.0,66.2,24.0,f,INDIVIDUAL,3.0,0.0,0,10.0,0,31.2,0.315
20000.0,60,20.99,540.96,E5,RENT,96000.0,Not Verified,2015-08-01,other,0.93,2000-01-01,8.0,0.0,1676.0,4.1,22.0,w,INDIVIDUAL,0.0,0.0,1,1.0,0,15.6,0.208
8750.0,36,17.57,314.45,D2,RENT,39728.0,Source Verified,2014-02-01,debt_consolidation,32.65,1998-09-01,11.0,0.0,14934.0,72.1,22.0,w,INDIVIDUAL,0.0,0.0,1,8.0,0,15.4,0.22
8000.0,36,12.49,267.6,B5,OWN,25000.0,Not Verified,2014-08-01,credit_card,17.23,2003-06-01,10.0,0.0,13296.0,43.2,22.0,w,INDIVIDUAL,0.0,0.0,0,2.0,0,11.2,0.32
16000.0,60,21.98,441.73,E4,MORTGAGE,72000.0,Source Verified,2012-09-01,home_improvement,22.98,2002-12-01,7.0,0.0,20926.0,67.1,14.0,f,INDIVIDUAL,1.0,0.0,1,5.0,0,9.8,0.222
8400.0,36,12.99,282.99,C2,OWN,43000.0,Verified,2015-01-01,debt_consolidation,23.34,1998-02-01,16.0,0.0,9543.0,49.6,29.0,f,INDIVIDUAL,1.0,0.0,1,10.0,0,16.9,0.195
25000.0,36,8.9,793.84,A5,MORTGAGE,75600.0,Source Verified,2014-04-01,debt_consolidation,11.19,1992-10-01,7.0,0.0,1412.0,8.4,16.0,w,INDIVIDUAL,0.0,0.0,0,3.0,0,21.5,0.331
16000.0,60,18.25,408.48,D3,MORTGAGE,120000.0,Not Verified,2016-03-01,home_improvement,32.58,1993-12-01,17.0,0.0,18991.0,34.0,30.0,w,INDIVIDUAL,1.0,0.0,1,10.0,0,22.2,0.133
1550.0,36,16.2,54.65,C4,MORTGAGE,34560.0,Source Verified,2013-10-01,debt_consolidation,10.73,2000-07-01,10.0,0.0,7240.0,33.2,39.0,f,INDIVIDUAL,1.0,0.0,0,10.0,0,13.3,0.045
17050.0,36,17.58,612.82,D4,MORTGAGE,57000.0,Source Verified,2012-01-01,debt_consolidation,17.6,2000-08-01,14.0,0.0,14765.0,48.7,52.0,f,INDIVIDUAL,3.0,0.0,0,10.0,0,11.4,0.299
6500.0,36,12.12,216.27,B3,RENT,30000.0,Verified,2012-11-01,credit_card,7.32,2004-11-01,11.0,0.0,5494.0,63.1,17.0,w,INDIVIDUAL,0.0,0.0,0,6.0,1,8.0,0.217
16000.0,60,14.49,376.37,C4,MORTGAGE,90000.0,Not Verified,2014-09-01,debt_consolidation,9.43,2003-02-01,10.0,0.0,11724.0,71.5,17.0,w,INDIVIDUAL,2.0,0.0,1,3.0,0,11.6,0.178
26000.0,60,15.31,622.78,C5,RENT,90000.0,Source Verified,2016-04-01,credit_card,27.81,1993-07-01,25.0,1.0,21715.0,57.0,49.0,w,INDIVIDUAL,0.0,1.0,0,2.0,0,22.8,0.289
10000.0,36,12.99,336.9,C1,OWN,36000.0,Source Verified,2014-06-01,debt_consolidation,25.87,1999-07-01,9.0,1.0,17210.0,86.5,21.0,w,INDIVIDUAL,0.0,0.0,1,0.0,0,14.9,0.278
4000.0,36,15.61,139.86,D1,MORTGAGE,59000.0,Not Verified,2014-10-01,home_improvement,24.76,1995-03-01,18.0,1.0,5386.0,33.7,39.0,f,INDIVIDUAL,5.0,1.0,0,10.0,0,19.6,0.068
8000.0,36,9.17,255.04,B2,RENT,85354.0,Source Verified,2015-04-01,credit_card,14.47,2012-01-01,7.0,0.0,3427.0,43.9,7.0,f,INDIVIDUAL,0.0,0.0,0,9.0,0,3.2,0.094
20000.0,60,9.16,416.73,B2,MORTGAGE,65000.0,Not Verified,2016-04-01,credit_card,26.77,2005-06-01,14.0,0.0,20846.0,38.8,33.0,w,INDIVIDUAL,1.0,0.0,0,9.0,0,10.8,0.308
15000.0,36,6.91,462.54,A5,RENT,86000.0,Not Verified,2010-10-01,credit_card,14.75,1997-05-01,10.0,0.0,19440.0,29.9,22.0,f,INDIVIDUAL,1.0,0.0,0,7.0,0,13.4,0.174
29000.0,60,15.28,694.18,D3,OWN,281988.0,Source Verified,2011-04-01,debt_consolidation,11.88,1996-01-01,14.0,0.0,91476.0,78.8,41.0,f,INDIVIDUAL,3.0,0.0,0,10.0,0,15.2,0.103
10625.0,36,14.09,363.61,B5,RENT,31000.0,Not Verified,2013-03-01,credit_card,15.68,1994-05-01,6.0,0.0,16681.0,63.9,11.0,w,INDIVIDUAL,3.0,0.0,0,3.0,0,18.8,0.343
8000.0,36,19.52,295.36,D4,RENT,68000.0,Not Verified,2013-07-01,other,2.98,1989-02-01,8.0,0.0,5043.0,22.7,13.0,f,INDIVIDUAL,0.0,0.0,0,0.0,0,24.4,0.118
3600.0,36,12.69,120.77,C2,MORTGAGE,94000.0,Not Verified,2015-03-01,credit_card,19.26,2005-01-01,20.0,0.0,8111.0,63.4,34.0,w,INDIVIDUAL,1.0,0.0,0,4.0,0,10.2,0.038
27575.0,60,16.29,674.83,D2,RENT,60000.0,Source Verified,2014-07-01,debt_consolidation,26.66,2002-05-01,11.0,0.0,11856.0,51.3,25.0,w,INDIVIDUAL,0.0,0.0,1,6.0,0,12.2,0.46
12000.0,36,5.42,361.92,A1,MORTGAGE,159996.0,Source Verified,2011-06-01,home_improvement,1.26,1999-04-01,5.0,0.0,5585.0,24.8,15.0,f,INDIVIDUAL,0.0,0.0,0,2.0,0,12.2,0.075
5000.0,36,15.61,174.83,D1,MORTGAGE,75000.0,Verified,2014-07-01,debt_consolidation,21.01,2001-03-01,25.0,1.0,17641.0,50.7,53.0,f,INDIVIDUAL,5.0,1.0,0,10.0,0,13.3,0.067
35000.0,36,13.99,1196.05,C4,RENT,160000.0,Verified,2015-10-01,debt_consolidation,12.65,2002-06-01,26.0,0.0,46643.0,71.5,151.0,w,INDIVIDUAL,0.0,0.0,1,3.0,0,13.3,0.219
14400.0,36,6.03,438.28,A1,MORTGAGE,48000.0,Not Verified,2013-12-01,debt_consolidation,11.96,2001-09-01,7.0,0.0,7904.0,15.4,27.0,f,INDIVIDUAL,5.0,0.0,0,7.0,0,12.2,0.3
25000.0,60,21.18,678.87,E3,RENT,66000.0,Verified,2016-02-01,debt_consolidation,21.87,1999-10-01,7.0,1.0,1714.0,81.6,15.0,w,INDIVIDUAL,0.0,0.0,1,5.0,0,16.3,0.379
9500.0,36,7.62,296.04,A3,MORTGAGE,83000.0,Source Verified,2013-07-01,home_improvement,0.01,1999-01-01,5.0,1.0,1.0,0.0,10.0,f,INDIVIDUAL,3.0,0.0,0,5.0,0,14.5,0.114
18000.0,60,16.29,440.51,C4,MORTGAGE,91000.0,Verified,2013-06-01,debt_consolidation,5.75,2000-11-01,7.0,0.0,19499.0,78.3,25.0,f,INDIVIDUAL,4.0,0.0,0,10.0,0,12.6,0.198
3600.0,36,17.27,128.84,D3,OWN,82000.0,Verified,2016-01-01,debt_consolidation,25.47,1995-12-01,19.0,1.0,61423.0,74.6,44.0,w,INDIVIDUAL,4.0,1.0,0,10.0,0,20.1,0.044
35000.0,36,12.39,1169.04,C1,RENT,116000.0,Verified,2015-01-01,credit_card,19.42,1997-11-01,12.0,0.0,44255.0,89.9,23.0,f,INDIVIDUAL,0.0,0.0,1,2.0,0,17.2,0.302
4550.0,36,12.29,151.76,C1,MORTGAGE,40500.0,Verified,2015-10-01,credit_card,3.11,1993-01-01,3.0,1.0,1715.0,61.0,22.0,w,INDIVIDUAL,4.0,1.0,0,6.0,1,22.7,0.112
17475.0,60,19.22,455.43,D4,OWN,45650.0,Source Verified,2013-12-01,debt_consolidation,25.74,1993-11-01,16.0,1.0,12692.0,44.2,29.0,f,INDIVIDUAL,1.0,0.0,0,10.0,0,20.1,0.383
4375.0,36,16.78,155.51,C5,RENT,45768.0,Source Verified,2013-09-01,debt_consolidation,12.09,2003-03-01,4.0,1.0,4568.0,70.3,8.0,f,INDIVIDUAL,0.0,1.0,0,10.0,0,10.5,0.096
35000.0,60,20.31,933.34,D5,MORTGAGE,90000.0,Verified,2013-07-01,debt_consolidation,20.72,1998-05-01,10.0,0.0,25367.0,64.7,26.0,w,INDIVIDUAL,3.0,0.0,1,10.0,0,15.2,0.389
2800.0,36,19.47,103.31,D5,RENT,35000.0,Not Verified,2014-03-01,other,4.7,2004-10-01,5.0,0.0,2162.0,77.2,8.0,f,INDIVIDUAL,0.0,0.0,0,10.0,0,9.4,0.08
7800.0,36,14.49,268.45,C4,OWN,120000.0,Not Verified,2014-05-01,home_improvement,14.32,1993-08-01,12.0,2.0,4913.0,68.0,22.0,w,INDIVIDUAL,2.0,2.0,0,8.0,0,20.7,0.065
5125.0,36,11.47,168.93,B5,MORTGAGE,50000.0,Not Verified,2016-02-01,credit_card,22.79,2006-06-01,22.0,0.0,18535.0,59.2,38.0,w,INDIVIDUAL,1.0,0.0,0,7.0,0,9.7,0.102
6000.0,36,10.99,196.41,B2,RENT,72000.0,Source Verified,2013-12-01,debt_consolidation,11.15,2004-05-01,9.0,0.0,3003.0,21.6,16.0,f,INDIVIDUAL,0.0,0.0,0,3.0,0,9.6,0.083
8000.0,36,6.92,246.73,A3,MORTGAGE,65416.0,Not Verified,2011-01-01,debt_consolidation,10.07,1985-03-01,9.0,0.0,13598.0,63.0,25.0,f,INDIVIDUAL,1.0,0.0,0,10.0,0,25.8,0.122
5325.0,36,14.33,182.86,C2,RENT,26000.0,Verified,2013-08-01,debt_consolidation,31.34,1997-10-01,8.0,0.0,11251.0,81.5,17.0,f,INDIVIDUAL,0.0,0.0,0,1.0,0,15.8,0.205
4550.0,36,7.89,142.35,A5,RENT,40000.0,Verified,2015-08-01,debt_consolidation,24.03,2004-07-01,16.0,0.0,3633.0,12.0,32.0,f,INDIVIDUAL,0.0,0.0,0,8.0,0,11.1,0.114
25000.0,36,12.69,838.63,C2,MORTGAGE,87000.0,Verified,2015-05-01,debt_consolidation,31.1,1994-09-01,18.0,0.0,35862.0,89.2,37.0,w,INDIVIDUAL,3.0,0.0,0,9.0,0,20.7,0.287
30225.0,60,23.5,860.77,F1,MORTGAGE,70000.0,Verified,2013-09-01,credit_card,18.15,1998-07-01,12.0,0.0,23291.0,76.4,24.0,f,INDIVIDUAL,0.0,0.0,1,10.0,0,15.2,0.432
8000.0,36,10.49,259.99,B3,RENT,120000.0,Not Verified,2014-11-01,debt_consolidation,7.64,2008-02-01,7.0,0.0,8136.0,60.7,9.0,f,INDIVIDUAL,0.0,0.0,0,7.0,0,6.7,0.067
5000.0,36,15.31,174.09,C4,RENT,57000.0,Source Verified,2014-04-01,credit_card,14.27,2010-10-01,6.0,0.0,6038.0,57.5,9.0,w,INDIVIDUAL,0.0,0.0,0,3.0,0,3.5,0.088
4500.0,36,7.66,140.31,A5,RENT,42000.0,Not Verified,2011-04-01,debt_consolidation,8.03,2004-05-01,4.0,0.0,9676.0,64.5,5.0,f,INDIVIDUAL,0.0,0.0,0,3.0,0,6.9,0.107
8000.0,36,11.67,264.46,B4,OWN,75800.0,Not Verified,2014-08-01,debt_consolidation,15.63,2001-07-01,17.0,1.0,7608.0,31.7,30.0,f,INDIVIDUAL,1.0,1.0,0,7.0,0,13.1,0.106
20000.0,60,18.84,517.06,E2,MORTGAGE,115000.0,Source Verified,2015-02-01,debt_consolidation,23.5,2004-09-01,26.0,0.0,25313.0,45.4,39.0,f,INDIVIDUAL,1.0,0.0,0,5.0,0,10.4,0.174
5000.0,36,6.03,152.18,A1,MORTGAGE,100000.0,Verified,2013-08-01,home_improvement,6.07,2001-09-01,8.0,0.0,3046.0,6.1,25.0,w,INDIVIDUAL,0.0,0.0,0,0.0,0,11.9,0.05
15825.0,60,20.8,426.35,E1,MORTGAGE,65000.0,Source Verified,2013-09-01,home_improvement,17.69,1997-02-01,12.0,0.0,17165.0,97.0,26.0,f,INDIVIDUAL,3.0,0.0,0,2.0,0,16.6,0.243
25000.0,36,6.99,771.82,A3,MORTGAGE,146000.0,Source Verified,2014-12-01,debt_consolidation,3.31,2002-08-01,7.0,0.0,11526.0,64.8,25.0,f,INDIVIDUAL,5.0,0.0,0,10.0,0,12.3,0.171
24275.0,60,18.55,623.72,E2,MORTGAGE,60000.0,Verified,2015-05-01,credit_card,29.43,2003-06-01,13.0,0.0,26418.0,66.9,20.0,w,INDIVIDUAL,1.0,0.0,1,10.0,0,11.9,0.405
17000.0,60,18.55,436.8,E2,MORTGAGE,90000.0,Source Verified,2015-10-01,debt_consolidation,25.08,2004-02-01,23.0,0.0,10846.0,62.3,29.0,f,INDIVIDUAL,1.0,0.0,0,2.0,0,11.7,0.189
24000.0,60,15.8,581.09,C3,MORTGAGE,64000.0,Verified,2013-06-01,credit_card,24.94,2000-10-01,11.0,0.0,24125.0,56.5,32.0,f,INDIVIDUAL,4.0,0.0,0,10.0,0,12.7,0.375
5000.0,36,14.3,171.62,C1,MORTGAGE,135000.0,Verified,2013-09-01,debt_consolidation,15.04,1997-11-01,9.0,1.0,4909.0,89.3,41.0,w,INDIVIDUAL,4.0,0.0,0,10.0,0,15.8,0.037
5000.0,36,11.86,165.74,B5,RENT,30000.0,Source Verified,2010-08-01,other,12.36,2006-04-01,3.0,0.0,0.0,0.0,5.0,f,INDIVIDUAL,0.0,0.0,0,4.0,0,4.3,0.167
17600.0,36,10.16,569.23,B1,MORTGAGE,106000.0,Verified,2013-02-01,credit_card,9.32,1994-04-01,13.0,0.0,37421.0,82.1,29.0,w,INDIVIDUAL,6.0,0.0,0,10.0,0,18.8,0.166
14400.0,36,10.74,469.67,B2,RENT,50000.0,Source Verified,2012-03-01,moving,4.9,1972-11-01,6.0,0.0,7302.0,67.6,14.0,f,INDIVIDUAL,0.0,0.0,1,1.0,0,39.3,0.288
30000.0,36,9.67,963.38,B1,RENT,80000.0,Source Verified,2014-01-01,debt_consolidation,15.71,1992-10-01,28.0,0.0,30244.0,30.5,63.0,w,INDIVIDUAL,0.0,0.0,0,9.0,0,21.3,0.375
8000.0,36,11.99,265.68,B5,OWN,25000.0,Source Verified,2014-11-01,debt_consolidation,12.05,1997-04-01,19.0,0.0,2404.0,20.2,27.0,w,INDIVIDUAL,0.0,0.0,1,1.0,0,17.6,0.32
11500.0,60,23.13,325.05,F1,OWN,25000.0,Verified,2016-02-01,debt_consolidation,42.87,1981-12-01,10.0,0.0,31055.0,52.9,21.0,w,DIRECT_PAY,2.0,0.0,0,6.0,1,34.2,0.46
6000.0,36,10.99,196.41,B2,MORTGAGE,50000.0,Verified,2014-03-01,medical,7.13,2003-05-01,9.0,0.0,8732.0,46.9,24.0,w,INDIVIDUAL,0.0,0.0,0,10.0,0,10.8,0.12
12000.0,36,10.99,392.81,B3,MORTGAGE,50000.0,Not Verified,2014-05-01,credit_card,28.85,2001-10-01,14.0,1.0,5293.0,42.0,29.0,f,INDIVIDUAL,1.0,1.0,1,10.0,0,12.6,0.24
19500.0,60,12.49,438.62,B5,MORTGAGE,92000.0,Not Verified,2014-05-01,debt_consolidation,16.0,2001-05-01,12.0,0.0,10350.0,47.7,27.0,w,INDIVIDUAL,1.0,0.0,0,0.0,0,13.0,0.212
12000.0,36,12.99,404.27,B5,RENT,43000.0,Source Verified,2014-04-01,credit_card,16.44,1998-06-01,3.0,0.0,16859.0,98.0,13.0,w,INDIVIDUAL,0.0,0.0,0,6.0,0,15.8,0.279
14000.0,36,13.67,476.25,B5,MORTGAGE,95000.0,Not Verified,2013-09-01,credit_card,13.31,1994-12-01,9.0,0.0,13787.0,62.1,26.0,f,INDIVIDUAL,9.0,0.0,0,3.0,0,18.8,0.147
18000.0,36,6.97,555.55,A2,MORTGAGE,82000.0,Source Verified,2013-10-01,debt_consolidation,18.03,1992-01-01,14.0,0.0,36932.0,38.8,30.0,w,INDIVIDUAL,8.0,0.0,0,5.0,0,21.7,0.22
10000.0,36,11.47,329.62,B5,MORTGAGE,34000.0,Source Verified,2016-04-01,home_improvement,18.99,2001-05-01,15.0,0.0,13798.0,51.9,26.0,w,INDIVIDUAL,1.0,0.0,0,10.0,0,14.9,0.294
16800.0,60,17.56,422.6,D1,MORTGAGE,120000.0,Source Verified,2013-08-01,credit_card,13.03,2004-02-01,11.0,0.0,14618.0,70.3,23.0,f,INDIVIDUAL,4.0,0.0,0,8.0,0,9.5,0.14
15000.0,36,12.99,505.34,B4,MORTGAGE,96635.0,Source Verified,2013-12-01,debt_consolidation,12.56,1990-04-01,3.0,0.0,33249.0,98.0,7.0,w,INDIVIDUAL,4.0,0.0,1,10.0,0,23.7,0.155
14000.0,60,24.5,406.83,F3,RENT,40000.0,Verified,2013-08-01,debt_consolidation,22.05,1999-07-01,5.0,0.0,4901.0,96.1,15.0,w,INDIVIDUAL,0.0,0.0,0,10.0,0,14.1,0.35
12000.0,60,15.96,291.57,C5,RENT,24000.0,Source Verified,2012-01-01,other,15.15,2006-09-01,3.0,0.0,2477.0,70.8,5.0,f,INDIVIDUAL,0.0,0.0,1,0.0,0,5.3,0.5
1200.0,36,14.48,41.3,C5,MORTGAGE,23000.0,Verified,2015-12-01,other,12.0,2001-09-01,11.0,0.0,7697.0,65.2,15.0,w,INDIVIDUAL,0.0,0.0,0,0.0,0,14.2,0.052
14400.0,36,14.49,495.6,C4,MORTGAGE,62600.0,Verified,2014-09-01,other,22.86,1999-05-01,13.0,0.0,10985.0,37.7,29.0,f,INDIVIDUAL,5.0,0.0,0,6.0,1,15.3,0.23
30000.0,60,24.5,871.77,F3,MORTGAGE,90000.0,Verified,2015-04-01,debt_consolidation,20.48,2002-01-01,14.0,0.0,30402.0,85.4,32.0,w,INDIVIDUAL,5.0,0.0,0,3.0,0,13.2,0.333
24000.0,60,14.47,564.31,C2,MORTGAGE,92000.0,Source Verified,2014-01-01,credit_card,19.44,1999-11-01,27.0,0.0,24331.0,62.7,50.0,w,INDIVIDUAL,2.0,0.0,0,10.0,0,14.2,0.261
12300.0,60,23.7,351.71,F1,MORTGAGE,90000.0,Source Verified,2014-01-01,debt_consolidation,10.79,1984-05-01,12.0,1.0,5270.0,50.7,22.0,f,INDIVIDUAL,1.0,1.0,0,10.0,0,29.7,0.137
8250.0,36,15.88,289.56,C4,OWN,32000.0,Not Verified,2013-07-01,debt_consolidation,27.11,2009-10-01,8.0,0.0,11627.0,75.0,11.0,f,INDIVIDUAL,0.0,0.0,1,0.0,0,3.7,0.258
18950.0,60,25.8,565.14,G1,RENT,45156.0,Source Verified,2015-03-01,debt_consolidation,9.01,2003-07-01,10.0,1.0,4133.0,70.1,20.0,f,INDIVIDUAL,1.0,1.0,0,5.0,0,11.7,0.42
20000.0,36,6.91,616.72,A5,RENT,110000.0,Verified,2010-12-01,credit_card,12.65,1986-02-01,12.0,0.0,30199.0,44.5,22.0,f,INDIVIDUAL,1.0,0.0,0,5.0,0,24.8,0.182
6400.0,36,7.49,199.06,A4,MORTGAGE,45000.0,Not Verified,2015-02-01,debt_consolidation,24.29,2000-03-01,15.0,1.0,9633.0,47.2,35.0,w,INDIVIDUAL,2.0,1.0,0,10.0,0,14.9,0.142
19125.0,60,21.0,517.4,E2,MORTGAGE,95000.0,Verified,2013-06-01,other,21.56,1995-09-01,11.0,1.0,12399.0,51.7,21.0,f,INDIVIDUAL,4.0,1.0,1,9.0,0,17.7,0.201
5000.0,36,14.64,172.45,C3,RENT,35000.0,Source Verified,2014-04-01,other,4.84,2000-02-01,4.0,0.0,3064.0,55.7,11.0,f,INDIVIDUAL,0.0,0.0,0,0.0,0,14.2,0.143
2600.0,36,16.99,92.69,D3,RENT,40456.0,Not Verified,2014-07-01,debt_consolidation,14.33,2004-03-01,7.0,0.0,2609.0,26.6,14.0,w,INDIVIDUAL,0.0,0.0,0,10.0,0,10.3,0.064
24000.0,36,9.17,765.1,B2,MORTGAGE,100000.0,Not Verified,2015-09-01,home_improvement,25.37,2004-07-01,14.0,0.0,14437.0,29.0,42.0,w,INDIVIDUAL,5.0,0.0,0,10.0,0,11.2,0.24
31500.0,60,17.57,792.55,D4,MORTGAGE,75000.0,Source Verified,2015-08-01,debt_consolidation,29.92,1988-05-01,16.0,0.0,35694.0,69.3,22.0,w,INDIVIDUAL,1.0,0.0,0,3.0,0,27.2,0.42
24000.0,36,13.33,812.48,C3,RENT,82000.0,Source Verified,2015-04-01,moving,19.17,1994-05-01,16.0,0.0,22355.0,26.2,30.0,w,INDIVIDUAL,2.0,0.0,1,10.0,0,20.9,0.293
8000.0,36,13.11,269.98,B4,RENT,48000.0,Not Verified,2013-03-01,credit_card,13.93,2003-10-01,5.0,0.0,18368.0,75.6,9.0,f,INDIVIDUAL,0.0,0.0,0,2.0,0,9.4,0.167
22400.0,60,17.27,559.96,C5,MORTGAGE,85000.0,Verified,2013-06-01,debt_consolidation,28.64,1976-10-01,15.0,0.0,23701.0,88.8,50.0,w,INDIVIDUAL,8.0,0.0,0,10.0,0,36.7,0.264
8400.0,36,15.61,293.71,C3,RENT,95000.0,Source Verified,2013-11-01,moving,9.08,2000-04-01,9.0,1.0,4859.0,21.7,27.0,w,INDIVIDUAL,0.0,1.0,0,3.0,0,13.6,0.088
35000.0,60,21.0,946.87,E1,MORTGAGE,150000.0,Source Verified,2013-11-01,debt_consolidation,11.14,2001-10-01,11.0,0.0,48410.0,73.0,23.0,f,INDIVIDUAL,2.0,0.0,0,2.0,0,12.1,0.233
10000.0,36,11.44,329.48,B4,MORTGAGE,67000.0,Not Verified,2015-01-01,debt_consolidation,9.86,2004-07-01,8.0,0.0,11286.0,57.3,25.0,w,INDIVIDUAL,2.0,0.0,1,1.0,0,10.5,0.149
6300.0,36,14.09,215.6,B5,RENT,65000.0,Not Verified,2012-11-01,debt_consolidation,15.36,2002-10-01,13.0,0.0,8464.0,56.4,20.0,f,INDIVIDUAL,0.0,0.0,0,1.0,0,10.1,0.097
25000.0,36,7.9,782.26,A4,MORTGAGE,145000.0,Verified,2012-09-01,debt_consolidation,16.83,1992-04-01,12.0,0.0,21848.0,51.0,30.0,f,INDIVIDUAL,6.0,0.0,0,10.0,0,20.4,0.172
5000.0,36,14.49,172.09,C4,RENT,34486.4,Not Verified,2014-07-01,debt_consolidation,6.86,2004-09-01,5.0,0.0,2739.0,49.8,9.0,f,INDIVIDUAL,0.0,0.0,1,1.0,0,9.8,0.145
9500.0,36,12.12,316.09,B3,MORTGAGE,58280.0,Verified,2013-04-01,debt_consolidation,23.04,1996-02-01,10.0,0.0,14693.0,40.1,25.0,w,INDIVIDUAL,1.0,0.0,1,7.0,0,17.2,0.163
35000.0,60,21.49,956.55,E3,RENT,94000.0,Source Verified,2013-01-01,debt_consolidation,16.83,1994-03-01,13.0,0.0,10664.0,35.5,33.0,f,INDIVIDUAL,0.0,0.0,1,8.0,0,18.8,0.372
35000.0,36,18.25,1269.73,E1,RENT,85000.0,Verified,2015-08-01,credit_card,16.92,1997-09-01,5.0,0.0,33531.0,77.4,11.0,w,INDIVIDUAL,0.0,0.0,0,10.0,0,17.9,0.412
9600.0,60,6.54,188.02,A4,MORTGAGE,59004.0,Not Verified,2010-10-01,home_improvement,7.59,1999-06-01,9.0,0.0,510.0,1.8,12.0,f,INDIVIDUAL,0.0,0.0,0,5.0,0,11.3,0.163
8500.0,36,12.99,286.36,C1,MORTGAGE,90000.0,Not Verified,2014-08-01,home_improvement,3.27,1997-11-01,15.0,0.0,6766.0,19.7,22.0,f,INDIVIDUAL,1.0,0.0,0,1.0,0,16.7,0.094
10000.0,36,7.69,311.94,A4,RENT,35000.0,Not Verified,2014-10-01,debt_consolidation,5.04,1998-06-01,9.0,0.0,5070.0,45.7,26.0,f,INDIVIDUAL,0.0,0.0,0,6.0,0,16.3,0.286
35000.0,60,17.76,884.21,D1,MORTGAGE,200000.0,Verified,2013-12-01,debt_consolidation,15.64,1999-06-01,13.0,0.0,28997.0,64.6,38.0,f,INDIVIDUAL,1.0,0.0,1,9.0,0,14.5,0.175
20000.0,36,12.49,668.98,B5,RENT,60000.0,Source Verified,2014-07-01,debt_consolidation,14.9,2007-06-01,12.0,0.0,16159.0,33.0,24.0,w,INDIVIDUAL,0.0,0.0,0,2.0,0,7.1,0.333
3300.0,36,12.05,109.69,C1,MORTGAGE,69000.0,Verified,2015-11-01,debt_consolidation,27.79,2001-11-01,10.0,0.0,10140.0,43.5,31.0,w,INDIVIDUAL,2.0,0.0,0,10.0,0,14.0,0.048
21000.0,36,7.62,654.39,A3,MORTGAGE,108458.0,Not Verified,2012-06-01,debt_consolidation,9.58,1989-06-01,14.0,0.0,9980.0,16.4,41.0,f,INDIVIDUAL,5.0,0.0,0,8.0,0,23.0,0.194
10375.0,60,21.99,286.49,E4,RENT,32000.0,Verified,2014-04-01,other,33.12,1999-09-01,12.0,1.0,2944.0,31.0,46.0,w,INDIVIDUAL,8.0,1.0,1,10.0,0,14.6,0.324
12000.0,36,14.33,412.06,C1,RENT,35000.0,Verified,2012-12-01,debt_consolidation,22.8,1966-09-01,5.0,0.0,4906.0,92.6,14.0,w,INDIVIDUAL,0.0,0.0,0,6.0,1,46.3,0.343
30000.0,36,12.49,1003.47,B5,MORTGAGE,130000.0,Verified,2014-10-01,debt_consolidation,17.86,1997-11-01,29.0,0.0,48929.0,68.8,50.0,f,INDIVIDUAL,4.0,0.0,1,0.0,0,16.9,0.231
6500.0,36,7.89,203.36,A5,RENT,89252.0,Source Verified,2015-10-01,major_purchase,10.45,1999-12-01,10.0,0.0,10778.0,41.9,19.0,w,INDIVIDUAL,1.0,0.0,0,4.0,0,15.8,0.073
25000.0,36,14.65,862.36,C5,OWN,100000.0,Source Verified,2015-10-01,other,10.72,2000-01-01,9.0,0.0,9471.0,57.1,20.0,w,INDIVIDUAL,2.0,0.0,1,5.0,0,15.7,0.25
30000.0,60,12.99,682.44,C1,MORTGAGE,112000.0,Verified,2014-05-01,debt_consolidation,21.15,1995-10-01,8.0,0.0,23525.0,71.9,16.0,f,INDIVIDUAL,2.0,0.0,0,2.0,0,18.6,0.268
18075.0,36,16.29,638.06,D2,MORTGAGE,95000.0,Not Verified,2014-06-01,debt_consolidation,4.67,2003-04-01,6.0,0.0,6819.0,70.3,7.0,w,INDIVIDUAL,0.0,0.0,0,10.0,0,11.2,0.19
5000.0,36,13.11,168.74,B4,RENT,62000.0,Not Verified,2013-04-01,debt_consolidation,11.98,2006-02-01,9.0,0.0,4272.0,40.7,11.0,w,INDIVIDUAL,0.0,0.0,0,2.0,0,7.2,0.081
5000.0,60,7.29,99.7,A4,MORTGAGE,60000.0,Verified,2011-04-01,car,10.44,2000-04-01,6.0,0.0,10847.0,40.2,15.0,f,INDIVIDUAL,0.0,0.0,1,7.0,0,11.0,0.083
6000.0,36,8.67,189.88,B1,MORTGAGE,72000.0,Not Verified,2014-12-01,debt_consolidation,22.3,1993-05-01,10.0,0.0,36999.0,76.3,21.0,f,INDIVIDUAL,3.0,0.0,0,0.0,0,21.6,0.083
6000.0,36,14.09,205.33,B5,RENT,45000.0,Verified,2013-05-01,credit_card,14.8,1988-10-01,8.0,1.0,6578.0,57.2,32.0,f,INDIVIDUAL,0.0,1.0,0,2.0,0,24.6,0.133
25000.0,60,20.2,665.14,E3,RENT,62000.0,Verified,2014-05-01,debt_consolidation,10.9,1997-12-01,7.0,0.0,18160.0,95.1,13.0,f,INDIVIDUAL,0.0,0.0,1,10.0,0,16.4,0.403
15000.0,36,11.99,498.15,B3,MORTGAGE,89650.0,Verified,2013-11-01,debt_consolidation,15.12,1995-10-01,9.0,0.0,7926.0,87.1,25.0,w,INDIVIDUAL,5.0,0.0,0,10.0,0,18.1,0.167
10000.0,36,12.29,333.53,C1,MORTGAGE,70000.0,Source Verified,2015-07-01,debt_consolidation,13.25,1999-11-01,14.0,0.0,13244.0,34.0,32.0,f,INDIVIDUAL,0.0,0.0,0,3.0,0,15.7,0.143
10000.0,36,7.89,312.86,A5,MORTGAGE,60000.0,Verified,2015-07-01,credit_card,17.16,1984-06-01,13.0,1.0,9469.0,43.4,67.0,f,INDIVIDUAL,6.0,1.0,1,6.0,1,31.1,0.167
5000.0,36,24.08,196.38,F2,RENT,12996.0,Verified,2014-11-01,moving,24.75,1988-10-01,6.0,0.0,4737.0,56.4,23.0,f,INDIVIDUAL,2.0,0.0,1,6.0,1,26.1,0.385
24000.0,36,6.68,737.55,A3,OWN,260000.0,Source Verified,2015-04-01,debt_consolidation,8.44,1987-09-01,9.0,0.0,3.0,0.0,30.0,f,INDIVIDUAL,7.0,0.0,0,5.0,0,27.6,0.092
12775.0,36,25.88,513.9,F4,OWN,60000.0,Verified,2016-03-01,major_purchase,3.36,2004-05-01,5.0,1.0,3965.0,56.6,16.0,f,INDIVIDUAL,1.0,1.0,0,0.0,0,11.8,0.213
23500.0,36,14.33,806.95,C1,RENT,53000.0,Verified,2013-04-01,debt_consolidation,33.22,2004-01-01,15.0,0.0,23719.0,48.9,44.0,f,INDIVIDUAL,0.0,0.0,0,2.0,0,9.2,0.443
11600.0,36,11.47,382.36,B5,MORTGAGE,48000.0,Not Verified,2016-03-01,credit_card,19.05,2004-10-01,8.0,2.0,12503.0,69.1,13.0,w,INDIVIDUAL,1.0,2.0,1,6.0,1,11.4,0.242
19200.0,60,24.89,562.31,G3,RENT,87500.0,Verified,2013-05-01,debt_consolidation,20.66,1999-12-01,12.0,0.0,15772.0,91.2,29.0,f,INDIVIDUAL,0.0,0.0,0,0.0,0,13.4,0.219
12500.0,36,11.14,410.07,B2,MORTGAGE,80000.0,Verified,2013-05-01,debt_consolidation,32.13,1997-07-01,15.0,0.0,18966.0,46.8,46.0,f,INDIVIDUAL,4.0,0.0,0,3.0,0,15.8,0.156
35000.0,36,15.88,1228.43,C4,MORTGAGE,185000.0,Verified,2013-09-01,credit_card,18.04,1994-05-01,25.0,0.0,24657.0,44.6,46.0,f,INDIVIDUAL,7.0,0.0,0,3.0,0,19.3,0.189
12175.0,36,14.65,419.97,C5,OWN,29000.0,Verified,2015-02-01,debt_consolidation,9.35,2000-10-01,10.0,0.0,11582.0,49.1,17.0,f,INDIVIDUAL,0.0,0.0,0,9.0,0,14.3,0.42
28000.0,60,22.7,784.52,E5,RENT,130000.0,Verified,2013-09-01,debt_consolidation,14.4,2001-07-01,7.0,0.0,20467.0,87.1,13.0,f,INDIVIDUAL,0.0,0.0,0,5.0,0,12.2,0.215
9525.0,36,15.8,333.94,C3,MORTGAGE,104000.0,Not Verified,2013-02-01,credit_card,21.31,1997-06-01,9.0,0.0,6490.0,47.4,26.0,w,INDIVIDUAL,4.0,0.0,0,5.0,0,15.7,0.092
5000.0,36,10.16,161.72,B1,MORTGAGE,75689.0,Not Verified,2013-04-01,home_improvement,8.58,1997-10-01,10.0,1.0,8954.0,45.2,22.0,f,INDIVIDUAL,4.0,1.0,0,4.0,0,15.5,0.066
32000.0,60,23.5,911.32,F1,OWN,150000.0,Verified,2013-09-01,debt_consolidation,9.77,1985-01-01,10.0,0.0,28623.0,83.4,21.0,w,INDIVIDUAL,1.0,0.0,0,10.0,0,28.7,0.213
20050.0,60,15.22,479.31,C3,MORTGAGE,46000.0,Verified,2013-09-01,credit_card,3.7,1985-08-01,6.0,0.0,7733.0,89.4,13.0,w,INDIVIDUAL,4.0,0.0,0,10.0,0,28.1,0.436
21000.0,60,12.05,467.67,C1,MORTGAGE,140000.0,Not Verified,2015-11-01,credit_card,18.61,1996-05-01,18.0,0.0,15785.0,42.3,30.0,w,INDIVIDUAL,4.0,0.0,1,6.0,0,19.5,0.15
14000.0,36,6.03,426.1,A1,MORTGAGE,91409.0,Not Verified,2014-08-01,credit_card,11.02,1983-07-01,15.0,0.0,13128.0,27.2,39.0,f,INDIVIDUAL,2.0,0.0,0,10.0,0,31.1,0.153
6300.0,36,6.03,191.75,A1,MORTGAGE,28000.0,Verified,2013-09-01,home_improvement,9.34,2007-06-01,7.0,0.0,1652.0,5.2,10.0,f,INDIVIDUAL,1.0,0.0,0,10.0,0,6.3,0.225
20000.0,36,12.88,672.73,C2,RENT,62000.0,Verified,2016-01-01,debt_consolidation,23.69,1988-05-01,14.0,0.0,8870.0,46.4,32.0,f,INDIVIDUAL,0.0,0.0,0,3.0,0,27.7,0.323
22000.0,60,25.8,656.09,G1,MORTGAGE,50000.0,Verified,2013-10-01,debt_consolidation,23.95,2007-12-01,8.0,0.0,3681.0,76.7,9.0,w,INDIVIDUAL,1.0,0.0,1,8.0,0,5.8,0.44
10775.0,36,12.12,358.51,B3,RENT,95000.0,Verified,2013-01-01,car,5.22,1999-11-01,11.0,1.0,1474.0,12.1,34.0,f,INDIVIDUAL,6.0,1.0,0,6.0,1,13.2,0.113
14000.0,36,13.68,476.32,C1,RENT,103244.44,Verified,2013-09-01,debt_consolidation,19.68,1995-07-01,7.0,0.0,4091.0,99.8,52.0,f,INDIVIDUAL,2.0,0.0,0,10.0,0,18.2,0.136
9500.0,36,7.69,296.34,A4,MORTGAGE,40000.0,Not Verified,2014-09-01,debt_consolidation,9.22,1998-07-01,12.0,0.0,9517.0,29.0,32.0,f,INDIVIDUAL,1.0,0.0,0,9.0,0,16.2,0.238
20000.0,60,16.29,489.45,D1,MORTGAGE,81024.0,Not Verified,2016-03-01,home_improvement,9.45,2002-03-01,16.0,1.0,10995.0,71.4,17.0,w,INDIVIDUAL,0.0,1.0,1,5.0,0,14.0,0.247
21000.0,36,9.17,669.46,B2,MORTGAGE,80000.0,Not Verified,2015-08-01,debt_consolidation,24.36,1994-05-01,17.0,0.0,24824.0,44.7,27.0,w,INDIVIDUAL,2.0,0.0,0,6.0,1,21.3,0.262
28000.0,60,18.25,714.83,E1,MORTGAGE,132000.0,Source Verified,2015-03-01,house,23.78,1999-11-01,19.0,0.0,39766.0,59.6,56.0,f,INDIVIDUAL,4.0,0.0,0,2.0,0,15.3,0.212
4200.0,36,17.77,151.36,D1,MORTGAGE,65500.0,Not Verified,2013-03-01,other,7.91,2002-02-01,9.0,0.0,11091.0,59.3,25.0,f,INDIVIDUAL,3.0,0.0,0,5.0,0,11.1,0.064
20000.0,36,12.49,668.98,B5,RENT,74000.0,Source Verified,2014-08-01,credit_card,22.95,1992-06-01,29.0,2.0,21719.0,67.0,58.0,f,INDIVIDUAL,2.0,0.0,1,5.0,0,22.2,0.27
1450.0,36,5.79,43.98,A2,RENT,21600.0,Source Verified,2010-11-01,debt_consolidation,11.11,2005-09-01,8.0,0.0,1177.0,14.7,12.0,f,INDIVIDUAL,0.0,0.0,0,0.0,0,5.2,0.067
9600.0,36,16.99,342.22,D3,MORTGAGE,48000.0,Verified,2015-04-01,home_improvement,15.05,2004-05-01,8.0,0.0,5802.0,32.4,13.0,f,INDIVIDUAL,0.0,0.0,0,8.0,0,10.9,0.2
10000.0,60,24.5,290.59,F3,RENT,66000.0,Verified,2013-09-01,debt_consolidation,15.35,2001-09-01,8.0,0.0,11244.0,76.5,12.0,f,INDIVIDUAL,0.0,0.0,0,10.0,0,12.0,0.152
5000.0,36,12.69,167.73,C2,RENT,23000.0,Source Verified,2015-05-01,debt_consolidation,13.94,1991-10-01,10.0,1.0,1384.0,5.6,24.0,f,INDIVIDUAL,2.0,0.0,1,9.0,0,23.6,0.217
3000.0,36,8.9,95.26,A5,MORTGAGE,70000.0,Source Verified,2011-12-01,credit_card,12.22,2002-12-01,22.0,0.0,10640.0,21.2,37.0,f,INDIVIDUAL,2.0,0.0,0,0.0,0,9.0,0.043
12000.0,36,12.49,401.39,B5,MORTGAGE,75000.0,Verified,2014-07-01,debt_consolidation,27.04,1995-09-01,14.0,0.0,26342.0,64.0,23.0,w,INDIVIDUAL,2.0,0.0,0,10.0,0,18.8,0.16
15000.0,36,8.49,473.45,A5,MORTGAGE,60000.0,Verified,2011-08-01,credit_card,11.52,1997-06-01,6.0,0.0,19228.0,35.7,8.0,f,INDIVIDUAL,0.0,0.0,0,10.0,0,14.2,0.25
10000.0,60,18.25,255.3,D2,MORTGAGE,50000.0,Verified,2013-08-01,debt_consolidation,20.93,2000-09-01,13.0,2.0,13444.0,47.8,18.0,f,INDIVIDUAL,1.0,0.0,0,10.0,0,12.9,0.2
20000.0,60,11.99,444.79,C1,MORTGAGE,52830.0,Verified,2015-12-01,debt_consolidation,15.95,1988-09-01,8.0,0.0,11463.0,92.4,10.0,w,INDIVIDUAL,1.0,0.0,1,10.0,0,27.2,0.379
28000.0,60,14.98,665.83,C3,MORTGAGE,120000.0,Verified,2014-02-01,debt_consolidation,14.18,1997-09-01,7.0,0.0,13405.0,86.5,21.0,w,INDIVIDUAL,2.0,0.0,1,9.0,0,16.4,0.233
10000.0,36,13.11,337.47,B4,MORTGAGE,85000.0,Not Verified,2013-06-01,credit_card,7.26,2004-06-01,14.0,0.0,10153.0,61.5,24.0,f,INDIVIDUAL,4.0,0.0,0,5.0,0,9.0,0.118
24000.0,36,17.57,862.49,D4,MORTGAGE,130000.0,Verified,2014-05-01,debt_consolidation,26.66,1998-08-01,12.0,0.0,38222.0,88.7,26.0,w,INDIVIDUAL,4.0,0.0,0,10.0,0,15.7,0.185
2400.0,36,13.99,82.02,C3,MORTGAGE,56148.0,Not Verified,2011-05-01,home_improvement,5.54,1999-12-01,8.0,0.0,4715.0,25.5,22.0,f,INDIVIDUAL,1.0,0.0,0,10.0,0,11.4,0.043
14750.0,36,16.99,525.81,D3,RENT,41000.0,Verified,2015-12-01,other,18.38,2009-07-01,7.0,0.0,8911.0,29.5,8.0,w,INDIVIDUAL,0.0,0.0,1,3.0,0,6.4,0.36
4000.0,36,13.35,135.46,C2,RENT,50000.0,Not Verified,2014-10-01,debt_consolidation,21.08,2004-03-01,10.0,0.0,13863.0,63.0,16.0,w,INDIVIDUAL,0.0,0.0,1,10.0,0,10.6,0.08
25000.0,60,22.4,696.18,E3,MORTGAGE,110000.0,Source Verified,2013-10-01,debt_consolidation,10.99,1990-01-01,9.0,2.0,26157.0,57.0,15.0,f,INDIVIDUAL,2.0,1.0,0,0.0,0,23.7,0.227
19000.0,60,23.63,542.52,F3,MORTGAGE,52000.0,Verified,2013-05-01,debt_consolidation,14.56,1996-07-01,12.0,0.0,12356.0,54.9,26.0,f,INDIVIDUAL,0.0,0.0,1,10.0,0,16.8,0.365
2000.0,36,14.22,68.57,C5,RENT,19176.0,Not Verified,2010-04-01,debt_consolidation,2.19,2006-09-01,3.0,0.0,1230.0,55.9,4.0,f,INDIVIDUAL,0.0,0.0,0,3.0,0,3.6,0.104
8000.0,36,13.11,269.98,B4,OWN,75000.0,Source Verified,2012-08-01,home_improvement,11.79,1995-04-01,13.0,0.0,59418.0,87.8,32.0,f,INDIVIDUAL,5.0,0.0,0,0.0,0,17.3,0.107
7000.0,36,9.99,225.84,B3,RENT,74000.0,Verified,2015-10-01,debt_consolidation,3.73,1998-09-01,4.0,0.0,8841.0,69.6,9.0,f,INDIVIDUAL,0.0,0.0,0,7.0,0,17.1,0.095
28000.0,36,6.49,858.05,A2,MORTGAGE,84000.0,Source Verified,2014-10-01,credit_card,31.81,1998-02-01,7.0,0.0,92029.0,0.0,15.0,w,INDIVIDUAL,4.0,0.0,0,0.0,0,16.7,0.333
2500.0,36,18.25,90.7,D3,MORTGAGE,70000.0,Source Verified,2014-03-01,debt_consolidation,18.35,1988-05-01,10.0,0.0,20034.0,83.5,25.0,f,INDIVIDUAL,5.0,0.0,0,10.0,0,25.8,0.036
13000.0,36,12.99,437.96,B5,MORTGAGE,91000.0,Source Verified,2014-03-01,major_purchase,14.25,1986-10-01,20.0,0.0,18807.0,43.7,52.0,f,INDIVIDUAL,4.0,0.0,0,6.0,1,27.4,0.143
13675.0,36,11.99,454.15,B3,RENT,38000.0,Verified,2014-02-01,other,3.0,2000-07-01,9.0,0.0,834.0,3.8,32.0,f,INDIVIDUAL,2.0,0.0,0,10.0,0,13.6,0.36
15000.0,36,6.03,456.54,A1,MORTGAGE,92000.0,Not Verified,2013-09-01,debt_consolidation,16.4,1996-09-01,8.0,0.0,35695.0,44.3,15.0,w,INDIVIDUAL,2.0,0.0,0,2.0,0,17.0,0.163
5000.0,36,10.16,161.72,B1,RENT,70000.0,Not Verified,2013-05-01,credit_card,9.82,2005-03-01,16.0,0.0,4916.0,13.4,26.0,f,INDIVIDUAL,0.0,0.0,0,5.0,0,8.2,0.071
16000.0,36,11.53,527.85,B5,RENT,50000.0,Verified,2015-10-01,credit_card,19.3,2004-10-01,17.0,0.0,16638.0,66.3,18.0,w,INDIVIDUAL,0.0,0.0,0,5.0,0,11.0,0.32
29325.0,60,18.55,753.47,E2,MORTGAGE,82800.0,Verified,2015-09-01,debt_consolidation,33.68,1997-04-01,19.0,0.0,35714.0,61.8,53.0,w,INDIVIDUAL,2.0,0.0,0,1.0,0,18.4,0.354
10000.0,36,11.67,330.57,B4,RENT,79000.0,Source Verified,2014-10-01,debt_consolidation,18.06,2001-12-01,18.0,0.0,25124.0,51.3,32.0,w,INDIVIDUAL,0.0,0.0,0,5.0,0,12.8,0.127
3625.0,36,6.62,111.31,A2,MORTGAGE,49920.0,Not Verified,2012-04-01,debt_consolidation,24.45,1997-11-01,8.0,0.0,5452.0,45.0,18.0,f,INDIVIDUAL,1.0,0.0,0,4.0,0,14.4,0.073
17000.0,36,11.14,557.69,B2,MORTGAGE,95000.0,Not Verified,2013-04-01,debt_consolidation,7.16,1993-07-01,10.0,0.0,7757.0,39.0,26.0,f,INDIVIDUAL,5.0,0.0,0,10.0,0,19.8,0.179
12000.0,36,8.39,378.2,A5,RENT,35000.0,Not Verified,2014-10-01,debt_consolidation,19.14,2006-12-01,10.0,0.0,13472.0,66.7,14.0,w,INDIVIDUAL,0.0,0.0,0,0.0,0,7.8,0.343
12150.0,60,12.99,276.39,C2,RENT,38000.0,Source Verified,2015-01-01,debt_consolidation,13.96,2000-12-01,4.0,0.0,8171.0,86.0,16.0,f,INDIVIDUAL,1.0,0.0,0,9.0,0,14.1,0.32
6000.0,36,13.66,204.08,C3,RENT,45000.0,Not Verified,2015-02-01,debt_consolidation,19.87,1998-12-01,10.0,0.0,6848.0,60.0,17.0,f,INDIVIDUAL,0.0,0.0,0,7.0,0,16.2,0.133
12000.0,36,13.65,408.1,C1,MORTGAGE,73000.0,Not Verified,2014-03-01,debt_consolidation,20.99,2006-04-01,10.0,0.0,20319.0,66.0,15.0,f,INDIVIDUAL,2.0,0.0,0,8.0,0,7.9,0.164
6500.0,36,14.3,223.11,C1,RENT,47579.0,Not Verified,2013-11-01,debt_consolidation,26.54,1999-06-01,8.0,0.0,6352.0,67.6,16.0,f,INDIVIDUAL,0.0,0.0,0,3.0,0,14.4,0.137
20000.0,36,12.99,673.79,C2,OWN,120000.0,Source Verified,2014-11-01,debt_consolidation,11.07,1996-02-01,8.0,0.0,24218.0,62.6,30.0,f,INDIVIDUAL,5.0,0.0,0,10.0,0,18.7,0.167
21300.0,60,20.62,571.7,F2,MORTGAGE,90060.0,Verified,2011-08-01,other,14.48,1998-09-01,9.0,0.0,13065.0,73.0,21.0,f,INDIVIDUAL,1.0,0.0,0,10.0,0,12.9,0.237
13750.0,36,25.57,550.86,F5,RENT,46000.0,Verified,2014-11-01,small_business,23.12,2009-03-01,6.0,0.0,7715.0,72.8,14.0,f,INDIVIDUAL,0.0,0.0,1,3.0,0,5.7,0.299
4000.0,36,19.52,147.68,D4,MORTGAGE,51000.0,Not Verified,2013-07-01,other,24.24,1998-07-01,7.0,0.0,10087.0,94.3,21.0,f,INDIVIDUAL,5.0,0.0,0,5.0,0,15.0,0.078
6000.0,36,13.99,205.04,C4,MORTGAGE,52000.0,Verified,2015-07-01,debt_consolidation,18.81,2006-07-01,9.0,0.0,8966.0,83.8,20.0,w,INDIVIDUAL,2.0,0.0,0,2.0,0,9.0,0.115
8325.0,36,12.12,276.99,B3,MORTGAGE,35000.0,Verified,2013-03-01,credit_card,33.76,2004-06-01,15.0,0.0,14861.0,49.2,25.0,f,INDIVIDUAL,1.0,0.0,0,8.0,0,8.7,0.238
25000.0,60,12.29,559.79,C1,MORTGAGE,184000.0,Source Verified,2015-02-01,debt_consolidation,17.91,1996-12-01,17.0,1.0,190.0,3.4,31.0,w,INDIVIDUAL,1.0,1.0,1,6.0,0,18.2,0.136
21200.0,36,11.55,699.6,B3,MORTGAGE,48000.0,Source Verified,2013-09-01,debt_consolidation,25.93,2001-12-01,12.0,0.0,11450.0,61.2,24.0,w,INDIVIDUAL,3.0,0.0,0,9.0,0,11.8,0.442
15000.0,36,7.88,469.22,A5,MORTGAGE,55000.0,Verified,2010-10-01,debt_consolidation,17.59,1989-02-01,14.0,0.0,1233.0,2.2,63.0,f,INDIVIDUAL,3.0,0.0,0,10.0,0,21.7,0.273
20275.0,60,21.99,559.86,E4,MORTGAGE,62000.0,Source Verified,2014-03-01,debt_consolidation,22.88,1989-11-01,10.0,0.0,10156.0,95.8,40.0,w,INDIVIDUAL,6.0,0.0,0,10.0,0,24.3,0.327
9975.0,36,15.31,347.31,C4,RENT,29640.0,Source Verified,2014-04-01,debt_consolidation,15.87,2000-06-01,11.0,0.0,1413.0,28.8,25.0,w,INDIVIDUAL,0.0,0.0,0,0.0,0,13.8,0.337
12700.0,36,14.16,435.05,C2,RENT,63000.0,Source Verified,2014-02-01,debt_consolidation,12.78,2002-12-01,5.0,1.0,3052.0,66.3,22.0,f,INDIVIDUAL,6.0,1.0,0,10.0,0,11.2,0.202
4800.0,36,19.05,176.08,D4,RENT,42000.0,Verified,2013-06-01,wedding,8.91,1996-02-01,9.0,2.0,10818.0,25.8,11.0,f,INDIVIDUAL,0.0,0.0,0,6.0,0,17.3,0.114
10000.0,36,11.67,330.57,B4,RENT,50000.0,Not Verified,2014-07-01,credit_card,23.02,2005-05-01,12.0,0.0,2905.0,53.8,21.0,f,INDIVIDUAL,0.0,0.0,0,3.0,0,9.2,0.2
15000.0,36,12.12,499.08,B3,MORTGAGE,114560.0,Verified,2013-05-01,debt_consolidation,20.99,1994-10-01,10.0,1.0,58247.0,83.8,14.0,f,INDIVIDUAL,1.0,0.0,0,10.0,0,18.6,0.131
20000.0,36,13.99,683.46,C4,OWN,105000.0,Not Verified,2015-07-01,credit_card,16.03,1992-10-01,7.0,0.0,12734.0,89.7,29.0,f,INDIVIDUAL,7.0,0.0,0,3.0,0,22.7,0.19
14300.0,36,12.12,475.79,B3,MORTGAGE,65000.0,Verified,2013-06-01,debt_consolidation,28.3,2005-09-01,15.0,0.0,19435.0,67.7,19.0,f,INDIVIDUAL,2.0,0.0,0,7.0,0,7.7,0.22
4800.0,36,5.42,144.77,A1,MORTGAGE,53004.0,Not Verified,2011-05-01,home_improvement,11.18,1996-04-01,9.0,0.0,25527.0,65.5,30.0,f,INDIVIDUAL,2.0,0.0,0,3.0,0,15.1,0.091
24000.0,36,18.49,873.57,D2,OWN,95000.0,Verified,2013-05-01,debt_consolidation,22.66,1997-08-01,15.0,0.0,35145.0,70.9,38.0,f,INDIVIDUAL,0.0,0.0,0,10.0,0,15.7,0.253
18000.0,60,7.49,360.6,A4,MORTGAGE,72000.0,Verified,2015-01-01,debt_consolidation,9.22,1995-01-01,14.0,0.0,15810.0,15.5,29.0,w,INDIVIDUAL,2.0,0.0,0,6.0,1,20.0,0.25
22250.0,60,18.75,574.13,D3,MORTGAGE,70000.0,Source Verified,2012-09-01,debt_consolidation,15.45,1996-06-01,11.0,0.0,15313.0,71.9,18.0,f,INDIVIDUAL,1.0,0.0,1,10.0,0,16.3,0.318
20950.0,60,24.99,614.79,F4,RENT,50000.0,Verified,2014-08-01,debt_consolidation,19.92,1998-02-01,13.0,0.0,34960.0,72.1,18.0,w,INDIVIDUAL,0.0,0.0,0,4.0,0,16.5,0.419
4800.0,36,13.47,162.83,C4,MORTGAGE,100000.0,Verified,2009-01-01,debt_consolidation,21.8,1991-06-01,11.0,0.0,52757.0,96.4,24.0,f,INDIVIDUAL,1.0,0.0,0,10.0,0,17.6,0.048
18000.0,60,17.27,449.97,C5,OWN,97000.0,Verified,2013-02-01,major_purchase,8.41,1998-08-01,13.0,0.0,16654.0,48.8,20.0,w,INDIVIDUAL,0.0,0.0,0,10.0,0,14.5,0.186
6500.0,36,13.98,222.1,C3,RENT,50000.0,Not Verified,2014-06-01,debt_consolidation,7.01,2001-06-01,5.0,0.0,10448.0,87.1,8.0,w,INDIVIDUAL,0.0,0.0,0,7.0,0,13.0,0.13
16000.0,36,16.78,568.7,C5,MORTGAGE,75000.0,Not Verified,2013-08-01,debt_consolidation,14.14,1999-06-01,16.0,0.0,10518.0,44.8,38.0,f,INDIVIDUAL,4.0,0.0,0,9.0,0,14.2,0.213
6000.0,36,15.61,209.79,D1,RENT,37440.0,Source Verified,2015-02-01,debt_consolidation,32.69,2006-03-01,24.0,0.0,5962.0,42.6,32.0,w,INDIVIDUAL,0.0,0.0,0,3.0,0,8.9,0.16
9000.0,36,13.98,307.52,C3,MORTGAGE,47800.0,Verified,2014-10-01,debt_consolidation,8.94,2002-10-01,4.0,0.0,5691.0,103.5,10.0,f,INDIVIDUAL,1.0,0.0,0,10.0,0,12.0,0.188
10500.0,60,25.99,314.32,G4,RENT,126360.0,Source Verified,2013-12-01,small_business,1.7,1996-11-01,6.0,0.0,5410.0,23.4,9.0,f,INDIVIDUAL,0.0,0.0,0,6.0,0,17.1,0.083
20000.0,60,11.67,441.57,B4,OWN,135000.0,Verified,2014-10-01,debt_consolidation,18.24,1987-11-01,10.0,0.0,15678.0,37.4,23.0,w,INDIVIDUAL,2.0,0.0,1,10.0,0,26.9,0.148
5000.0,36,11.99,166.05,B5,RENT,55000.0,Source Verified,2015-01-01,debt_consolidation,9.91,2005-07-01,6.0,0.0,1566.0,24.9,16.0,f,INDIVIDUAL,0.0,0.0,0,10.0,0,9.5,0.091
6725.0,36,7.9,210.43,A4,OWN,36000.0,Not Verified,2012-12-01,debt_consolidation,26.73,1962-10-01,15.0,0.0,15241.0,18.0,25.0,w,INDIVIDUAL,1.0,0.0,0,6.0,1,50.2,0.187
19125.0,36,16.29,675.12,C4,MORTGAGE,50000.0,Verified,2012-09-01,debt_consolidation,23.56,2000-07-01,13.0,0.0,33137.0,86.4,27.0,f,INDIVIDUAL,2.0,0.0,0,4.0,0,12.2,0.382
12000.0,60,8.19,244.41,A5,MORTGAGE,60000.0,Not Verified,2015-01-01,credit_card,10.29,2002-10-01,12.0,0.0,14727.0,53.7,30.0,w,INDIVIDUAL,3.0,0.0,0,10.0,0,12.3,0.2
10550.0,36,10.75,344.15,B4,MORTGAGE,76542.0,Not Verified,2016-04-01,credit_card,25.18,1996-03-01,11.0,0.0,10533.0,53.5,20.0,w,INDIVIDUAL,0.0,0.0,1,4.0,0,20.1,0.138
5425.0,36,11.53,178.98,B5,RENT,27000.0,Verified,2015-02-01,debt_consolidation,21.69,2003-10-01,11.0,0.0,9963.0,45.3,24.0,f,INDIVIDUAL,0.0,0.0,0,3.0,0,11.3,0.201
40000.0,60,16.29,978.9,D1,MORTGAGE,155000.0,Verified,2016-06-01,debt_consolidation,9.36,2001-06-01,8.0,0.0,15505.0,64.3,34.0,w,INDIVIDUAL,2.0,0.0,0,4.0,0,15.0,0.258
16000.0,36,15.61,559.44,D1,MORTGAGE,86563.0,Verified,2014-06-01,car,5.53,1995-12-01,18.0,1.0,12248.0,25.0,25.0,f,INDIVIDUAL,1.0,1.0,0,4.0,0,18.5,0.185
10500.0,36,6.03,319.58,A1,RENT,60000.0,Not Verified,2014-07-01,debt_consolidation,10.2,2005-02-01,13.0,0.0,4744.0,7.9,23.0,f,INDIVIDUAL,0.0,0.0,0,1.0,0,9.4,0.175
5400.0,36,15.88,189.53,C4,RENT,50000.0,Not Verified,2013-08-01,credit_card,15.66,2005-10-01,17.0,0.0,10767.0,56.1,22.0,f,INDIVIDUAL,0.0,0.0,0,0.0,0,7.8,0.108
17000.0,60,18.55,436.8,D4,MORTGAGE,65000.0,Verified,2012-06-01,debt_consolidation,22.3,2000-09-01,17.0,0.0,12280.0,39.2,39.0,f,INDIVIDUAL,2.0,0.0,0,10.0,0,11.7,0.262
24525.0,60,19.99,649.63,E3,MORTGAGE,56000.0,Source Verified,2014-11-01,debt_consolidation,39.46,1998-02-01,8.0,1.0,124533.0,57.6,18.0,f,INDIVIDUAL,2.0,0.0,1,10.0,0,16.7,0.438
10000.0,60,7.89,202.24,A5,OWN,51700.0,Not Verified,2016-06-01,other,26.9,1980-03-01,12.0,1.0,23137.0,41.5,28.0,w,INDIVIDUAL,1.0,0.0,0,2.0,0,36.3,0.193
6800.0,36,13.49,230.73,C2,MORTGAGE,45000.0,Verified,2016-07-01,debt_consolidation,9.33,2006-03-01,13.0,0.0,0.0,0.0,37.0,f,INDIVIDUAL,7.0,0.0,0,6.0,1,10.3,0.151
14000.0,36,10.99,458.28,B2,RENT,108000.0,Not Verified,2013-11-01,debt_consolidation,11.19,1996-01-01,10.0,0.0,6916.0,54.0,27.0,f,INDIVIDUAL,4.0,0.0,0,5.0,0,17.8,0.13
15000.0,60,13.98,348.87,C3,RENT,41341.2,Verified,2014-07-01,debt_consolidation,4.38,1998-10-01,5.0,0.0,7173.0,41.2,11.0,w,INDIVIDUAL,2.0,0.0,1,0.0,0,15.7,0.363
24000.0,36,10.15,776.11,B2,MORTGAGE,102000.0,Source Verified,2014-06-01,home_improvement,11.74,1992-11-01,9.0,0.0,7981.0,72.6,26.0,f,INDIVIDUAL,1.0,0.0,0,10.0,0,21.6,0.235
25000.0,60,14.99,594.62,C5,MORTGAGE,120000.0,Source Verified,2014-06-01,debt_consolidation,24.21,1995-12-01,16.0,1.0,21193.0,70.6,24.0,w,INDIVIDUAL,1.0,0.0,0,2.0,0,18.5,0.208
25375.0,60,15.61,611.83,D1,MORTGAGE,53000.0,Source Verified,2014-06-01,credit_card,31.09,2000-09-01,18.0,0.0,26218.0,66.4,40.0,w,INDIVIDUAL,1.0,0.0,1,7.0,0,13.7,0.479
9600.0,36,13.35,325.09,C2,RENT,65000.0,Source Verified,2014-08-01,other,23.9,1990-01-01,14.0,0.0,16770.0,61.4,27.0,w,INDIVIDUAL,0.0,0.0,0,6.0,0,24.6,0.148
12000.0,36,11.14,393.67,B2,MORTGAGE,40000.0,Verified,2013-01-01,debt_consolidation,26.91,1978-02-01,11.0,0.0,25531.0,71.7,20.0,w,INDIVIDUAL,2.0,0.0,0,2.0,0,34.9,0.3
10050.0,60,18.24,256.52,D5,RENT,46500.0,Source Verified,2014-07-01,debt_consolidation,31.77,2000-06-01,8.0,1.0,6468.0,66.7,26.0,f,INDIVIDUAL,3.0,1.0,1,2.0,0,14.1,0.216
24875.0,36,7.62,775.14,A3,RENT,77776.0,Verified,2013-12-01,credit_card,20.33,1997-09-01,6.0,0.0,27932.0,66.8,16.0,w,INDIVIDUAL,0.0,0.0,0,9.0,0,16.2,0.32
12000.0,36,10.64,390.83,B2,MORTGAGE,52000.0,Source Verified,2013-07-01,debt_consolidation,12.79,1995-09-01,11.0,0.0,15451.0,30.0,25.0,w,INDIVIDUAL,0.0,0.0,0,1.0,0,17.8,0.231
18000.0,36,10.16,582.17,B1,RENT,59000.0,Not Verified,2013-06-01,debt_consolidation,19.51,2003-08-01,16.0,0.0,12800.0,53.4,30.0,f,INDIVIDUAL,0.0,0.0,0,0.0,0,9.8,0.305
16000.0,60,12.12,356.89,B3,MORTGAGE,80174.0,Verified,2013-01-01,debt_consolidation,15.42,1998-05-01,11.0,0.0,34970.0,63.5,34.0,w,INDIVIDUAL,5.0,0.0,1,10.0,0,14.7,0.2
12000.0,36,15.61,419.58,D1,MORTGAGE,60000.0,Verified,2014-10-01,credit_card,35.68,2002-06-01,18.0,0.0,18057.0,60.6,28.0,w,INDIVIDUAL,3.0,0.0,0,5.0,0,12.3,0.2
1600.0,36,17.57,57.5,D4,RENT,32000.0,Source Verified,2015-11-01,moving,2.89,2009-03-01,7.0,0.0,974.0,10.7,9.0,f,INDIVIDUAL,0.0,0.0,0,0.0,0,6.7,0.05
18000.0,36,17.27,644.18,C5,RENT,50000.0,Verified,2012-11-01,debt_consolidation,22.32,1998-05-01,12.0,0.0,8780.0,61.0,33.0,f,INDIVIDUAL,2.0,0.0,0,5.0,0,14.5,0.36
35000.0,36,12.69,1174.07,C2,RENT,78000.0,Verified,2015-02-01,credit_card,8.6,2010-10-01,16.0,0.0,24378.0,27.7,18.0,f,INDIVIDUAL,0.0,0.0,0,9.0,0,4.3,0.449
11100.0,36,19.05,407.17,D4,RENT,32000.0,Not Verified,2013-04-01,debt_consolidation,23.36,2002-02-01,6.0,0.0,8123.0,45.6,14.0,f,INDIVIDUAL,0.0,0.0,0,1.0,0,11.2,0.347
22000.0,36,17.99,795.25,D2,MORTGAGE,50000.0,Verified,2016-07-01,debt_consolidation,10.59,2002-09-01,11.0,0.0,8919.0,53.7,24.0,w,INDIVIDUAL,4.0,0.0,0,2.0,0,13.8,0.44
25000.0,36,6.99,771.82,A3,RENT,175000.0,Verified,2015-01-01,debt_consolidation,13.43,2000-03-01,15.0,0.0,29959.0,67.9,19.0,w,INDIVIDUAL,0.0,0.0,0,1.0,0,14.8,0.143
8875.0,36,13.68,301.95,C1,RENT,39000.0,Verified,2013-09-01,debt_consolidation,19.94,2004-10-01,11.0,0.0,4553.0,41.4,18.0,f,INDIVIDUAL,0.0,0.0,1,6.0,1,8.9,0.228
14600.0,36,12.12,485.77,B3,MORTGAGE,56000.0,Verified,2013-03-01,debt_consolidation,26.74,1998-09-01,12.0,0.0,8269.0,36.4,31.0,f,INDIVIDUAL,2.0,0.0,1,10.0,0,14.5,0.261
25000.0,60,10.99,543.44,B4,MORTGAGE,57710.0,Source Verified,2015-04-01,debt_consolidation,29.5,1996-03-01,18.0,1.0,2200.0,13.3,40.0,w,INDIVIDUAL,2.0,1.0,0,10.0,0,19.1,0.433
11675.0,60,14.46,274.45,C4,MORTGAGE,49200.0,Source Verified,2016-06-01,debt_consolidation,8.34,2003-12-01,10.0,0.0,5428.0,39.3,17.0,w,INDIVIDUAL,1.0,0.0,0,9.0,0,12.5,0.237
9500.0,36,12.69,318.68,C2,MORTGAGE,69000.0,Verified,2015-10-01,debt_consolidation,28.26,2005-03-01,17.0,0.0,11389.0,74.9,29.0,f,INDIVIDUAL,0.0,0.0,1,9.0,0,10.6,0.138
8000.0,36,12.69,268.36,C2,MORTGAGE,54000.0,Not Verified,2015-08-01,debt_consolidation,2.69,2006-07-01,6.0,0.0,4778.0,50.3,9.0,w,INDIVIDUAL,0.0,0.0,1,4.0,0,9.1,0.148
11000.0,36,11.53,362.9,B5,MORTGAGE,58000.0,Not Verified,2015-05-01,debt_consolidation,29.36,1995-04-01,15.0,0.0,3786.0,13.4,25.0,f,INDIVIDUAL,3.0,0.0,0,4.0,0,20.1,0.19
10000.0,36,9.17,318.79,B1,MORTGAGE,50000.0,Not Verified,2014-07-01,debt_consolidation,14.59,1995-06-01,7.0,0.0,8160.0,30.2,23.0,w,INDIVIDUAL,3.0,0.0,0,10.0,0,19.1,0.2
9000.0,36,10.99,294.61,B2,MORTGAGE,83000.0,Source Verified,2013-12-01,debt_consolidation,14.57,1999-06-01,7.0,0.0,10868.0,62.5,12.0,f,INDIVIDUAL,3.0,0.0,0,6.0,1,14.5,0.108
9375.0,36,14.49,322.66,C4,MORTGAGE,40000.0,Not Verified,2014-06-01,debt_consolidation,34.41,1988-10-01,11.0,0.0,7103.0,32.3,18.0,w,INDIVIDUAL,3.0,0.0,0,5.0,0,25.7,0.234
12800.0,36,10.99,419.0,B2,RENT,50000.0,Not Verified,2014-01-01,debt_consolidation,18.27,2001-07-01,13.0,0.0,6689.0,37.6,29.0,w,INDIVIDUAL,0.0,0.0,0,0.0,0,12.5,0.256
15000.0,36,18.49,545.99,D2,RENT,95000.0,Not Verified,2012-08-01,credit_card,5.29,2005-12-01,7.0,0.0,15568.0,74.5,10.0,f,INDIVIDUAL,0.0,0.0,0,10.0,0,6.7,0.158
11550.0,60,15.61,278.49,D1,MORTGAGE,41000.0,Not Verified,2014-07-01,debt_consolidation,24.97,2001-04-01,30.0,0.0,7919.0,35.5,66.0,f,INDIVIDUAL,4.0,0.0,1,4.0,0,13.2,0.282
15600.0,60,12.99,354.87,C2,OWN,50000.0,Source Verified,2015-01-01,debt_consolidation,18.46,1999-06-01,11.0,0.0,11124.0,28.8,23.0,w,INDIVIDUAL,1.0,0.0,0,1.0,0,15.6,0.312
10000.0,36,8.49,308.53,A5,RENT,80000.0,Source Verified,2011-06-01,debt_consolidation,19.99,2000-11-01,13.0,0.0,35341.0,12.7,26.0,f,INDIVIDUAL,2.0,0.0,0,6.0,0,10.6,0.125
16000.0,36,16.99,570.37,D3,MORTGAGE,55000.0,Verified,2015-03-01,debt_consolidation,8.18,1983-09-01,14.0,0.0,3506.0,22.6,27.0,w,INDIVIDUAL,3.0,0.0,1,4.0,0,31.5,0.291
10000.0,36,18.39,363.49,E2,MORTGAGE,175400.0,Verified,2011-07-01,debt_consolidation,17.72,1983-05-01,12.0,0.0,56095.0,97.1,36.0,f,INDIVIDUAL,2.0,0.0,1,10.0,0,28.2,0.057
8000.0,36,15.31,278.54,C2,OWN,59900.0,Verified,2012-11-01,debt_consolidation,21.88,2001-07-01,11.0,0.0,5063.0,34.0,30.0,w,INDIVIDUAL,0.0,0.0,0,10.0,0,11.3,0.134
12500.0,36,10.99,409.18,B2,RENT,50000.0,Source Verified,2014-02-01,debt_consolidation,27.03,2001-08-01,16.0,0.0,16854.0,42.7,21.0,f,INDIVIDUAL,0.0,0.0,0,8.0,0,12.5,0.25
21000.0,36,14.09,718.65,B5,MORTGAGE,120000.0,Verified,2012-08-01,credit_card,27.63,1982-04-01,12.0,0.0,16586.0,70.0,28.0,f,INDIVIDUAL,6.0,0.0,0,0.0,0,30.3,0.175
13000.0,36,15.8,455.76,C3,MORTGAGE,49422.0,Verified,2013-04-01,debt_consolidation,25.86,1999-06-01,16.0,0.0,17382.0,41.1,42.0,f,INDIVIDUAL,4.0,0.0,0,7.0,0,13.8,0.263
9600.0,36,7.9,300.39,A4,MORTGAGE,75000.0,Not Verified,2012-11-01,debt_consolidation,6.75,1996-07-01,12.0,1.0,6165.0,38.5,27.0,f,INDIVIDUAL,4.0,1.0,0,0.0,0,16.3,0.128
13700.0,36,11.99,454.98,B3,MORTGAGE,52000.0,Source Verified,2014-04-01,credit_card,21.92,1998-03-01,11.0,0.0,13186.0,60.2,19.0,f,INDIVIDUAL,2.0,0.0,0,2.0,0,16.1,0.263
12000.0,36,10.99,392.81,B3,MORTGAGE,55770.0,Verified,2014-09-01,credit_card,6.77,1999-02-01,11.0,6.0,7469.0,30.0,28.0,f,INDIVIDUAL,0.0,0.0,0,7.0,0,15.6,0.215
6775.0,36,15.88,237.79,C4,RENT,50000.0,Source Verified,2013-09-01,debt_consolidation,12.29,2002-05-01,3.0,0.0,6003.0,72.3,10.0,w,INDIVIDUAL,5.0,0.0,0,10.0,0,11.3,0.136
21000.0,36,7.9,657.1,A4,MORTGAGE,102500.0,Source Verified,2013-01-01,debt_consolidation,18.73,1989-02-01,9.0,0.0,35849.0,60.4,32.0,f,INDIVIDUAL,1.0,0.0,0,10.0,0,23.9,0.205
4750.0,36,11.99,157.75,B3,MORTGAGE,54000.0,Verified,2013-09-01,debt_consolidation,22.16,1999-02-01,9.0,0.0,7782.0,39.9,34.0,f,INDIVIDUAL,3.0,0.0,0,10.0,0,14.6,0.088
21000.0,60,15.88,509.35,C4,MORTGAGE,167000.0,Verified,2013-08-01,home_improvement,24.38,1999-03-01,20.0,0.0,36319.0,61.2,44.0,f,INDIVIDUAL,5.0,0.0,0,10.0,0,14.4,0.126
29900.0,36,7.26,926.79,A4,MORTGAGE,87780.0,Source Verified,2015-06-01,debt_consolidation,17.42,2003-10-01,15.0,0.0,16198.0,19.9,29.0,w,INDIVIDUAL,3.0,0.0,0,5.0,0,11.7,0.341
15000.0,36,12.39,501.02,C1,RENT,44000.0,Not Verified,2015-02-01,debt_consolidation,15.36,2001-06-01,7.0,0.0,6010.0,36.4,7.0,f,INDIVIDUAL,0.0,0.0,0,8.0,0,13.7,0.341
23000.0,36,11.67,760.31,B4,MORTGAGE,62000.0,Source Verified,2014-07-01,debt_consolidation,22.96,2006-09-01,12.0,0.0,18047.0,83.6,21.0,w,INDIVIDUAL,2.0,0.0,0,10.0,0,7.8,0.371
19750.0,60,15.8,478.19,C3,MORTGAGE,45000.0,Verified,2013-03-01,debt_consolidation,10.21,1995-12-01,12.0,0.0,6601.0,37.5,24.0,f,INDIVIDUAL,3.0,0.0,0,0.0,0,17.2,0.439
5000.0,36,7.62,155.81,A3,MORTGAGE,104000.0,Not Verified,2014-04-01,debt_consolidation,18.14,1982-08-01,10.0,0.0,3540.0,19.2,28.0,f,INDIVIDUAL,4.0,0.0,0,9.0,0,31.7,0.048
5000.0,36,14.99,173.31,C5,MORTGAGE,58200.0,Verified,2014-11-01,home_improvement,8.52,2003-08-01,12.0,2.0,12766.0,54.3,19.0,w,INDIVIDUAL,2.0,1.0,0,10.0,0,11.3,0.086
11175.0,36,16.29,394.49,C4,MORTGAGE,47256.0,Verified,2012-12-01,debt_consolidation,18.97,1995-02-01,11.0,0.0,7366.0,70.8,31.0,f,INDIVIDUAL,7.0,0.0,0,10.0,0,17.8,0.236
12250.0,36,10.16,396.2,B1,RENT,56000.0,Not Verified,2013-06-01,debt_consolidation,21.26,2003-06-01,8.0,0.0,4914.0,26.0,11.0,f,INDIVIDUAL,0.0,0.0,0,0.0,0,10.0,0.219
15000.0,36,10.99,491.01,B4,MORTGAGE,135000.0,Source Verified,2015-07-01,debt_consolidation,18.78,2007-02-01,14.0,1.0,12235.0,48.7,34.0,w,INDIVIDUAL,0.0,0.0,0,2.0,0,8.4,0.111
12000.0,36,6.97,370.37,A3,RENT,85000.0,Not Verified,2016-03-01,debt_consolidation,12.68,2005-09-01,16.0,0.0,7621.0,23.7,28.0,w,INDIVIDUAL,0.0,0.0,0,1.0,0,10.5,0.141
10000.0,36,10.49,324.98,B3,RENT,65000.0,Not Verified,2014-12-01,credit_card,30.47,2007-03-01,21.0,0.0,9429.0,45.3,40.0,f,INDIVIDUAL,0.0,0.0,0,0.0,0,7.8,0.154
25000.0,36,14.61,861.88,D1,RENT,71000.0,Not Verified,2009-12-01,debt_consolidation,22.62,1998-08-01,15.0,0.0,32484.0,52.7,63.0,f,INDIVIDUAL,3.0,0.0,0,9.0,0,11.3,0.352
16000.0,36,15.61,559.44,D1,RENT,83000.0,Verified,2015-04-01,debt_consolidation,26.27,2001-11-01,11.0,0.0,8083.0,33.7,24.0,f,INDIVIDUAL,2.0,0.0,0,8.0,0,13.4,0.193
16000.0,60,13.68,369.65,C1,MORTGAGE,140000.0,Verified,2013-09-01,debt_consolidation,15.22,1995-01-01,19.0,0.0,33840.0,80.2,38.0,f,INDIVIDUAL,2.0,0.0,0,7.0,0,18.7,0.114
16000.0,60,12.05,356.32,C1,RENT,100000.0,Source Verified,2015-11-01,debt_consolidation,8.62,1999-06-01,8.0,1.0,24018.0,75.1,16.0,w,INDIVIDUAL,1.0,0.0,0,9.0,0,16.4,0.16
20000.0,36,13.35,677.26,C2,MORTGAGE,77000.0,Source Verified,2014-10-01,debt_consolidation,26.01,2001-11-01,9.0,0.0,8484.0,61.9,14.0,w,INDIVIDUAL,1.0,0.0,0,10.0,0,12.9,0.26
20000.0,36,14.33,686.77,C1,MORTGAGE,71000.0,Verified,2013-03-01,debt_consolidation,19.96,2000-10-01,17.0,0.0,18318.0,85.6,40.0,f,INDIVIDUAL,3.0,0.0,0,4.0,0,12.4,0.282
33600.0,36,13.33,1137.47,C3,OWN,126000.0,Verified,2015-03-01,debt_consolidation,29.07,1992-12-01,10.0,0.0,93289.0,75.7,15.0,f,INDIVIDUAL,0.0,0.0,1,2.0,0,22.2,0.267
10000.0,36,7.89,312.86,A5,RENT,55000.0,Source Verified,2015-10-01,debt_consolidation,19.29,2000-09-01,14.0,0.0,14500.0,44.1,29.0,w,INDIVIDUAL,1.0,0.0,0,10.0,0,15.1,0.182
6000.0,36,7.9,187.75,A4,MORTGAGE,30000.0,Not Verified,2012-12-01,credit_card,15.82,1997-04-01,24.0,0.0,7103.0,7.2,60.0,f,INDIVIDUAL,8.0,0.0,0,2.0,0,15.7,0.2
35000.0,60,13.33,802.29,C3,MORTGAGE,110000.0,Source Verified,2015-08-01,debt_consolidation,17.28,1994-06-01,15.0,0.0,39748.0,47.8,25.0,w,INDIVIDUAL,3.0,0.0,0,2.0,0,21.2,0.318
6400.0,36,8.9,203.23,A5,RENT,104000.0,Not Verified,2013-12-01,debt_consolidation,5.31,2004-04-01,4.0,0.0,7786.0,57.2,17.0,w,INDIVIDUAL,0.0,0.0,0,1.0,0,9.7,0.062
8000.0,36,11.14,262.45,B2,MORTGAGE,70000.0,Not Verified,2012-07-01,vacation,27.84,1982-11-01,17.0,0.0,23498.0,78.1,29.0,f,INDIVIDUAL,1.0,0.0,0,1.0,0,29.7,0.114
20000.0,36,7.69,623.88,A4,OWN,80000.0,Source Verified,2014-07-01,debt_consolidation,14.69,1994-06-01,5.0,0.0,5023.0,45.7,20.0,w,INDIVIDUAL,0.0,0.0,0,10.0,0,20.1,0.25
1500.0,36,18.25,54.42,D3,MORTGAGE,120000.0,Source Verified,2013-12-01,home_improvement,5.08,1993-11-01,10.0,0.0,4543.0,59.8,19.0,f,INDIVIDUAL,4.0,0.0,0,3.0,0,20.1,0.012
35000.0,36,13.35,1185.2,C2,MORTGAGE,325000.0,Source Verified,2014-10-01,debt_consolidation,12.01,2001-06-01,21.0,0.0,35990.0,72.7,32.0,w,INDIVIDUAL,4.0,0.0,0,1.0,0,13.3,0.108
15000.0,36,10.75,489.31,B4,RENT,51000.0,Not Verified,2016-02-01,debt_consolidation,26.85,2008-07-01,19.0,0.0,13871.0,40.2,39.0,w,INDIVIDUAL,0.0,0.0,0,4.0,0,7.6,0.294
16000.0,36,10.99,523.75,B2,MORTGAGE,76000.0,Source Verified,2013-11-01,debt_consolidation,12.22,1981-03-01,5.0,0.0,11168.0,71.1,20.0,w,INDIVIDUAL,5.0,0.0,0,10.0,0,32.7,0.211
9800.0,36,12.99,330.16,C1,RENT,52000.0,Not Verified,2014-10-01,debt_consolidation,24.14,2003-03-01,11.0,0.0,10656.0,59.5,23.0,w,INDIVIDUAL,3.0,0.0,0,3.0,0,11.6,0.188
5000.0,36,21.49,189.64,E3,MORTGAGE,30700.0,Not Verified,2013-06-01,other,19.23,2000-07-01,5.0,0.0,3884.0,60.7,9.0,f,INDIVIDUAL,3.0,0.0,0,10.0,0,12.9,0.163
10000.0,36,6.92,308.41,A4,MORTGAGE,54000.0,Not Verified,2015-02-01,debt_consolidation,10.78,1998-01-01,8.0,0.0,7496.0,35.7,12.0,w,INDIVIDUAL,2.0,0.0,0,5.0,0,17.1,0.185
11000.0,36,12.42,367.57,B4,RENT,33000.0,Not Verified,2012-01-01,debt_consolidation,22.08,2000-12-01,9.0,0.0,16450.0,61.8,16.0,f,INDIVIDUAL,0.0,0.0,0,10.0,0,11.1,0.333
5175.0,36,15.61,180.95,D1,RENT,13000.0,Source Verified,2014-10-01,debt_consolidation,27.15,2005-03-01,7.0,0.0,10112.0,57.1,11.0,f,INDIVIDUAL,0.0,0.0,1,2.0,0,9.6,0.398
10500.0,60,14.31,246.01,C4,MORTGAGE,23000.0,Verified,2014-11-01,credit_card,23.7,1992-06-01,5.0,0.0,9006.0,72.0,13.0,w,INDIVIDUAL,0.0,0.0,0,6.0,1,22.4,0.457
35000.0,60,15.27,837.62,C4,MORTGAGE,105761.0,Verified,2012-01-01,home_improvement,7.01,2006-02-01,13.0,0.0,66.0,0.2,22.0,f,INDIVIDUAL,1.0,0.0,0,5.0,0,5.9,0.331
7500.0,36,12.69,251.59,C2,RENT,58000.0,Not Verified,2015-03-01,credit_card,15.23,2007-04-01,6.0,0.0,4911.0,45.9,7.0,f,INDIVIDUAL,0.0,0.0,1,2.0,0,7.9,0.129
20000.0,36,13.11,674.94,B4,MORTGAGE,155400.0,Verified,2012-08-01,debt_consolidation,9.41,1988-11-01,12.0,0.0,20721.0,80.6,36.0,f,INDIVIDUAL,5.0,0.0,0,10.0,0,23.7,0.129
28000.0,36,13.11,944.92,B4,RENT,92000.0,Verified,2013-03-01,debt_consolidation,20.51,1989-12-01,11.0,0.0,19961.0,45.2,38.0,f,INDIVIDUAL,4.0,0.0,0,6.0,0,23.2,0.304
6000.0,36,10.49,194.99,B3,OWN,33600.0,Verified,2015-01-01,credit_card,24.88,2005-08-01,12.0,1.0,10427.0,54.6,18.0,w,INDIVIDUAL,0.0,1.0,0,6.0,1,9.4,0.179
2000.0,36,17.56,71.87,D1,RENT,41000.0,Source Verified,2013-07-01,other,18.85,1999-09-01,12.0,0.0,17390.0,75.9,27.0,f,INDIVIDUAL,0.0,0.0,0,10.0,0,13.8,0.049
29975.0,36,30.94,1287.97,G4,RENT,64545.48,Verified,2016-10-01,debt_consolidation,30.62,1997-12-01,8.0,0.0,13223.0,84.2,28.0,f,INDIVIDUAL,2.0,0.0,0,10.0,0,18.8,0.464
30000.0,36,10.99,982.02,B2,RENT,124368.0,Source Verified,2013-12-01,credit_card,22.22,1988-03-01,9.0,0.0,15012.0,50.5,22.0,f,INDIVIDUAL,1.0,0.0,0,10.0,0,25.8,0.241
5200.0,36,7.9,162.71,A4,MORTGAGE,80000.0,Verified,2013-02-01,major_purchase,17.16,1997-02-01,4.0,0.0,12191.0,97.5,13.0,f,INDIVIDUAL,1.0,0.0,0,10.0,0,16.0,0.065
5000.0,36,19.52,184.6,E2,OWN,110000.0,Not Verified,2014-08-01,home_improvement,3.36,1997-07-01,5.0,1.0,7763.0,65.8,13.0,f,INDIVIDUAL,2.0,1.0,0,10.0,0,17.1,0.045
5600.0,36,10.99,183.32,B4,RENT,41200.0,Verified,2015-10-01,debt_consolidation,17.21,2012-01-01,8.0,0.0,1149.0,8.3,13.0,w,INDIVIDUAL,0.0,0.0,0,8.0,0,3.7,0.136
35000.0,60,24.24,1011.77,F3,OWN,83000.0,Verified,2016-02-01,debt_consolidation,17.49,1996-04-01,17.0,1.0,16459.0,38.9,28.0,f,JOINT,2.0,1.0,0,10.0,0,19.8,0.422
23025.0,60,19.99,609.9,E3,MORTGAGE,80000.0,Source Verified,2014-11-01,debt_consolidation,9.7,2010-09-01,16.0,0.0,15199.0,64.7,20.0,w,INDIVIDUAL,1.0,0.0,0,5.0,0,4.2,0.288
6500.0,36,7.29,201.57,A4,RENT,24000.0,Not Verified,2011-03-01,credit_card,24.8,2003-10-01,5.0,0.0,6367.0,63.7,7.0,f,INDIVIDUAL,0.0,0.0,0,3.0,0,7.4,0.271
18000.0,60,14.49,423.42,C4,MORTGAGE,90000.0,Source Verified,2014-10-01,debt_consolidation,32.24,2004-06-01,17.0,0.0,36296.0,78.2,30.0,w,INDIVIDUAL,2.0,0.0,0,10.0,0,10.3,0.2
10425.0,36,18.25,378.2,D3,RENT,35000.0,Not Verified,2014-02-01,debt_consolidation,18.21,2004-07-01,12.0,0.0,10583.0,83.3,40.0,f,INDIVIDUAL,0.0,0.0,0,0.0,0,9.6,0.298
4375.0,36,14.09,149.72,B5,RENT,28000.0,Verified,2012-08-01,debt_consolidation,13.46,2007-07-01,13.0,0.0,4960.0,57.7,16.0,f,INDIVIDUAL,0.0,0.0,0,6.0,0,5.1,0.156
25000.0,60,14.99,594.62,C5,RENT,112000.0,Source Verified,2014-09-01,credit_card,20.44,1994-12-01,17.0,0.0,40415.0,71.8,33.0,f,INDIVIDUAL,6.0,0.0,0,10.0,0,19.8,0.223
15200.0,60,25.78,453.12,F5,RENT,65500.0,Verified,2015-09-01,other,25.87,2000-04-01,19.0,0.0,18147.0,34.9,29.0,f,INDIVIDUAL,0.0,0.0,0,8.0,0,15.4,0.232
12000.0,36,12.21,399.78,B5,RENT,104000.0,Verified,2009-08-01,educational,8.75,1991-06-01,14.0,0.0,5199.0,12.5,29.0,f,INDIVIDUAL,2.0,0.0,0,3.0,0,18.2,0.115
6200.0,36,16.29,218.87,C4,MORTGAGE,50000.0,Not Verified,2013-02-01,debt_consolidation,8.98,2003-05-01,6.0,0.0,7356.0,74.3,12.0,f,INDIVIDUAL,6.0,0.0,0,8.0,0,9.8,0.124
14000.0,60,15.31,335.35,C5,OWN,68000.0,Not Verified,2016-06-01,home_improvement,4.69,1998-06-01,9.0,1.0,6928.0,21.9,24.0,w,INDIVIDUAL,2.0,1.0,0,10.0,0,18.0,0.206
21600.0,36,10.37,700.73,B3,MORTGAGE,154000.0,Verified,2011-03-01,home_improvement,10.06,1993-03-01,10.0,0.0,10904.0,31.2,27.0,f,INDIVIDUAL,2.0,0.0,0,1.0,0,18.0,0.14
12000.0,36,7.39,372.67,A4,RENT,34500.0,Not Verified,2016-01-01,credit_card,33.36,2005-09-01,10.0,0.0,8274.0,26.5,14.0,w,INDIVIDUAL,0.0,0.0,0,0.0,0,10.3,0.348
20000.0,36,7.62,623.23,A3,MORTGAGE,132000.0,Verified,2013-01-01,credit_card,12.75,1977-06-01,13.0,0.0,53323.0,69.8,37.0,f,INDIVIDUAL,7.0,0.0,0,10.0,0,35.6,0.152
10000.0,36,6.03,304.36,A1,RENT,80000.0,Not Verified,2013-04-01,home_improvement,27.3,2000-04-01,7.0,0.0,20856.0,33.9,24.0,w,INDIVIDUAL,1.0,0.0,0,10.0,0,13.0,0.125
20775.0,36,8.9,659.68,A5,RENT,75000.0,Verified,2014-01-01,credit_card,21.31,2000-10-01,6.0,0.0,1878.0,7.0,13.0,w,INDIVIDUAL,0.0,0.0,0,0.0,0,13.3,0.277
6400.0,36,14.99,221.83,C5,RENT,35000.0,Source Verified,2014-10-01,debt_consolidation,37.11,2002-10-01,18.0,0.0,9319.0,39.0,24.0,f,INDIVIDUAL,0.0,0.0,0,3.0,0,12.0,0.183
3000.0,36,14.98,103.97,C3,MORTGAGE,96000.0,Not Verified,2014-01-01,major_purchase,15.2,1997-12-01,22.0,0.0,22734.0,44.5,47.0,w,INDIVIDUAL,1.0,0.0,0,10.0,0,16.1,0.031
14000.0,36,9.25,446.83,A5,MORTGAGE,100000.0,Source Verified,2013-09-01,debt_consolidation,17.04,1997-02-01,16.0,0.0,19686.0,35.0,40.0,f,INDIVIDUAL,5.0,0.0,0,10.0,0,16.6,0.14
11500.0,36,14.09,393.55,B5,RENT,46000.0,Verified,2012-11-01,debt_consolidation,5.63,2004-05-01,9.0,0.0,3740.0,50.5,15.0,f,INDIVIDUAL,0.0,0.0,0,4.0,0,8.5,0.25
7600.0,36,13.33,257.29,C3,RENT,38400.0,Verified,2015-10-01,debt_consolidation,17.56,2006-10-01,8.0,0.0,7258.0,56.7,11.0,w,INDIVIDUAL,0.0,0.0,1,10.0,0,9.0,0.198
8525.0,36,14.54,293.61,D1,MORTGAGE,90000.0,Not Verified,2011-02-01,debt_consolidation,1.24,1996-05-01,13.0,0.0,6227.0,65.5,39.0,f,INDIVIDUAL,2.0,0.0,1,1.0,0,14.8,0.095
15000.0,36,17.99,542.22,D2,RENT,82000.0,Source Verified,2012-05-01,debt_consolidation,3.85,1999-04-01,5.0,0.0,4985.0,86.2,19.0,f,INDIVIDUAL,3.0,0.0,0,10.0,0,13.1,0.183
2350.0,36,20.2,87.58,E3,RENT,27000.0,Not Verified,2014-10-01,debt_consolidation,27.96,2003-03-01,9.0,0.0,9917.0,66.1,19.0,w,INDIVIDUAL,0.0,0.0,1,0.0,0,11.6,0.087
3000.0,36,6.62,92.12,A2,RENT,24000.0,Not Verified,2011-06-01,major_purchase,8.1,2003-04-01,4.0,0.0,585.0,10.1,10.0,f,INDIVIDUAL,0.0,0.0,0,2.0,0,8.2,0.125
20000.0,36,14.33,686.77,C1,MORTGAGE,75000.0,Verified,2013-05-01,debt_consolidation,33.62,1999-04-01,15.0,0.0,36662.0,51.1,35.0,f,INDIVIDUAL,4.0,0.0,0,8.0,0,14.1,0.267
20000.0,36,13.98,683.36,C3,MORTGAGE,135000.0,Source Verified,2014-05-01,other,21.56,1982-10-01,13.0,0.0,29021.0,52.1,24.0,w,INDIVIDUAL,5.0,0.0,1,6.0,1,31.6,0.148
6500.0,36,10.78,212.13,B4,MORTGAGE,72000.0,Not Verified,2016-01-01,debt_consolidation,13.43,2004-04-01,9.0,0.0,8744.0,97.2,20.0,w,INDIVIDUAL,1.0,0.0,0,2.0,0,11.8,0.09
3000.0,36,19.2,110.28,D3,MORTGAGE,19584.0,Verified,2013-11-01,debt_consolidation,18.2,1969-12-01,9.0,1.0,5781.0,72.3,26.0,f,INDIVIDUAL,1.0,1.0,0,6.0,1,43.9,0.153
10000.0,36,17.56,359.33,D1,MORTGAGE,62000.0,Not Verified,2013-09-01,debt_consolidation,24.1,2003-11-01,12.0,0.0,12826.0,54.1,32.0,f,INDIVIDUAL,2.0,0.0,0,7.0,0,9.8,0.161
30000.0,60,11.71,662.95,B3,MORTGAGE,120000.0,Verified,2011-10-01,home_improvement,11.8,1989-12-01,14.0,0.0,14802.0,31.0,35.0,f,INDIVIDUAL,2.0,0.0,0,10.0,0,21.8,0.25
7500.0,36,8.63,237.21,A5,RENT,225000.0,Not Verified,2008-09-01,home_improvement,7.44,1996-09-01,6.0,0.0,15611.0,21.0,9.0,f,INDIVIDUAL,0.0,0.0,0,8.0,0,12.0,0.033
12000.0,36,7.88,375.38,A5,RENT,55500.0,Verified,2010-07-01,major_purchase,0.0,1998-10-01,5.0,0.0,0.0,0.0,15.0,f,INDIVIDUAL,0.0,0.0,0,10.0,0,11.7,0.216
12000.0,36,14.33,412.06,C1,RENT,85000.0,Not Verified,2013-04-01,debt_consolidation,8.1,2002-07-01,23.0,0.0,5348.0,34.5,51.0,f,INDIVIDUAL,0.0,0.0,0,7.0,0,10.8,0.141
5000.0,36,9.99,161.32,B3,RENT,30000.0,Not Verified,2015-03-01,credit_card,10.85,2000-04-01,4.0,0.0,10139.0,34.1,17.0,w,INDIVIDUAL,0.0,0.0,0,0.0,0,14.9,0.167
16850.0,60,18.24,430.09,D5,MORTGAGE,48000.0,Not Verified,2014-07-01,debt_consolidation,23.33,2005-12-01,12.0,0.0,13863.0,55.2,22.0,w,INDIVIDUAL,4.0,0.0,0,7.0,0,8.6,0.351
15000.0,36,14.99,519.91,C5,RENT,60000.0,Source Verified,2015-01-01,debt_consolidation,17.16,2008-01-01,9.0,0.0,3206.0,14.8,18.0,f,INDIVIDUAL,0.0,0.0,0,8.0,0,7.0,0.25
14275.0,60,19.19,371.8,E3,MORTGAGE,42000.0,Source Verified,2015-09-01,debt_consolidation,30.2,2001-09-01,21.0,0.0,13584.0,71.5,30.0,w,INDIVIDUAL,1.0,0.0,0,5.0,0,14.0,0.34
8250.0,36,6.62,253.31,A2,RENT,30000.0,Verified,2013-08-01,debt_consolidation,20.64,2004-01-01,8.0,0.0,7729.0,32.5,24.0,f,INDIVIDUAL,0.0,0.0,0,1.0,0,9.6,0.275
30000.0,60,23.76,858.87,F4,MORTGAGE,100000.0,Verified,2012-07-01,debt_consolidation,15.85,1994-06-01,10.0,0.0,18882.0,69.7,29.0,f,INDIVIDUAL,3.0,0.0,1,2.0,0,18.1,0.3
35000.0,60,17.14,872.48,D4,OWN,125000.0,Not Verified,2014-11-01,debt_consolidation,29.52,1980-03-01,24.0,0.0,107122.0,61.7,45.0,w,INDIVIDUAL,4.0,0.0,0,10.0,0,34.7,0.28
22000.0,36,9.99,709.78,B3,MORTGAGE,80000.0,Verified,2015-11-01,home_improvement,21.36,1997-09-01,9.0,0.0,26049.0,60.9,24.0,w,INDIVIDUAL,2.0,0.0,0,8.0,0,18.2,0.275
26500.0,60,23.63,756.68,F3,MORTGAGE,60000.0,Verified,2013-06-01,home_improvement,25.28,2005-04-01,11.0,0.0,12746.0,80.2,24.0,f,INDIVIDUAL,2.0,0.0,1,8.0,0,8.2,0.442
27500.0,36,8.18,864.04,B1,RENT,55000.0,Not Verified,2015-09-01,debt_consolidation,21.89,1999-12-01,17.0,0.0,12802.0,17.2,28.0,f,INDIVIDUAL,0.0,0.0,0,4.0,0,15.8,0.5
28000.0,60,14.49,658.65,C4,MORTGAGE,106000.0,Source Verified,2014-08-01,credit_card,11.82,1986-02-01,11.0,0.0,33090.0,93.2,28.0,w,INDIVIDUAL,5.0,0.0,0,10.0,0,28.5,0.264
6000.0,36,10.74,195.7,B2,MORTGAGE,50000.0,Source Verified,2012-02-01,small_business,18.82,2002-11-01,13.0,0.0,15760.0,58.4,23.0,f,INDIVIDUAL,1.0,0.0,0,0.0,0,9.3,0.12
3750.0,36,13.65,127.53,C1,OWN,12500.0,Not Verified,2014-02-01,major_purchase,20.65,2006-08-01,8.0,0.0,5632.0,33.0,11.0,f,INDIVIDUAL,0.0,0.0,0,3.0,0,7.5,0.3
10000.0,36,10.59,325.45,B2,MORTGAGE,56820.0,Verified,2011-05-01,debt_consolidation,13.9,1995-10-01,6.0,1.0,734.0,48.9,34.0,f,INDIVIDUAL,2.0,1.0,1,10.0,0,15.6,0.176
5000.0,36,6.03,152.18,A1,MORTGAGE,135000.0,Source Verified,2013-06-01,home_improvement,22.26,1990-04-01,15.0,0.0,1302.0,2.8,24.0,f,INDIVIDUAL,3.0,0.0,0,6.0,0,23.2,0.037
14400.0,60,16.24,352.02,C5,RENT,75324.0,Verified,2014-01-01,moving,10.74,2001-07-01,11.0,0.0,5534.0,39.0,27.0,w,INDIVIDUAL,0.0,0.0,0,10.0,0,12.5,0.191
30000.0,36,11.48,989.0,B5,OWN,145000.0,Source Verified,2015-12-01,credit_card,19.32,1993-10-01,20.0,0.0,90792.0,30.7,47.0,w,INDIVIDUAL,2.0,0.0,0,7.0,0,22.2,0.207
17000.0,60,11.99,378.07,B5,MORTGAGE,44004.0,Verified,2011-06-01,debt_consolidation,12.03,1999-02-01,9.0,0.0,24378.0,43.2,36.0,f,INDIVIDUAL,2.0,0.0,0,10.0,0,12.3,0.386
10000.0,60,19.52,262.28,E3,RENT,51000.0,Source Verified,2015-03-01,other,21.58,1993-04-01,11.0,0.0,12333.0,72.5,21.0,f,INDIVIDUAL,0.0,0.0,1,6.0,1,21.9,0.196
9000.0,36,9.17,286.92,B1,MORTGAGE,45500.0,Not Verified,2014-06-01,credit_card,7.86,1986-09-01,9.0,0.0,6410.0,82.2,45.0,w,INDIVIDUAL,6.0,0.0,0,9.0,0,27.7,0.198
20000.0,36,6.03,608.72,A1,RENT,84000.0,Source Verified,2013-12-01,credit_card,16.53,2005-10-01,15.0,0.0,19159.0,34.8,21.0,w,INDIVIDUAL,0.0,0.0,0,4.0,0,8.2,0.238
6000.0,36,12.12,199.63,B3,MORTGAGE,90000.0,Not Verified,2012-11-01,home_improvement,7.27,1988-11-01,16.0,0.0,15322.0,70.3,34.0,f,INDIVIDUAL,3.0,0.0,0,9.0,0,24.0,0.067
17325.0,60,24.99,508.42,F4,OWN,58000.0,Source Verified,2014-06-01,debt_consolidation,19.37,2008-06-01,14.0,0.0,11126.0,69.1,18.0,w,INDIVIDUAL,0.0,0.0,1,4.0,0,6.0,0.299
4500.0,36,7.29,139.55,A4,MORTGAGE,103000.0,Not Verified,2011-03-01,home_improvement,7.57,2000-06-01,9.0,0.0,3498.0,40.7,30.0,f,INDIVIDUAL,2.0,0.0,0,10.0,0,10.7,0.044
2000.0,36,7.4,62.12,A2,MORTGAGE,60000.0,Not Verified,2009-12-01,car,10.04,1998-01-01,8.0,0.0,3370.0,11.7,14.0,f,INDIVIDUAL,0.0,0.0,0,3.0,0,11.9,0.033
10625.0,60,16.24,259.74,C5,MORTGAGE,85000.0,Source Verified,2014-01-01,debt_consolidation,12.31,2000-12-01,9.0,1.0,2412.0,18.0,15.0,f,INDIVIDUAL,1.0,1.0,0,10.0,0,13.1,0.125
8000.0,36,14.49,275.33,C4,RENT,110000.0,Not Verified,2014-07-01,debt_consolidation,3.27,1996-03-01,4.0,1.0,5944.0,58.0,5.0,w,INDIVIDUAL,0.0,1.0,0,2.0,0,18.3,0.073
20000.0,60,16.2,488.49,C4,MORTGAGE,110000.0,Verified,2013-09-01,credit_card,11.76,2000-09-01,6.0,0.0,19488.0,89.0,24.0,f,INDIVIDUAL,5.0,0.0,0,10.0,0,13.0,0.182
1500.0,36,21.49,56.9,D5,OWN,51729.0,Verified,2016-08-01,other,30.97,2006-12-01,8.0,0.0,3087.0,60.5,24.0,w,INDIVIDUAL,0.0,0.0,0,10.0,0,9.7,0.029
12800.0,36,13.35,433.45,C2,MORTGAGE,200000.0,Source Verified,2014-08-01,credit_card,9.59,1992-03-01,15.0,0.0,19472.0,42.0,44.0,w,INDIVIDUAL,13.0,0.0,0,10.0,0,22.4,0.064
7700.0,36,11.99,255.72,C1,RENT,60000.0,Source Verified,2016-02-01,debt_consolidation,26.66,2009-06-01,17.0,0.0,7461.0,43.6,24.0,w,INDIVIDUAL,0.0,0.0,1,0.0,0,6.7,0.128
17000.0,36,9.17,541.95,B2,RENT,72230.0,Source Verified,2015-05-01,debt_consolidation,28.39,1993-10-01,20.0,1.0,4306.0,21.3,45.0,w,INDIVIDUAL,0.0,1.0,0,5.0,0,21.6,0.235
12000.0,36,10.99,392.81,B2,RENT,43000.0,Not Verified,2014-01-01,debt_consolidation,23.83,1990-07-01,8.0,0.0,8821.0,94.8,25.0,f,INDIVIDUAL,0.0,0.0,0,10.0,0,23.5,0.279
12000.0,60,18.25,306.36,E1,MORTGAGE,53000.0,Source Verified,2015-10-01,credit_card,22.05,2004-10-01,17.0,0.0,28924.0,60.3,33.0,w,INDIVIDUAL,2.0,0.0,0,7.0,0,11.0,0.226
6000.0,36,9.16,191.25,B2,OWN,48000.0,Source Verified,2016-02-01,vacation,8.25,1993-04-01,12.0,0.0,5577.0,11.0,31.0,w,INDIVIDUAL,0.0,0.0,0,1.0,0,22.8,0.125
3000.0,36,18.25,108.84,D3,RENT,33000.0,Source Verified,2014-04-01,small_business,13.6,1998-01-01,5.0,1.0,4306.0,43.0,9.0,f,INDIVIDUAL,2.0,1.0,1,10.0,0,16.2,0.091
23250.0,60,18.55,597.38,E2,MORTGAGE,56000.0,Source Verified,2015-07-01,debt_consolidation,19.61,1993-10-01,18.0,0.0,9099.0,27.8,36.0,f,INDIVIDUAL,7.0,0.0,0,10.0,0,21.7,0.415
9175.0,36,15.61,320.81,D1,MORTGAGE,22000.0,Verified,2014-06-01,debt_consolidation,17.62,1992-07-01,7.0,1.0,6150.0,64.1,21.0,f,INDIVIDUAL,3.0,1.0,1,6.0,1,21.9,0.417
9000.0,36,13.33,304.68,C3,MORTGAGE,90000.0,Not Verified,2015-06-01,debt_consolidation,13.68,2010-02-01,19.0,0.0,23117.0,43.0,20.0,f,INDIVIDUAL,1.0,0.0,0,7.0,0,5.3,0.1
8000.0,36,11.67,264.46,B4,RENT,33000.0,Not Verified,2014-10-01,debt_consolidation,24.0,2007-01-01,7.0,0.0,9536.0,56.1,8.0,w,INDIVIDUAL,0.0,0.0,0,10.0,0,7.7,0.242
15000.0,36,8.18,471.3,B1,MORTGAGE,85000.0,Not Verified,2015-06-01,debt_consolidation,22.58,1990-03-01,14.0,0.0,23105.0,52.3,36.0,f,INDIVIDUAL,5.0,0.0,0,3.0,0,25.3,0.176
3300.0,60,13.23,75.48,C1,RENT,30504.0,Not Verified,2010-06-01,other,18.88,2000-04-01,2.0,0.0,0.0,0.0,4.0,f,INDIVIDUAL,0.0,0.0,1,7.0,0,10.2,0.108
16000.0,36,9.67,513.8,B1,RENT,48000.0,Source Verified,2014-03-01,credit_card,20.85,2005-07-01,12.0,0.0,15809.0,77.1,19.0,w,INDIVIDUAL,0.0,0.0,0,1.0,0,8.7,0.333
3900.0,36,18.25,141.49,D3,RENT,24000.0,Not Verified,2014-05-01,debt_consolidation,27.45,2010-09-01,7.0,0.0,3132.0,61.4,8.0,f,INDIVIDUAL,0.0,0.0,0,4.0,0,3.7,0.162
7500.0,36,10.99,245.51,B3,MORTGAGE,80000.0,Not Verified,2014-10-01,debt_consolidation,9.51,2001-10-01,6.0,1.0,2838.0,69.2,13.0,f,INDIVIDUAL,2.0,0.0,0,8.0,0,13.0,0.094
14075.0,36,11.48,464.04,B2,RENT,27996.0,Verified,2009-08-01,debt_consolidation,16.33,1999-09-01,10.0,0.0,18496.0,42.6,13.0,f,INDIVIDUAL,0.0,0.0,1,2.0,0,9.9,0.503
15000.0,36,8.9,476.3,A5,RENT,130000.0,Verified,2012-12-01,debt_consolidation,14.12,1998-01-01,9.0,1.0,4572.0,58.6,20.0,f,INDIVIDUAL,0.0,0.0,0,2.0,0,14.9,0.115
30000.0,60,20.5,803.19,E2,RENT,85000.0,Verified,2012-06-01,debt_consolidation,10.8,1996-09-01,12.0,0.0,9121.0,45.4,27.0,f,INDIVIDUAL,0.0,0.0,0,10.0,0,15.7,0.353
5200.0,36,7.9,162.71,A4,RENT,52000.0,Not Verified,2014-04-01,credit_card,17.52,2007-09-01,9.0,0.0,6502.0,95.6,23.0,w,INDIVIDUAL,1.0,0.0,0,3.0,0,6.6,0.1
22000.0,60,21.18,597.41,E3,RENT,50000.0,Verified,2014-03-01,debt_consolidation,15.03,1996-12-01,5.0,0.0,11533.0,79.0,11.0,w,INDIVIDUAL,0.0,0.0,0,10.0,0,17.2,0.44
28000.0,36,7.9,876.13,A4,RENT,65000.0,Verified,2011-12-01,credit_card,14.64,1994-02-01,7.0,0.0,13504.0,36.2,15.0,f,INDIVIDUAL,0.0,0.0,0,4.0,0,17.8,0.431
30750.0,36,14.33,1055.9,C1,OWN,69000.0,Verified,2013-02-01,debt_consolidation,19.9,1991-12-01,13.0,0.0,20173.0,72.0,23.0,f,INDIVIDUAL,0.0,0.0,0,10.0,0,21.2,0.446
30000.0,36,15.1,1041.43,C2,MORTGAGE,70000.0,Source Verified,2013-10-01,debt_consolidation,17.06,2007-05-01,9.0,0.0,13085.0,59.2,13.0,w,INDIVIDUAL,1.0,0.0,0,6.0,0,6.4,0.429
7000.0,36,8.18,219.94,B1,RENT,45000.0,Not Verified,2015-06-01,credit_card,14.4,1988-11-01,11.0,0.0,13678.0,54.7,18.0,f,INDIVIDUAL,1.0,0.0,0,10.0,0,26.6,0.156
13850.0,36,15.88,486.11,C4,OWN,95000.0,Verified,2013-07-01,debt_consolidation,29.37,2000-12-01,5.0,0.0,261730.0,101.1,21.0,f,INDIVIDUAL,2.0,0.0,0,2.0,0,12.6,0.146
10000.0,36,10.38,324.46,B1,RENT,32000.0,Not Verified,2010-07-01,credit_card,8.51,1999-02-01,8.0,0.0,8400.0,65.9,16.0,f,INDIVIDUAL,0.0,0.0,0,5.0,0,11.4,0.312
7450.0,36,18.55,271.4,E2,OWN,43000.0,Verified,2015-09-01,debt_consolidation,10.02,1993-05-01,4.0,0.0,1245.0,31.1,9.0,w,INDIVIDUAL,1.0,0.0,1,10.0,0,22.3,0.173
12000.0,36,7.9,375.49,A4,MORTGAGE,125000.0,Verified,2013-11-01,credit_card,18.35,1999-08-01,15.0,0.0,20505.0,51.9,49.0,f,INDIVIDUAL,10.0,0.0,0,5.0,0,14.3,0.096
12000.0,36,7.9,375.49,A4,MORTGAGE,88000.0,Verified,2013-05-01,credit_card,16.51,1999-06-01,11.0,0.0,23002.0,43.1,25.0,w,INDIVIDUAL,6.0,0.0,0,10.0,0,13.9,0.136
15000.0,36,13.35,507.95,C2,MORTGAGE,107000.0,Source Verified,2014-10-01,debt_consolidation,13.67,1996-03-01,7.0,0.0,26266.0,88.7,20.0,f,INDIVIDUAL,4.0,0.0,0,10.0,0,18.6,0.14
5300.0,36,12.29,176.78,C1,RENT,54000.0,Not Verified,2015-06-01,debt_consolidation,16.31,2007-06-01,11.0,0.0,11384.0,47.4,19.0,w,INDIVIDUAL,0.0,0.0,0,3.0,0,8.0,0.098
35000.0,60,24.5,1017.07,F3,OWN,165000.0,Source Verified,2015-03-01,debt_consolidation,21.03,2003-12-01,20.0,1.0,19078.0,77.0,46.0,f,INDIVIDUAL,1.0,1.0,1,9.0,0,11.2,0.212
10000.0,36,8.18,314.2,B1,MORTGAGE,43200.0,Verified,2015-06-01,debt_consolidation,29.19,1997-10-01,15.0,2.0,8418.0,47.8,41.0,w,INDIVIDUAL,6.0,2.0,0,6.0,1,17.7,0.231
19125.0,60,21.0,517.4,E1,RENT,43000.0,Source Verified,2013-11-01,credit_card,27.38,1999-10-01,15.0,0.0,26999.0,71.8,25.0,f,INDIVIDUAL,1.0,0.0,1,7.0,0,14.1,0.445
3875.0,36,14.99,134.31,C5,RENT,56000.0,Not Verified,2015-01-01,vacation,17.75,1992-05-01,7.0,1.0,2832.0,13.0,27.0,f,INDIVIDUAL,0.0,1.0,0,6.0,0,22.7,0.069
6000.0,36,16.2,211.54,C4,RENT,45000.0,Not Verified,2013-10-01,debt_consolidation,14.64,2007-02-01,6.0,0.0,6309.0,59.5,8.0,f,INDIVIDUAL,0.0,0.0,1,10.0,0,6.7,0.133
15000.0,36,7.89,469.29,A5,RENT,150000.0,Source Verified,2015-11-01,credit_card,5.98,2000-04-01,30.0,0.0,17824.0,57.9,53.0,w,INDIVIDUAL,1.0,0.0,0,0.0,0,15.6,0.1
5500.0,36,16.78,195.49,C5,MORTGAGE,100000.0,Verified,2013-09-01,debt_consolidation,27.0,1992-11-01,20.0,2.0,14190.0,39.2,27.0,f,INDIVIDUAL,3.0,1.0,0,7.0,0,20.8,0.055
25000.0,36,7.62,779.04,A3,MORTGAGE,105000.0,Not Verified,2013-03-01,debt_consolidation,22.49,2000-12-01,13.0,0.0,19804.0,38.7,21.0,w,INDIVIDUAL,2.0,0.0,0,7.0,0,12.2,0.238
30000.0,60,13.98,697.74,C3,MORTGAGE,140000.0,Source Verified,2014-07-01,home_improvement,13.12,2002-05-01,18.0,0.0,37354.0,40.0,31.0,f,INDIVIDUAL,2.0,0.0,0,9.0,0,12.2,0.214
8000.0,60,18.39,204.85,E2,RENT,24000.0,Not Verified,2011-06-01,car,10.3,2006-08-01,3.0,0.0,9376.0,82.2,7.0,f,INDIVIDUAL,0.0,0.0,0,2.0,0,4.8,0.333
6500.0,36,17.57,233.6,D2,MORTGAGE,28000.0,Not Verified,2014-04-01,home_improvement,25.55,1997-09-01,14.0,0.0,5122.0,49.2,29.0,f,INDIVIDUAL,2.0,0.0,1,10.0,0,16.6,0.232
3000.0,36,11.48,98.9,B5,RENT,10000.0,Verified,2015-12-01,credit_card,21.01,1978-12-01,4.0,1.0,2236.0,34.0,27.0,w,INDIVIDUAL,2.0,1.0,0,6.0,1,37.0,0.3
20000.0,60,12.99,454.96,C2,RENT,75000.0,Source Verified,2014-12-01,debt_consolidation,29.4,1996-11-01,18.0,1.0,24729.0,70.1,30.0,w,INDIVIDUAL,0.0,0.0,1,10.0,0,18.1,0.267
24000.0,36,6.03,730.46,A1,MORTGAGE,88000.0,Verified,2013-04-01,credit_card,4.66,1992-09-01,7.0,0.0,19105.0,39.2,15.0,f,INDIVIDUAL,2.0,0.0,0,3.0,0,20.6,0.273
18000.0,60,16.99,447.25,D3,OWN,80000.0,Source Verified,2014-07-01,debt_consolidation,27.95,1996-08-01,15.0,0.0,5686.0,44.8,20.0,w,INDIVIDUAL,1.0,0.0,1,3.0,0,17.9,0.225
11200.0,60,16.2,273.56,C4,MORTGAGE,55000.0,Source Verified,2013-11-01,debt_consolidation,12.65,2007-02-01,13.0,0.0,8955.0,39.1,18.0,f,INDIVIDUAL,1.0,0.0,0,7.0,0,6.7,0.204
17500.0,60,11.99,389.19,C1,MORTGAGE,44000.0,Source Verified,2016-01-01,debt_consolidation,7.58,2000-06-01,6.0,0.0,10564.0,64.4,18.0,w,JOINT,3.0,0.0,0,2.0,0,15.6,0.398
16000.0,60,13.35,366.93,C2,MORTGAGE,100000.0,Not Verified,2014-07-01,credit_card,12.37,2004-01-01,5.0,1.0,8921.0,89.2,20.0,w,INDIVIDUAL,1.0,1.0,0,8.0,0,10.5,0.16
3500.0,36,13.33,118.49,C3,MORTGAGE,50000.0,Not Verified,2015-07-01,other,31.91,1991-12-01,6.0,0.0,10805.0,53.5,16.0,f,INDIVIDUAL,2.0,0.0,0,8.0,0,23.6,0.07
4800.0,36,12.29,160.1,C1,OWN,49100.0,Not Verified,2015-04-01,credit_card,27.79,1986-12-01,10.0,1.0,16022.0,51.7,15.0,w,INDIVIDUAL,1.0,1.0,0,3.0,0,28.3,0.098
7000.0,36,12.99,235.83,B5,MORTGAGE,48000.0,Verified,2014-04-01,debt_consolidation,4.15,1990-02-01,7.0,1.0,3406.0,35.5,13.0,w,INDIVIDUAL,3.0,0.0,0,10.0,0,24.2,0.146
11700.0,36,9.99,377.48,B1,RENT,35000.0,Not Verified,2013-09-01,debt_consolidation,20.95,1985-05-01,11.0,0.0,20214.0,60.0,26.0,f,INDIVIDUAL,0.0,0.0,0,0.0,0,28.3,0.334
11500.0,60,20.49,307.83,E4,RENT,32000.0,Source Verified,2015-04-01,debt_consolidation,30.16,2002-04-01,8.0,0.0,20127.0,41.8,19.0,w,INDIVIDUAL,1.0,0.0,0,9.0,0,13.0,0.359
4500.0,36,6.49,137.91,A2,RENT,50000.0,Not Verified,2014-07-01,debt_consolidation,14.04,2005-06-01,8.0,0.0,5084.0,29.6,24.0,f,INDIVIDUAL,0.0,0.0,0,3.0,0,9.1,0.09
4000.0,36,14.47,137.63,C2,OWN,158000.0,Verified,2014-01-01,small_business,0.23,1990-10-01,2.0,0.0,3832.0,25.5,4.0,f,INDIVIDUAL,1.0,0.0,0,1.0,0,23.3,0.025
7050.0,36,6.92,217.43,A3,MORTGAGE,42000.0,Verified,2011-04-01,debt_consolidation,26.43,1993-01-01,5.0,0.0,727.0,29.1,61.0,f,INDIVIDUAL,3.0,0.0,0,4.0,0,18.2,0.168
10575.0,60,26.14,317.5,F4,RENT,40000.0,Verified,2016-06-01,house,2.31,2011-06-01,4.0,0.0,1367.0,25.3,7.0,w,INDIVIDUAL,0.0,0.0,0,1.0,0,5.0,0.264
19000.0,36,12.12,632.17,B3,RENT,83200.0,Verified,2012-04-01,credit_card,13.53,2000-11-01,14.0,0.0,13425.0,92.6,23.0,f,INDIVIDUAL,0.0,0.0,0,0.0,0,11.4,0.228
9000.0,36,12.69,301.91,C2,MORTGAGE,37000.0,Not Verified,2015-07-01,debt_consolidation,22.41,2000-10-01,11.0,1.0,8217.0,67.9,35.0,w,INDIVIDUAL,6.0,1.0,0,4.0,0,14.7,0.243
16000.0,60,15.61,385.79,D1,MORTGAGE,35232.0,Source Verified,2015-04-01,debt_consolidation,8.51,1994-07-01,6.0,1.0,8267.0,56.2,13.0,f,INDIVIDUAL,3.0,1.0,0,1.0,0,20.8,0.454
10000.0,36,9.17,318.79,B2,MORTGAGE,25000.0,Source Verified,2015-04-01,debt_consolidation,19.83,1990-07-01,3.0,0.0,4684.0,72.1,11.0,f,INDIVIDUAL,2.0,0.0,0,2.0,0,24.8,0.4
16000.0,36,16.24,564.42,C5,MORTGAGE,52000.0,Verified,2013-12-01,credit_card,22.43,1997-08-01,16.0,1.0,15276.0,66.1,25.0,f,INDIVIDUAL,2.0,1.0,1,7.0,0,16.3,0.308
13950.0,36,9.25,445.24,A5,MORTGAGE,78521.0,Verified,2013-10-01,credit_card,19.9,1986-12-01,16.0,0.0,16180.0,45.7,41.0,w,INDIVIDUAL,4.0,0.0,0,2.0,0,26.8,0.178
9000.0,36,16.24,317.49,C5,OWN,75000.0,Not Verified,2013-12-01,credit_card,17.1,1992-11-01,12.0,0.0,14021.0,74.6,21.0,f,INDIVIDUAL,2.0,0.0,0,5.0,0,21.1,0.12
5400.0,36,16.99,192.5,D3,RENT,44400.0,Not Verified,2015-02-01,debt_consolidation,19.41,2000-06-01,10.0,0.0,6161.0,63.0,12.0,f,INDIVIDUAL,0.0,0.0,1,1.0,0,14.7,0.122
8000.0,36,14.33,274.71,C2,MORTGAGE,128000.0,Source Verified,2013-07-01,home_improvement,19.5,2003-05-01,24.0,0.0,13036.0,66.5,38.0,w,INDIVIDUAL,3.0,0.0,0,2.0,0,10.2,0.062
34500.0,60,23.99,992.3,F3,OWN,75000.0,Verified,2015-06-01,credit_card,5.46,2003-01-01,2.0,0.0,18813.0,94.1,20.0,f,INDIVIDUAL,6.0,0.0,0,0.0,0,12.4,0.46
12000.0,36,13.53,407.4,B5,MORTGAGE,145000.0,Verified,2014-01-01,debt_consolidation,19.8,1999-09-01,16.0,0.0,36775.0,57.4,34.0,f,INDIVIDUAL,3.0,0.0,0,10.0,0,14.3,0.083
30000.0,60,21.49,819.9,E3,RENT,120000.0,Verified,2013-03-01,major_purchase,11.7,2006-06-01,7.0,0.0,26802.0,90.2,13.0,f,INDIVIDUAL,0.0,0.0,1,7.0,0,6.7,0.25
12000.0,60,13.99,279.16,C4,RENT,59000.0,Source Verified,2015-06-01,debt_consolidation,20.78,2003-10-01,11.0,0.0,1291.0,22.3,32.0,w,INDIVIDUAL,5.0,0.0,1,1.0,0,11.7,0.203
16000.0,60,11.99,355.84,B5,RENT,38000.0,Not Verified,2011-05-01,debt_consolidation,17.91,2002-10-01,5.0,0.0,19726.0,59.8,8.0,f,INDIVIDUAL,0.0,0.0,0,7.0,0,8.6,0.421
9000.0,36,16.77,319.85,D2,MORTGAGE,61000.0,Verified,2011-11-01,debt_consolidation,12.59,2003-11-01,20.0,0.0,8523.0,39.5,38.0,f,INDIVIDUAL,2.0,0.0,0,4.0,0,8.0,0.148
10000.0,36,8.59,316.11,A4,RENT,38000.0,Not Verified,2009-12-01,debt_consolidation,23.34,2000-11-01,10.0,0.0,9527.0,44.7,30.0,f,INDIVIDUAL,2.0,0.0,0,3.0,0,9.1,0.263
11325.0,36,21.48,429.47,E2,OWN,73000.0,Verified,2013-12-01,other,6.23,2003-08-01,14.0,1.0,8083.0,33.7,22.0,f,INDIVIDUAL,2.0,1.0,0,10.0,0,10.3,0.155
15000.0,60,19.99,397.33,E1,RENT,32000.0,Verified,2012-05-01,debt_consolidation,9.22,2006-05-01,4.0,0.0,6820.0,50.5,9.0,f,INDIVIDUAL,0.0,0.0,0,7.0,0,6.0,0.469
21325.0,36,17.77,768.5,D1,MORTGAGE,105000.0,Verified,2013-03-01,debt_consolidation,6.41,2000-02-01,10.0,0.0,21425.0,81.3,17.0,w,INDIVIDUAL,1.0,0.0,0,3.0,0,13.1,0.203
20000.0,60,18.25,510.6,D3,RENT,117800.0,Source Verified,2014-04-01,small_business,4.16,2003-03-01,6.0,1.0,4705.0,19.6,15.0,f,INDIVIDUAL,3.0,0.0,0,7.0,0,11.1,0.17
10000.0,36,9.17,318.79,B1,MORTGAGE,120000.0,Not Verified,2014-07-01,credit_card,9.28,1996-01-01,12.0,0.0,11822.0,66.4,40.0,f,INDIVIDUAL,6.0,0.0,0,10.0,0,18.5,0.083
18000.0,36,12.12,598.89,B3,MORTGAGE,76000.0,Not Verified,2013-02-01,debt_consolidation,13.8,1994-11-01,17.0,0.0,25499.0,56.2,28.0,w,INDIVIDUAL,2.0,0.0,0,10.0,0,18.3,0.237
16000.0,36,7.89,500.58,A5,RENT,72000.0,Verified,2015-03-01,credit_card,23.1,2000-08-01,16.0,0.0,14473.0,48.2,32.0,w,INDIVIDUAL,1.0,0.0,1,10.0,0,14.6,0.222
9000.0,36,13.11,303.73,B4,RENT,36000.0,Not Verified,2013-04-01,credit_card,7.13,2000-06-01,5.0,0.0,6995.0,56.0,13.0,w,INDIVIDUAL,0.0,0.0,0,10.0,0,12.8,0.25
9600.0,36,17.57,345.0,D4,MORTGAGE,57000.0,Source Verified,2014-07-01,debt_consolidation,22.29,1995-06-01,29.0,1.0,11286.0,71.9,66.0,w,INDIVIDUAL,2.0,1.0,0,6.0,0,19.1,0.168
8000.0,36,10.74,260.93,B2,RENT,39000.0,Verified,2012-06-01,debt_consolidation,7.88,1998-03-01,11.0,0.0,7978.0,43.6,26.0,f,INDIVIDUAL,0.0,0.0,0,5.0,0,14.3,0.205
10000.0,36,10.64,325.69,B2,OWN,52000.0,Not Verified,2013-09-01,credit_card,23.08,1990-10-01,10.0,0.0,5636.0,50.3,22.0,f,INDIVIDUAL,0.0,0.0,0,1.0,0,22.9,0.192
35000.0,36,12.85,1176.77,B4,MORTGAGE,150000.0,Verified,2014-01-01,credit_card,25.62,1991-12-01,25.0,0.0,69429.0,54.0,50.0,w,INDIVIDUAL,5.0,0.0,0,10.0,0,22.1,0.233
12375.0,36,24.99,491.97,F4,RENT,40000.0,Not Verified,2014-08-01,debt_consolidation,11.01,1991-05-01,19.0,0.0,10019.0,37.0,23.0,w,INDIVIDUAL,0.0,0.0,0,5.0,0,23.3,0.309
18000.0,36,6.03,547.84,A1,MORTGAGE,70000.0,Source Verified,2014-04-01,credit_card,18.37,1996-08-01,10.0,0.0,21755.0,34.9,35.0,f,INDIVIDUAL,2.0,0.0,0,3.0,0,17.7,0.257
18000.0,60,12.39,403.96,C1,MORTGAGE,80000.0,Source Verified,2015-01-01,debt_consolidation,10.8,2002-03-01,7.0,0.0,14406.0,61.6,26.0,w,INDIVIDUAL,5.0,0.0,1,10.0,0,12.8,0.225
35000.0,36,11.67,1157.0,B4,MORTGAGE,96000.0,Source Verified,2014-07-01,debt_consolidation,20.01,2002-08-01,17.0,0.0,44170.0,65.4,34.0,f,INDIVIDUAL,2.0,0.0,0,1.0,0,11.9,0.365
10000.0,36,7.39,310.56,A4,MORTGAGE,71000.0,Not Verified,2016-03-01,home_improvement,12.39,1999-04-01,12.0,0.0,10610.0,39.3,19.0,w,INDIVIDUAL,2.0,0.0,0,2.0,0,16.9,0.141
4000.0,36,17.58,143.77,D4,RENT,50000.0,Source Verified,2011-09-01,debt_consolidation,10.78,2008-06-01,4.0,0.0,2232.0,89.3,4.0,f,INDIVIDUAL,0.0,0.0,0,1.0,0,3.2,0.08
35000.0,60,19.52,917.97,E2,MORTGAGE,89000.0,Verified,2014-05-01,debt_consolidation,24.02,1993-12-01,15.0,0.0,25815.0,65.7,26.0,f,INDIVIDUAL,2.0,0.0,0,2.0,0,20.4,0.393
9600.0,36,9.17,306.04,B2,RENT,55000.0,Source Verified,2015-12-01,debt_consolidation,13.81,2008-04-01,14.0,0.0,5851.0,64.3,14.0,w,INDIVIDUAL,0.0,0.0,0,2.0,0,7.7,0.175
35000.0,36,21.18,1321.87,E3,MORTGAGE,140700.0,Verified,2016-03-01,debt_consolidation,11.53,1998-10-01,6.0,0.0,41722.0,81.0,7.0,f,INDIVIDUAL,0.0,0.0,0,0.0,0,17.4,0.249
20000.0,60,17.86,506.35,D5,MORTGAGE,50000.0,Not Verified,2015-10-01,home_improvement,17.73,2001-01-01,12.0,0.0,7172.0,30.1,19.0,w,INDIVIDUAL,0.0,0.0,0,0.0,0,14.7,0.4
19350.0,36,13.98,661.15,C3,RENT,150000.0,Verified,2014-10-01,debt_consolidation,26.07,1995-12-01,9.0,0.0,30642.0,100.8,34.0,f,INDIVIDUAL,2.0,0.0,0,10.0,0,18.8,0.129
10000.0,36,18.75,365.3,D3,MORTGAGE,145000.0,Source Verified,2012-10-01,credit_card,8.86,1998-11-01,7.0,0.0,9781.0,95.0,22.0,f,INDIVIDUAL,4.0,0.0,0,4.0,0,13.9,0.069
6000.0,36,15.31,208.91,C2,RENT,42600.0,Not Verified,2013-06-01,debt_consolidation,22.96,2007-12-01,9.0,0.0,4788.0,61.4,14.0,w,INDIVIDUAL,0.0,0.0,0,6.0,0,5.5,0.141
12375.0,36,15.31,430.87,C2,RENT,47749.0,Not Verified,2013-05-01,debt_consolidation,24.45,1996-01-01,13.0,0.0,12328.0,96.3,24.0,f,INDIVIDUAL,0.0,0.0,0,10.0,0,17.3,0.259
12000.0,36,9.17,382.55,B2,MORTGAGE,75000.0,Source Verified,2015-03-01,credit_card,17.92,1978-06-01,8.0,0.0,12905.0,80.7,25.0,f,INDIVIDUAL,8.0,0.0,0,10.0,0,36.7,0.16
8000.0,36,15.61,279.72,C3,RENT,48000.0,Verified,2013-10-01,credit_card,21.2,2002-01-01,9.0,1.0,3906.0,37.6,28.0,f,INDIVIDUAL,3.0,1.0,0,10.0,0,11.7,0.167
6000.0,36,21.49,163.64,E3,RENT,30680.0,Not Verified,2013-03-01,moving,23.04,1995-12-01,6.0,0.0,2992.0,80.9,8.0,f,INDIVIDUAL,0.0,0.0,0,7.0,0,17.2,0.196
25000.0,60,18.55,642.34,D2,OWN,90000.0,Source Verified,2013-10-01,debt_consolidation,31.92,1995-08-01,19.0,0.0,22949.0,62.5,43.0,f,INDIVIDUAL,4.0,0.0,0,2.0,0,18.2,0.278
28000.0,36,7.91,876.26,A5,MORTGAGE,132816.0,Not Verified,2016-01-01,debt_consolidation,19.48,2002-12-01,15.0,0.0,26053.0,67.1,32.0,w,INDIVIDUAL,4.0,0.0,0,8.0,0,13.1,0.211
5000.0,36,13.66,170.07,C3,OWN,61000.0,Source Verified,2014-12-01,debt_consolidation,29.1,2006-02-01,6.0,0.0,20949.0,92.7,12.0,w,INDIVIDUAL,0.0,0.0,0,10.0,0,8.8,0.082
8000.0,36,17.27,286.3,C5,RENT,35000.0,Not Verified,2012-12-01,debt_consolidation,17.14,1998-02-01,9.0,0.0,8688.0,78.3,16.0,f,INDIVIDUAL,0.0,0.0,0,6.0,0,14.8,0.229
7200.0,36,13.33,243.75,C3,RENT,25000.0,Verified,2015-05-01,other,29.62,1999-12-01,22.0,0.0,24787.0,97.2,36.0,f,INDIVIDUAL,2.0,0.0,1,0.0,0,15.4,0.288
7200.0,36,14.85,249.07,C5,RENT,55000.0,Source Verified,2015-12-01,debt_consolidation,10.84,2008-11-01,12.0,0.0,4616.0,31.8,20.0,w,INDIVIDUAL,0.0,0.0,0,2.0,0,7.1,0.131
10000.0,36,11.55,330.0,B3,RENT,40800.0,Not Verified,2013-08-01,debt_consolidation,10.68,2005-03-01,9.0,0.0,7743.0,59.1,26.0,f,INDIVIDUAL,0.0,0.0,0,0.0,0,8.4,0.245
21000.0,60,11.99,467.03,B3,MORTGAGE,55120.0,Source Verified,2013-12-01,debt_consolidation,21.77,1988-06-01,11.0,1.0,13073.0,26.1,25.0,w,INDIVIDUAL,3.0,1.0,0,10.0,0,25.5,0.381
18000.0,60,18.49,461.9,D2,RENT,47900.0,Verified,2012-09-01,debt_consolidation,26.25,1985-07-01,11.0,0.0,28615.0,74.1,16.0,f,INDIVIDUAL,0.0,0.0,1,10.0,0,27.2,0.376
10000.0,36,6.49,306.45,A2,MORTGAGE,32000.0,Source Verified,2014-08-01,credit_card,16.13,1983-11-01,11.0,1.0,6165.0,26.7,40.0,f,INDIVIDUAL,7.0,1.0,0,10.0,0,30.7,0.312
27000.0,36,10.49,877.44,B3,RENT,85000.0,Source Verified,2015-02-01,credit_card,18.76,2002-03-01,15.0,0.0,29901.0,74.2,28.0,f,INDIVIDUAL,0.0,0.0,0,0.0,0,12.9,0.318
25000.0,60,15.1,596.07,C2,MORTGAGE,83000.0,Verified,2013-10-01,debt_consolidation,11.96,2003-09-01,10.0,0.0,9385.0,72.2,28.0,f,INDIVIDUAL,2.0,0.0,0,10.0,0,10.1,0.301
15000.0,36,12.49,501.74,B5,MORTGAGE,50000.0,Verified,2014-10-01,debt_consolidation,24.24,1995-12-01,13.0,0.0,13140.0,66.4,31.0,f,INDIVIDUAL,0.0,0.0,0,10.0,0,18.8,0.3
12000.0,36,14.09,410.66,B5,MORTGAGE,100000.0,Verified,2013-01-01,debt_consolidation,17.6,1988-11-01,15.0,0.0,17713.0,78.7,20.0,w,INDIVIDUAL,3.0,0.0,0,10.0,0,24.2,0.12
15000.0,36,12.99,505.34,C1,MORTGAGE,93000.0,Not Verified,2011-05-01,debt_consolidation,18.95,2001-12-01,14.0,0.0,18273.0,58.4,33.0,f,INDIVIDUAL,2.0,0.0,0,9.0,0,9.4,0.161
18475.0,36,16.29,652.18,D1,MORTGAGE,42000.0,Verified,2016-03-01,debt_consolidation,32.86,1990-09-01,8.0,0.0,6019.0,63.4,42.0,w,INDIVIDUAL,4.0,0.0,1,6.0,1,25.5,0.44
10000.0,36,8.39,315.17,A5,RENT,45000.0,Not Verified,2014-10-01,debt_consolidation,6.05,2005-08-01,7.0,0.0,10061.0,36.1,20.0,w,INDIVIDUAL,0.0,0.0,0,10.0,0,9.2,0.222
9000.0,36,6.49,275.81,A2,RENT,110000.0,Source Verified,2014-07-01,other,12.67,2001-11-01,5.0,0.0,8198.0,19.7,15.0,f,INDIVIDUAL,2.0,0.0,0,8.0,0,12.7,0.082
11700.0,36,14.98,405.47,C3,RENT,70000.0,Not Verified,2014-01-01,debt_consolidation,11.11,2004-10-01,22.0,0.0,11346.0,63.0,30.0,f,INDIVIDUAL,0.0,0.0,0,2.0,0,9.3,0.167
15000.0,36,13.11,506.21,B4,RENT,61000.0,Not Verified,2013-02-01,debt_consolidation,26.21,1994-03-01,11.0,0.0,30041.0,65.3,32.0,w,INDIVIDUAL,0.0,0.0,1,10.0,0,18.9,0.246
23925.0,60,21.67,656.31,E5,RENT,75000.0,Source Verified,2015-03-01,debt_consolidation,19.2,2002-10-01,8.0,0.0,13109.0,99.3,22.0,f,INDIVIDUAL,1.0,0.0,1,2.0,0,12.4,0.319
14000.0,36,12.29,466.95,C1,MORTGAGE,80000.0,Source Verified,2015-10-01,debt_consolidation,23.45,1993-04-01,34.0,1.0,3936.0,19.9,62.0,w,INDIVIDUAL,1.0,1.0,0,2.0,0,22.5,0.175
6500.0,36,9.71,208.86,B1,MORTGAGE,58000.0,Not Verified,2013-09-01,major_purchase,14.23,1991-09-01,12.0,0.0,6405.0,41.3,23.0,f,INDIVIDUAL,2.0,0.0,0,10.0,0,22.0,0.112
16000.0,36,16.32,565.02,E3,RENT,65000.0,Verified,2009-02-01,debt_consolidation,20.22,1994-06-01,7.0,1.0,16731.0,96.2,17.0,f,INDIVIDUAL,1.0,1.0,0,4.0,0,14.7,0.246
22400.0,36,12.99,754.64,C2,MORTGAGE,57248.0,Verified,2014-11-01,debt_consolidation,14.87,1975-04-01,18.0,1.0,21108.0,54.1,33.0,w,INDIVIDUAL,3.0,0.0,0,6.0,1,39.6,0.391
10000.0,36,12.85,336.22,B4,RENT,70000.0,Not Verified,2013-12-01,credit_card,20.92,1998-07-01,16.0,0.0,21571.0,66.2,26.0,w,INDIVIDUAL,0.0,0.0,0,8.0,0,15.4,0.143
19000.0,36,9.71,610.5,B1,RENT,65000.0,Verified,2013-08-01,debt_consolidation,17.54,2004-03-01,14.0,0.0,16818.0,47.4,29.0,f,INDIVIDUAL,1.0,0.0,0,0.0,0,9.4,0.292
22475.0,60,17.86,569.01,D5,MORTGAGE,48000.0,Verified,2015-12-01,debt_consolidation,19.25,2002-11-01,14.0,0.0,8730.0,14.3,22.0,w,INDIVIDUAL,0.0,0.0,0,6.0,1,13.1,0.468
7475.0,36,15.59,261.29,D1,RENT,63000.0,Verified,2015-01-01,debt_consolidation,22.51,1988-04-01,15.0,1.0,6691.0,44.0,36.0,w,INDIVIDUAL,0.0,1.0,1,5.0,0,26.8,0.119
13500.0,60,17.57,339.67,D4,RENT,34000.0,Verified,2015-11-01,debt_consolidation,33.25,2011-02-01,8.0,0.0,2461.0,28.3,13.0,w,INDIVIDUAL,0.0,0.0,0,5.0,0,4.7,0.397
24000.0,60,18.25,612.72,D3,MORTGAGE,115000.0,Source Verified,2014-01-01,debt_consolidation,23.74,2000-02-01,18.0,0.0,34887.0,67.2,41.0,f,INDIVIDUAL,0.0,0.0,0,10.0,0,13.9,0.209
13000.0,36,18.25,471.62,D3,RENT,47000.0,Not Verified,2014-01-01,debt_consolidation,15.78,2002-07-01,15.0,0.0,13500.0,46.6,30.0,w,INDIVIDUAL,0.0,0.0,0,1.0,0,11.5,0.277
24000.0,36,16.29,847.21,C5,RENT,54000.0,Source Verified,2012-02-01,credit_card,18.9,2000-09-01,14.0,0.0,21096.0,48.0,21.0,f,INDIVIDUAL,1.0,0.0,0,4.0,0,11.4,0.444
24575.0,36,12.12,817.66,B3,MORTGAGE,55000.0,Verified,2012-11-01,debt_consolidation,11.16,1994-11-01,9.0,0.0,34283.0,69.3,19.0,w,INDIVIDUAL,2.0,0.0,0,0.0,0,18.0,0.447
5000.0,36,6.99,154.37,A3,RENT,46000.0,Not Verified,2015-01-01,debt_consolidation,17.4,1990-04-01,10.0,0.0,5532.0,21.7,18.0,w,INDIVIDUAL,1.0,0.0,0,10.0,0,24.8,0.109
30000.0,36,9.75,964.5,B3,RENT,215000.0,Source Verified,2016-03-01,debt_consolidation,6.51,1989-05-01,11.0,0.0,18289.0,26.5,20.0,w,INDIVIDUAL,0.0,0.0,1,2.0,0,26.8,0.14
30300.0,60,21.99,836.69,E4,RENT,66000.0,Verified,2014-05-01,debt_consolidation,19.01,1993-12-01,14.0,0.0,19478.0,92.8,19.0,w,INDIVIDUAL,0.0,0.0,0,10.0,0,20.4,0.459
8000.0,36,16.55,283.44,D2,RENT,25000.0,Source Verified,2015-10-01,other,36.53,1989-06-01,17.0,1.0,13435.0,60.0,20.0,w,INDIVIDUAL,0.0,1.0,1,0.0,0,26.3,0.32
11500.0,36,17.27,411.56,D1,MORTGAGE,42454.0,Verified,2012-06-01,debt_consolidation,10.65,1986-01-01,12.0,0.0,11473.0,55.2,15.0,f,INDIVIDUAL,3.0,0.0,0,6.0,1,26.4,0.271
4800.0,36,7.9,150.2,A4,MORTGAGE,35000.0,Not Verified,2012-11-01,home_improvement,22.5,2006-12-01,16.0,0.0,4003.0,15.5,17.0,w,INDIVIDUAL,0.0,0.0,0,2.0,0,5.9,0.137
10000.0,36,9.99,322.63,B3,MORTGAGE,74000.0,Not Verified,2015-06-01,debt_consolidation,11.89,2001-07-01,15.0,0.0,9218.0,23.8,32.0,f,INDIVIDUAL,7.0,0.0,0,10.0,0,13.9,0.135
20000.0,36,14.33,686.77,C1,RENT,81000.0,Source Verified,2013-06-01,debt_consolidation,28.71,1993-12-01,17.0,0.0,38694.0,84.5,41.0,f,INDIVIDUAL,0.0,0.0,0,4.0,0,19.5,0.247
20000.0,36,11.99,664.2,B5,MORTGAGE,93000.0,Source Verified,2015-01-01,debt_consolidation,22.29,2001-01-01,21.0,0.0,45298.0,60.2,31.0,w,INDIVIDUAL,2.0,0.0,0,4.0,0,14.0,0.215
20125.0,60,17.57,506.35,D2,MORTGAGE,74000.0,Verified,2013-12-01,debt_consolidation,18.13,2000-09-01,10.0,0.0,15334.0,86.1,15.0,f,INDIVIDUAL,1.0,0.0,0,10.0,0,13.2,0.272
7000.0,36,11.99,232.47,B5,RENT,48000.0,Not Verified,2011-07-01,debt_consolidation,8.45,2002-12-01,8.0,0.0,11542.0,91.6,12.0,f,INDIVIDUAL,0.0,0.0,0,1.0,0,8.6,0.146
25600.0,36,13.49,868.62,C1,RENT,100000.0,Source Verified,2012-01-01,debt_consolidation,9.84,1995-12-01,19.0,0.0,35442.0,63.6,58.0,f,INDIVIDUAL,3.0,0.0,0,1.0,0,16.1,0.256
15000.0,36,16.99,534.72,D3,MORTGAGE,93000.0,Not Verified,2015-10-01,debt_consolidation,37.46,1981-04-01,24.0,0.0,21053.0,72.1,46.0,w,INDIVIDUAL,4.0,0.0,1,1.0,0,34.5,0.161
5600.0,36,21.6,212.71,E3,MORTGAGE,33000.0,Not Verified,2013-07-01,other,20.44,2003-08-01,4.0,0.0,3677.0,63.4,11.0,w,INDIVIDUAL,4.0,0.0,1,10.0,0,9.9,0.17
10000.0,36,12.29,333.53,C1,RENT,50000.0,Source Verified,2015-07-01,debt_consolidation,11.62,1999-03-01,10.0,2.0,5489.0,43.2,18.0,w,INDIVIDUAL,0.0,2.0,0,5.0,0,16.3,0.2
30000.0,60,13.33,687.68,C3,MORTGAGE,180000.0,Source Verified,2015-08-01,credit_card,14.64,2004-07-01,16.0,0.0,16123.0,32.2,26.0,w,INDIVIDUAL,2.0,0.0,0,9.0,0,11.1,0.167
18600.0,36,6.92,573.64,A4,RENT,52000.0,Source Verified,2015-02-01,debt_consolidation,17.59,2008-01-01,11.0,0.0,10080.0,23.1,17.0,w,INDIVIDUAL,0.0,0.0,0,8.0,0,7.1,0.358
19200.0,60,14.3,449.75,C1,MORTGAGE,62000.0,Verified,2013-10-01,credit_card,10.32,2000-03-01,13.0,0.0,17112.0,47.7,33.0,w,INDIVIDUAL,4.0,0.0,0,8.0,0,13.6,0.31
25000.0,60,15.59,602.52,D1,MORTGAGE,112000.0,Source Verified,2014-11-01,credit_card,15.66,2005-05-01,24.0,0.0,23328.0,37.1,47.0,w,INDIVIDUAL,3.0,0.0,0,0.0,0,9.5,0.223
8000.0,36,14.33,274.71,C1,MORTGAGE,47000.0,Verified,2013-05-01,credit_card,32.19,2002-07-01,14.0,0.0,11872.0,87.9,19.0,f,INDIVIDUAL,1.0,0.0,0,4.0,0,10.8,0.17
15350.0,36,12.12,510.72,B3,MORTGAGE,160000.0,Source Verified,2012-12-01,debt_consolidation,4.48,1996-12-01,8.0,0.0,7310.0,92.5,17.0,f,INDIVIDUAL,1.0,0.0,0,9.0,0,16.0,0.096
5175.0,36,15.61,180.95,D1,MORTGAGE,31000.0,Not Verified,2014-07-01,home_improvement,18.39,2001-12-01,9.0,1.0,5094.0,61.0,16.0,f,INDIVIDUAL,1.0,1.0,0,3.0,0,12.6,0.167
15000.0,60,20.2,399.08,E3,RENT,120000.0,Verified,2014-06-01,home_improvement,4.73,2001-06-01,5.0,1.0,3310.0,58.0,12.0,f,INDIVIDUAL,0.0,1.0,0,2.0,0,13.0,0.125
4950.0,36,15.61,173.08,C5,RENT,43000.0,Not Verified,2014-03-01,debt_consolidation,19.87,2006-03-01,11.0,0.0,3164.0,56.5,19.0,w,INDIVIDUAL,0.0,0.0,0,5.0,0,8.0,0.115
12000.0,36,14.49,413.0,C4,MORTGAGE,68000.0,Source Verified,2014-08-01,debt_consolidation,3.92,2000-11-01,6.0,0.0,10002.0,38.0,24.0,w,INDIVIDUAL,2.0,0.0,0,8.0,0,13.7,0.176
12000.0,36,13.18,405.37,C3,RENT,47500.0,Verified,2015-11-01,credit_card,25.33,2003-06-01,12.0,0.0,11152.0,39.7,33.0,f,INDIVIDUAL,2.0,0.0,1,2.0,0,12.4,0.253
12000.0,36,13.11,404.97,B4,RENT,55000.0,Not Verified,2012-06-01,debt_consolidation,25.77,2004-11-01,7.0,0.0,8823.0,76.9,11.0,f,INDIVIDUAL,0.0,0.0,0,7.0,0,7.6,0.218
5550.0,36,15.22,193.0,C3,RENT,28000.0,Not Verified,2013-09-01,debt_consolidation,26.96,2006-12-01,5.0,0.0,4100.0,66.1,12.0,f,INDIVIDUAL,0.0,0.0,0,0.0,0,6.8,0.198
28000.0,60,11.99,622.71,B5,MORTGAGE,80000.0,Source Verified,2014-11-01,debt_consolidation,20.56,1994-03-01,10.0,0.0,51528.0,59.7,14.0,w,INDIVIDUAL,1.0,0.0,0,4.0,0,20.7,0.35
32350.0,60,21.98,893.11,E4,MORTGAGE,73000.0,Verified,2013-02-01,debt_consolidation,29.22,2001-09-01,15.0,0.0,20707.0,84.2,40.0,w,INDIVIDUAL,4.0,0.0,1,6.0,0,11.4,0.443
12000.0,36,15.8,420.71,C3,MORTGAGE,62000.0,Not Verified,2013-05-01,other,17.98,2004-04-01,12.0,0.0,16981.0,66.9,19.0,w,INDIVIDUAL,1.0,0.0,0,5.0,0,9.1,0.194
14000.0,36,12.99,471.65,C2,MORTGAGE,61000.0,Verified,2016-03-01,credit_card,24.61,1994-08-01,18.0,3.0,6702.0,17.1,43.0,w,INDIVIDUAL,5.0,0.0,0,4.0,0,21.6,0.23
12725.0,60,18.84,328.98,E2,MORTGAGE,40000.0,Verified,2015-04-01,debt_consolidation,35.19,1989-07-01,13.0,0.0,46713.0,80.4,23.0,f,INDIVIDUAL,1.0,0.0,0,6.0,1,25.7,0.318
10200.0,60,24.08,293.91,F2,MORTGAGE,65000.0,Verified,2014-08-01,debt_consolidation,17.28,2009-10-01,15.0,0.0,8288.0,57.6,18.0,f,INDIVIDUAL,1.0,0.0,1,3.0,0,4.8,0.157
6850.0,36,17.27,245.15,C5,RENT,32281.83,Not Verified,2012-09-01,debt_consolidation,9.74,2006-06-01,6.0,0.0,7762.0,64.7,9.0,f,INDIVIDUAL,0.0,0.0,1,7.0,0,6.3,0.212
7200.0,36,15.1,249.95,C2,MORTGAGE,85000.0,Not Verified,2013-10-01,debt_consolidation,10.14,2002-01-01,10.0,0.0,8766.0,63.1,41.0,f,INDIVIDUAL,3.0,0.0,1,0.0,0,11.7,0.085
6000.0,36,8.39,189.1,A5,MORTGAGE,48000.0,Verified,2014-10-01,debt_consolidation,22.35,2000-12-01,11.0,0.0,10378.0,58.0,24.0,f,INDIVIDUAL,3.0,0.0,0,6.0,1,13.8,0.125
4300.0,36,24.5,169.84,F3,MORTGAGE,73000.0,Source Verified,2014-08-01,other,11.28,2001-11-01,5.0,1.0,660.0,82.5,8.0,f,INDIVIDUAL,2.0,1.0,0,6.0,0,12.7,0.059
15125.0,36,19.52,558.41,E3,RENT,90000.0,Source Verified,2015-05-01,debt_consolidation,8.52,2005-08-01,6.0,0.0,2296.0,53.4,24.0,f,INDIVIDUAL,0.0,0.0,0,0.0,0,9.7,0.168
10000.0,36,8.49,315.63,A5,MORTGAGE,72000.0,Verified,2011-07-01,debt_consolidation,10.58,1994-01-01,9.0,0.0,52988.0,49.6,48.0,f,INDIVIDUAL,3.0,0.0,1,10.0,0,17.5,0.139
7500.0,36,10.99,245.51,B4,OWN,57500.0,Not Verified,2015-03-01,credit_card,9.87,2007-02-01,22.0,0.0,8299.0,64.3,28.0,f,INDIVIDUAL,1.0,0.0,0,9.0,0,8.1,0.13
15350.0,36,17.57,551.64,D4,MORTGAGE,70000.0,Not Verified,2015-07-01,major_purchase,10.25,2004-07-01,6.0,0.0,4383.0,89.0,10.0,w,INDIVIDUAL,1.0,0.0,1,9.0,0,11.0,0.219
26100.0,60,20.2,694.4,D5,MORTGAGE,70000.0,Verified,2013-09-01,debt_consolidation,24.03,2000-04-01,9.0,0.0,30059.0,76.3,34.0,f,INDIVIDUAL,3.0,0.0,0,8.0,0,13.4,0.373
7200.0,36,16.29,254.17,C4,OWN,46000.0,Source Verified,2013-01-01,home_improvement,17.63,1997-03-01,6.0,1.0,5121.0,32.2,16.0,f,INDIVIDUAL,0.0,1.0,0,5.0,0,15.8,0.157
20000.0,36,13.67,680.36,C3,MORTGAGE,220000.0,Verified,2016-05-01,debt_consolidation,28.09,1998-12-01,24.0,0.0,68291.0,57.0,44.0,w,INDIVIDUAL,1.0,0.0,0,6.0,0,17.4,0.091
8125.0,36,13.11,274.2,B4,MORTGAGE,47000.0,Not Verified,2013-04-01,car,23.18,2001-11-01,9.0,1.0,6067.0,68.2,27.0,f,INDIVIDUAL,1.0,1.0,0,4.0,0,11.4,0.173
9725.0,36,17.57,349.49,D4,RENT,54000.0,Source Verified,2014-10-01,debt_consolidation,33.13,1997-12-01,14.0,4.0,13315.0,73.2,30.0,f,INDIVIDUAL,2.0,4.0,1,8.0,0,16.8,0.18
14975.0,60,24.5,435.16,F3,MORTGAGE,44000.0,Verified,2015-03-01,debt_consolidation,8.51,2000-04-01,14.0,0.0,7280.0,33.1,34.0,f,INDIVIDUAL,4.0,0.0,1,10.0,0,14.9,0.34
30000.0,36,17.1,1071.08,C5,OWN,90000.0,Verified,2013-10-01,debt_consolidation,31.49,1993-03-01,8.0,0.0,7799.0,43.6,25.0,w,INDIVIDUAL,0.0,0.0,0,2.0,0,20.6,0.333
14525.0,60,14.99,345.48,C5,MORTGAGE,55250.0,Source Verified,2014-11-01,debt_consolidation,12.58,1992-12-01,13.0,1.0,10241.0,50.7,31.0,w,INDIVIDUAL,3.0,1.0,0,10.0,0,21.9,0.263
12000.0,60,19.2,312.61,D3,MORTGAGE,90000.0,Source Verified,2013-11-01,debt_consolidation,6.55,1997-11-01,8.0,0.0,23232.0,68.3,22.0,f,INDIVIDUAL,4.0,0.0,0,9.0,0,16.0,0.133
15000.0,36,12.12,499.08,B3,RENT,55000.0,Not Verified,2013-04-01,debt_consolidation,28.82,2008-03-01,7.0,0.0,10145.0,56.4,14.0,w,INDIVIDUAL,0.0,0.0,0,4.0,0,5.1,0.273
20000.0,36,8.67,632.93,B1,MORTGAGE,178000.0,Verified,2015-01-01,debt_consolidation,5.88,2003-06-01,12.0,0.0,33266.0,78.1,21.0,f,INDIVIDUAL,1.0,0.0,0,10.0,0,11.6,0.112
5000.0,36,9.8,160.87,B3,MORTGAGE,75000.0,Not Verified,2016-01-01,debt_consolidation,12.17,1980-10-01,11.0,0.0,11979.0,58.7,31.0,w,INDIVIDUAL,5.0,0.0,0,0.0,0,35.2,0.067
6000.0,36,8.18,188.52,B1,RENT,26400.0,Not Verified,2015-10-01,debt_consolidation,9.23,2007-09-01,8.0,0.0,7156.0,48.4,12.0,w,INDIVIDUAL,0.0,0.0,0,3.0,0,8.1,0.227
15000.0,36,12.29,500.3,C1,RENT,52000.0,Not Verified,2015-04-01,debt_consolidation,21.09,2002-11-01,12.0,0.0,4522.0,37.7,23.0,f,INDIVIDUAL,1.0,0.0,1,10.0,0,12.4,0.288
20000.0,60,15.1,476.85,C2,MORTGAGE,62000.0,Verified,2013-11-01,debt_consolidation,22.72,2000-12-01,10.0,0.0,9876.0,44.7,19.0,f,INDIVIDUAL,2.0,0.0,0,10.0,0,12.9,0.323
12000.0,36,7.26,371.96,A4,MORTGAGE,70000.0,Not Verified,2015-08-01,debt_consolidation,25.1,1994-02-01,15.0,0.0,16046.0,27.6,37.0,f,INDIVIDUAL,4.0,0.0,0,0.0,0,21.5,0.171
12000.0,36,13.35,406.36,C2,RENT,55000.0,Not Verified,2014-05-01,debt_consolidation,17.22,1992-11-01,8.0,0.0,10242.0,62.1,14.0,f,INDIVIDUAL,0.0,0.0,0,10.0,0,21.5,0.218
14400.0,36,8.39,453.84,B1,MORTGAGE,85000.0,Source Verified,2016-04-01,debt_consolidation,7.21,2003-09-01,14.0,0.0,16726.0,57.5,40.0,w,INDIVIDUAL,8.0,0.0,0,10.0,0,12.6,0.169
24000.0,60,13.49,552.12,C1,RENT,124704.0,Verified,2011-09-01,debt_consolidation,4.61,1993-01-01,2.0,0.0,14921.0,67.8,8.0,f,INDIVIDUAL,0.0,0.0,0,10.0,0,18.7,0.192
5600.0,36,7.89,175.2,A5,RENT,52000.0,Not Verified,2015-07-01,home_improvement,26.33,2002-12-01,21.0,0.0,22795.0,31.0,30.0,f,INDIVIDUAL,1.0,0.0,0,3.0,0,12.6,0.108
18000.0,36,18.99,659.72,D3,MORTGAGE,40000.0,Not Verified,2016-11-01,debt_consolidation,20.85,1999-06-01,6.0,1.0,3044.0,23.0,16.0,f,INDIVIDUAL,1.0,1.0,0,10.0,0,17.4,0.45
7750.0,36,18.75,283.11,D3,RENT,45000.0,Source Verified,2013-06-01,debt_consolidation,13.04,1997-06-01,11.0,1.0,2796.0,29.1,29.0,w,INDIVIDUAL,0.0,1.0,1,6.0,0,16.0,0.172
26375.0,60,20.49,705.99,E1,MORTGAGE,60000.0,Verified,2013-05-01,credit_card,25.2,1999-08-01,12.0,0.0,23608.0,87.3,23.0,f,INDIVIDUAL,2.0,0.0,1,10.0,0,13.7,0.44
15000.0,36,11.99,498.15,B3,RENT,55500.0,Not Verified,2014-04-01,credit_card,25.95,2003-07-01,13.0,0.0,16595.0,86.9,42.0,w,INDIVIDUAL,2.0,0.0,1,5.0,0,10.8,0.27
10000.0,36,9.17,318.79,B2,MORTGAGE,37769.76,Source Verified,2016-01-01,debt_consolidation,19.96,1996-02-01,4.0,0.0,1094.0,21.9,31.0,w,JOINT,5.0,0.0,0,6.0,1,19.9,0.265
3000.0,36,15.61,104.9,C3,MORTGAGE,90000.0,Not Verified,2013-10-01,debt_consolidation,22.84,1998-05-01,17.0,0.0,15778.0,53.7,42.0,f,INDIVIDUAL,2.0,0.0,0,10.0,0,15.4,0.033
12000.0,36,6.62,368.45,A2,MORTGAGE,51000.0,Not Verified,2014-01-01,home_improvement,17.84,2004-09-01,17.0,0.0,3391.0,5.2,23.0,w,INDIVIDUAL,2.0,0.0,0,5.0,0,9.3,0.235
7000.0,36,13.11,236.23,B4,RENT,37500.0,Source Verified,2012-03-01,debt_consolidation,16.03,2004-10-01,5.0,0.0,7145.0,87.1,5.0,f,INDIVIDUAL,0.0,0.0,0,1.0,0,7.4,0.187
6000.0,36,13.33,203.12,C3,RENT,37500.0,Verified,2015-07-01,debt_consolidation,23.6,2006-12-01,10.0,0.0,15564.0,97.3,18.0,w,INDIVIDUAL,0.0,0.0,1,8.0,0,8.6,0.16
12000.0,36,9.99,387.15,B1,RENT,96000.0,Not Verified,2011-08-01,car,1.43,1999-09-01,2.0,0.0,5683.0,41.6,16.0,f,INDIVIDUAL,0.0,0.0,0,1.0,0,11.9,0.125
10500.0,36,18.24,380.87,D5,RENT,49000.0,Source Verified,2014-08-01,other,38.1,2009-12-01,13.0,0.0,9355.0,49.2,17.0,f,INDIVIDUAL,0.0,0.0,0,7.0,0,4.7,0.214
8500.0,36,10.75,277.28,B4,RENT,42000.0,Source Verified,2016-04-01,credit_card,16.7,2011-08-01,24.0,0.0,10258.0,29.6,27.0,w,INDIVIDUAL,0.0,0.0,0,1.0,0,4.7,0.202
10000.0,36,12.39,334.01,C1,MORTGAGE,95000.0,Not Verified,2015-01-01,debt_consolidation,10.26,2002-10-01,8.0,0.0,10621.0,83.0,28.0,w,INDIVIDUAL,2.0,0.0,0,10.0,0,12.3,0.105
1750.0,36,24.99,69.58,F4,MORTGAGE,24632.49,Verified,2014-07-01,home_improvement,21.44,2008-04-01,4.0,0.0,1711.0,85.5,8.0,f,INDIVIDUAL,0.0,0.0,1,3.0,0,6.2,0.071
13325.0,36,11.44,439.03,B4,RENT,40000.0,Source Verified,2015-01-01,debt_consolidation,15.47,2004-11-01,12.0,0.0,8631.0,21.6,17.0,w,INDIVIDUAL,0.0,0.0,0,0.0,0,10.2,0.333
20000.0,36,11.99,664.2,B5,RENT,60000.0,Source Verified,2014-11-01,credit_card,39.45,2002-03-01,21.0,0.0,12503.0,61.3,45.0,w,INDIVIDUAL,0.0,0.0,1,7.0,0,12.7,0.333
7000.0,36,19.99,260.11,D4,RENT,27000.0,Source Verified,2016-06-01,debt_consolidation,27.16,2012-01-01,7.0,0.0,7026.0,45.0,11.0,w,INDIVIDUAL,0.0,0.0,0,5.0,0,4.4,0.259
12000.0,60,13.67,277.18,C4,RENT,80000.0,Source Verified,2015-12-01,debt_consolidation,21.09,2001-09-01,8.0,0.0,7502.0,68.2,47.0,w,INDIVIDUAL,1.0,0.0,0,10.0,0,14.2,0.15
28000.0,36,8.9,889.09,A5,MORTGAGE,80000.0,Source Verified,2013-11-01,debt_consolidation,18.21,1998-11-01,8.0,0.0,7575.0,68.2,14.0,f,INDIVIDUAL,3.0,0.0,0,8.0,0,15.0,0.35
25600.0,36,5.32,770.94,A1,MORTGAGE,120000.0,Source Verified,2015-07-01,debt_consolidation,12.99,1988-05-01,29.0,0.0,31744.0,18.2,59.0,w,INDIVIDUAL,3.0,0.0,0,10.0,0,27.2,0.213
20375.0,36,14.33,699.64,C2,MORTGAGE,100000.0,Verified,2013-08-01,debt_consolidation,10.18,1996-03-01,7.0,0.0,8834.0,88.3,29.0,w,INDIVIDUAL,3.0,0.0,0,9.0,0,17.4,0.204
30000.0,36,20.49,1122.42,E2,RENT,215000.0,Source Verified,2014-04-01,small_business,11.3,1998-11-01,12.0,0.0,36659.0,76.2,25.0,f,INDIVIDUAL,0.0,0.0,0,8.0,0,15.4,0.14
4575.0,36,14.65,157.82,C5,MORTGAGE,150000.0,Verified,2015-03-01,debt_consolidation,9.62,2001-08-01,12.0,1.0,3690.0,79.0,23.0,f,INDIVIDUAL,2.0,1.0,0,10.0,0,13.6,0.03
12000.0,36,13.11,404.97,B4,MORTGAGE,90000.0,Not Verified,2012-11-01,debt_consolidation,19.12,1991-10-01,12.0,0.0,12425.0,65.4,44.0,w,INDIVIDUAL,7.0,0.0,1,10.0,0,21.1,0.133
16000.0,36,15.61,559.44,C5,RENT,74000.0,Source Verified,2014-03-01,other,18.85,2001-07-01,10.0,0.0,9080.0,79.0,24.0,f,INDIVIDUAL,0.0,0.0,0,3.0,0,12.7,0.216
14000.0,36,7.62,436.26,A3,MORTGAGE,120000.0,Verified,2013-07-01,home_improvement,18.28,2003-06-01,9.0,0.0,16991.0,46.6,23.0,w,INDIVIDUAL,8.0,0.0,0,10.0,0,10.1,0.117
14125.0,36,12.99,475.86,B4,MORTGAGE,53800.0,Not Verified,2013-11-01,credit_card,25.99,1998-02-01,10.0,0.0,11005.0,73.9,33.0,w,INDIVIDUAL,4.0,0.0,0,1.0,0,15.7,0.263
20000.0,36,13.67,680.36,C4,MORTGAGE,76000.0,Source Verified,2015-11-01,home_improvement,17.56,1991-06-01,4.0,0.0,47927.0,79.9,27.0,f,INDIVIDUAL,3.0,0.0,0,10.0,0,24.4,0.263
35000.0,36,15.31,1218.61,C2,MORTGAGE,145000.0,Verified,2013-02-01,debt_consolidation,18.14,2000-11-01,14.0,0.0,39256.0,71.9,23.0,f,INDIVIDUAL,5.0,0.0,0,10.0,0,12.3,0.241
11775.0,60,25.8,351.16,G1,MORTGAGE,31000.0,Not Verified,2014-10-01,credit_card,18.35,2000-05-01,11.0,0.0,16815.0,79.7,12.0,w,INDIVIDUAL,1.0,0.0,0,2.0,0,14.4,0.38
2500.0,36,6.97,77.16,A3,MORTGAGE,114000.0,Source Verified,2016-06-01,home_improvement,8.93,1985-10-01,5.0,0.0,25054.0,66.1,21.0,w,INDIVIDUAL,3.0,0.0,0,2.0,0,30.7,0.022
23800.0,60,10.49,511.44,B3,MORTGAGE,73490.0,Verified,2014-11-01,debt_consolidation,26.45,1998-10-01,14.0,0.0,20991.0,78.6,45.0,w,INDIVIDUAL,2.0,0.0,1,10.0,0,16.1,0.324
3025.0,36,18.25,109.75,E1,MORTGAGE,42000.0,Verified,2015-10-01,vacation,17.94,2005-11-01,10.0,0.0,9095.0,57.6,18.0,f,INDIVIDUAL,1.0,0.0,0,2.0,0,9.9,0.072
23675.0,60,14.33,554.94,C2,OWN,54000.0,Verified,2013-07-01,debt_consolidation,20.51,1994-12-01,13.0,0.0,26639.0,45.3,20.0,f,INDIVIDUAL,0.0,0.0,0,10.0,0,18.6,0.438
32000.0,36,7.62,997.17,A3,RENT,155000.0,Verified,2014-04-01,credit_card,9.59,1962-04-01,10.0,0.0,32346.0,68.8,31.0,w,INDIVIDUAL,5.0,0.0,0,6.0,1,52.0,0.206
25000.0,36,14.16,856.39,C2,MORTGAGE,125000.0,Verified,2014-03-01,debt_consolidation,18.81,1996-04-01,18.0,0.0,35512.0,77.4,42.0,f,INDIVIDUAL,4.0,0.0,0,10.0,0,17.9,0.2
10200.0,36,7.49,317.24,A4,MORTGAGE,68000.0,Not Verified,2015-01-01,credit_card,21.87,1994-09-01,22.0,0.0,19582.0,29.5,45.0,w,INDIVIDUAL,4.0,0.0,0,10.0,0,20.3,0.15
10000.0,36,22.47,384.35,E5,RENT,100000.0,Verified,2013-07-01,other,16.85,1996-01-01,11.0,0.0,11969.0,73.9,29.0,f,INDIVIDUAL,0.0,0.0,0,2.0,0,17.5,0.1
3500.0,36,6.24,106.86,A2,MORTGAGE,99000.0,Not Verified,2015-10-01,car,16.84,2003-11-01,17.0,0.0,12904.0,25.1,22.0,w,INDIVIDUAL,1.0,0.0,0,8.0,0,11.9,0.035
8000.0,36,9.17,255.04,B1,RENT,44400.0,Verified,2014-06-01,debt_consolidation,21.54,1993-08-01,8.0,0.0,2698.0,47.3,32.0,w,INDIVIDUAL,0.0,0.0,0,6.0,1,20.8,0.18
6000.0,36,18.49,218.4,D2,RENT,50000.0,Not Verified,2013-01-01,credit_card,23.04,2000-11-01,12.0,0.0,19748.0,82.3,20.0,f,INDIVIDUAL,0.0,0.0,0,6.0,0,12.2,0.12
12000.0,60,13.98,279.1,C3,RENT,40000.0,Source Verified,2014-07-01,debt_consolidation,23.22,2006-10-01,12.0,0.0,11975.0,79.8,26.0,w,INDIVIDUAL,0.0,0.0,1,4.0,0,7.7,0.3
5600.0,36,11.14,183.71,B2,RENT,35000.0,Not Verified,2013-06-01,debt_consolidation,11.14,2004-07-01,8.0,0.0,4947.0,16.9,10.0,f,INDIVIDUAL,0.0,0.0,1,2.0,0,8.9,0.16
8400.0,36,13.98,287.02,C3,RENT,40000.0,Verified,2014-05-01,debt_consolidation,5.94,1994-03-01,8.0,2.0,6186.0,34.6,16.0,f,INDIVIDUAL,2.0,2.0,1,4.0,0,20.2,0.21
9125.0,36,9.71,293.2,B1,OWN,27000.0,Verified,2013-08-01,debt_consolidation,9.91,1999-05-01,2.0,0.0,10843.0,76.4,13.0,f,INDIVIDUAL,0.0,0.0,0,6.0,1,14.3,0.338
20100.0,36,15.61,702.8,D1,MORTGAGE,90000.0,Verified,2015-09-01,debt_consolidation,7.91,2003-06-01,7.0,0.0,6973.0,15.9,23.0,f,INDIVIDUAL,1.0,0.0,0,10.0,0,12.3,0.223
13650.0,60,20.5,365.45,E1,MORTGAGE,43984.23,Verified,2014-01-01,debt_consolidation,17.71,2002-10-01,10.0,1.0,8010.0,84.3,21.0,f,INDIVIDUAL,2.0,0.0,1,10.0,0,11.3,0.31
8000.0,36,14.49,275.33,C4,OWN,48765.0,Verified,2014-11-01,debt_consolidation,22.69,2000-10-01,15.0,1.0,3887.0,33.5,26.0,f,INDIVIDUAL,0.0,0.0,1,10.0,0,14.1,0.164
8000.0,36,7.69,249.55,A4,RENT,65000.0,Not Verified,2014-06-01,debt_consolidation,9.41,2009-04-01,8.0,0.0,4371.0,14.7,8.0,w,INDIVIDUAL,0.0,0.0,0,4.0,0,5.2,0.123
4200.0,36,15.22,146.05,C3,OWN,29000.0,Not Verified,2013-09-01,credit_card,12.47,1990-02-01,3.0,0.0,0.0,0.0,15.0,w,INDIVIDUAL,0.0,0.0,0,10.0,0,23.6,0.145
9500.0,36,6.03,289.14,A1,RENT,86000.0,Not Verified,2014-01-01,debt_consolidation,6.28,2000-11-01,5.0,0.0,15792.0,26.8,19.0,w,INDIVIDUAL,3.0,0.0,0,10.0,0,13.2,0.11
21000.0,60,18.2,535.55,E1,MORTGAGE,105000.0,Verified,2015-11-01,credit_card,19.93,1996-09-01,10.0,0.0,19346.0,102.4,31.0,f,INDIVIDUAL,4.0,0.0,0,6.0,0,19.2,0.2
10000.0,60,13.44,229.79,C3,OWN,61000.0,Not Verified,2015-12-01,other,15.44,2002-10-01,10.0,1.0,6228.0,63.6,41.0,w,INDIVIDUAL,0.0,0.0,0,2.0,0,13.2,0.164
20000.0,36,18.75,730.6,D3,MORTGAGE,120000.0,Source Verified,2012-07-01,debt_consolidation,25.35,1996-02-01,15.0,0.0,7903.0,84.1,52.0,f,INDIVIDUAL,1.0,0.0,0,2.0,0,16.4,0.167
10000.0,36,10.99,327.34,B4,OWN,49000.0,Source Verified,2015-08-01,debt_consolidation,14.52,2001-04-01,11.0,1.0,11890.0,86.8,31.0,w,INDIVIDUAL,0.0,1.0,0,10.0,0,14.3,0.204
5000.0,36,9.99,161.32,B1,RENT,56500.0,Verified,2013-10-01,debt_consolidation,17.56,1997-03-01,15.0,0.0,32704.0,66.9,23.0,f,INDIVIDUAL,0.0,0.0,0,10.0,0,16.6,0.088
3000.0,36,18.25,108.84,D3,MORTGAGE,95000.0,Verified,2014-02-01,medical,11.27,1997-06-01,7.0,0.0,21443.0,85.1,13.0,f,INDIVIDUAL,3.0,0.0,0,5.0,0,16.7,0.032
2250.0,36,9.75,72.34,B3,MORTGAGE,80000.0,Verified,2016-06-01,debt_consolidation,20.31,2006-01-01,14.0,0.0,5579.0,13.7,31.0,w,INDIVIDUAL,5.0,0.0,0,4.0,0,10.4,0.028
10000.0,36,21.7,380.36,E2,RENT,66000.0,Source Verified,2013-09-01,debt_consolidation,16.73,1999-11-01,5.0,0.0,13611.0,90.7,12.0,f,INDIVIDUAL,0.0,0.0,0,7.0,0,13.8,0.152
21000.0,36,14.33,721.11,C1,MORTGAGE,125000.0,Verified,2013-05-01,debt_consolidation,12.88,1990-09-01,11.0,0.0,20408.0,77.5,30.0,f,INDIVIDUAL,10.0,0.0,0,10.0,0,22.7,0.168
9000.0,36,13.11,303.73,B4,MORTGAGE,53000.0,Not Verified,2012-06-01,credit_card,18.48,1994-11-01,10.0,0.0,9021.0,52.8,24.0,f,INDIVIDUAL,6.0,0.0,0,7.0,0,17.6,0.17
12000.0,36,14.31,411.95,C4,RENT,70000.0,Source Verified,2014-12-01,debt_consolidation,11.16,2008-09-01,6.0,0.0,11033.0,73.6,8.0,f,INDIVIDUAL,0.0,0.0,1,2.0,0,6.2,0.171
21275.0,60,12.12,474.55,B3,MORTGAGE,93000.0,Verified,2013-02-01,debt_consolidation,13.91,2000-09-01,13.0,0.0,16499.0,50.8,36.0,w,INDIVIDUAL,2.0,0.0,0,4.0,0,12.4,0.229
21000.0,36,19.52,775.31,E3,MORTGAGE,112000.0,Source Verified,2015-02-01,debt_consolidation,28.37,2004-04-01,21.0,1.0,24608.0,60.6,48.0,f,INDIVIDUAL,5.0,1.0,0,1.0,0,10.8,0.188
18225.0,36,15.8,638.94,C3,MORTGAGE,120000.0,Verified,2012-10-01,credit_card,22.23,1989-09-01,10.0,0.0,62294.0,92.7,25.0,f,INDIVIDUAL,6.0,0.0,1,10.0,0,23.1,0.152
12000.0,36,7.62,373.94,A3,MORTGAGE,100000.0,Source Verified,2014-04-01,debt_consolidation,15.31,1984-09-01,5.0,0.0,6881.0,69.5,35.0,w,INDIVIDUAL,0.0,0.0,0,3.0,0,29.6,0.12
14400.0,36,6.62,442.14,A2,MORTGAGE,65000.0,Verified,2013-01-01,home_improvement,12.85,1992-03-01,7.0,0.0,5506.0,22.0,21.0,f,INDIVIDUAL,3.0,0.0,0,10.0,0,20.8,0.222
10000.0,36,10.15,323.38,B2,MORTGAGE,92000.0,Not Verified,2014-05-01,debt_consolidation,11.0,2004-08-01,14.0,0.0,12176.0,41.6,33.0,f,INDIVIDUAL,1.0,0.0,0,10.0,0,9.7,0.109
8875.0,36,15.1,308.09,C2,MORTGAGE,66200.0,Not Verified,2013-10-01,debt_consolidation,15.88,1997-11-01,16.0,0.0,7188.0,79.9,38.0,f,INDIVIDUAL,1.0,0.0,0,2.0,0,15.9,0.134
12800.0,36,15.31,445.67,C2,RENT,47000.0,Not Verified,2013-05-01,credit_card,18.61,2001-04-01,12.0,0.0,14894.0,83.7,23.0,w,INDIVIDUAL,0.0,0.0,0,1.0,0,12.1,0.272
9600.0,36,10.16,310.49,B1,MORTGAGE,36000.0,Verified,2013-06-01,debt_consolidation,10.6,1995-08-01,8.0,0.0,9823.0,44.3,22.0,f,INDIVIDUAL,3.0,0.0,0,6.0,1,17.8,0.267
15000.0,36,17.27,536.81,C5,RENT,50000.0,Verified,2013-04-01,debt_consolidation,23.64,1998-01-01,11.0,0.0,19122.0,80.7,36.0,w,INDIVIDUAL,0.0,0.0,0,10.0,0,15.2,0.3
15875.0,60,14.99,377.59,C5,MORTGAGE,68000.0,Source Verified,2014-06-01,debt_consolidation,29.09,1998-03-01,22.0,0.0,16881.0,51.3,50.0,w,INDIVIDUAL,0.0,0.0,1,10.0,0,16.3,0.233
11225.0,36,13.35,380.11,C2,MORTGAGE,37000.0,Not Verified,2014-06-01,debt_consolidation,28.09,1998-08-01,13.0,0.0,12219.0,57.1,29.0,f,INDIVIDUAL,1.0,0.0,0,10.0,0,15.8,0.303
35000.0,60,20.49,936.86,E1,OWN,100000.0,Verified,2012-12-01,debt_consolidation,12.72,1989-06-01,11.0,0.0,9529.0,64.0,20.0,f,INDIVIDUAL,3.0,0.0,1,10.0,0,23.5,0.35
10400.0,36,12.12,346.03,B3,MORTGAGE,50000.0,Not Verified,2013-06-01,debt_consolidation,20.45,2002-04-01,12.0,1.0,6155.0,43.3,33.0,f,INDIVIDUAL,2.0,1.0,1,10.0,0,11.2,0.208
7500.0,36,10.25,242.89,B2,MORTGAGE,61000.0,Not Verified,2010-02-01,small_business,3.52,2001-09-01,6.0,0.0,639.0,2.7,8.0,f,INDIVIDUAL,0.0,0.0,0,3.0,0,8.4,0.123
12000.0,36,11.14,393.67,B2,MORTGAGE,100000.0,Verified,2013-01-01,debt_consolidation,13.63,1997-08-01,15.0,1.0,12265.0,63.5,32.0,f,INDIVIDUAL,1.0,1.0,0,0.0,0,15.4,0.12
9450.0,36,11.99,313.84,B3,RENT,27580.8,Not Verified,2013-09-01,credit_card,19.88,1974-02-01,10.0,1.0,12115.0,51.6,17.0,w,INDIVIDUAL,0.0,1.0,0,1.0,0,39.6,0.343
12000.0,36,7.51,373.33,A3,MORTGAGE,55000.0,Verified,2012-01-01,home_improvement,0.0,2001-11-01,5.0,0.0,0.0,0.0,16.0,f,INDIVIDUAL,0.0,0.0,0,1.0,0,10.2,0.218
6075.0,36,14.33,208.61,C2,RENT,21942.2,Not Verified,2013-09-01,debt_consolidation,29.81,2006-10-01,8.0,0.0,4763.0,72.2,20.0,f,INDIVIDUAL,0.0,0.0,1,8.0,0,6.9,0.277
20000.0,60,14.99,475.7,C5,MORTGAGE,82000.0,Verified,2014-08-01,debt_consolidation,6.26,1997-11-01,9.0,0.0,8708.0,55.5,35.0,w,INDIVIDUAL,9.0,0.0,1,7.0,0,16.7,0.244
4000.0,36,7.39,124.23,A4,MORTGAGE,109862.0,Source Verified,2016-05-01,car,8.21,2000-05-01,12.0,0.0,14021.0,69.6,31.0,w,INDIVIDUAL,3.0,0.0,0,10.0,0,16.0,0.036
9000.0,36,6.62,276.34,A2,MORTGAGE,78000.0,Not Verified,2013-08-01,debt_consolidation,10.8,2004-06-01,14.0,0.0,5847.0,17.7,23.0,w,INDIVIDUAL,3.0,0.0,0,6.0,0,9.2,0.115
20000.0,36,13.67,680.36,B5,MORTGAGE,70000.0,Source Verified,2013-11-01,debt_consolidation,28.48,2000-06-01,15.0,0.0,37281.0,84.9,50.0,f,INDIVIDUAL,4.0,0.0,0,0.0,0,13.4,0.286
16000.0,36,8.67,506.35,B1,MORTGAGE,60000.0,Source Verified,2014-11-01,car,19.35,2003-12-01,25.0,0.0,13963.0,14.9,43.0,f,INDIVIDUAL,6.0,0.0,1,10.0,0,10.9,0.267
13200.0,60,17.27,329.98,D3,RENT,40000.0,Verified,2011-12-01,credit_card,24.36,1998-01-01,11.0,0.0,18251.0,61.0,20.0,f,INDIVIDUAL,1.0,0.0,0,7.0,0,13.9,0.33
16000.0,60,16.29,391.56,D2,RENT,56000.0,Verified,2014-07-01,credit_card,18.8,2003-03-01,39.0,0.0,6177.0,66.4,61.0,w,INDIVIDUAL,0.0,0.0,0,2.0,0,11.3,0.286
10000.0,36,10.15,323.38,B2,RENT,46453.0,Not Verified,2014-07-01,credit_card,10.62,1995-10-01,6.0,1.0,12738.0,82.7,7.0,w,INDIVIDUAL,0.0,1.0,0,10.0,0,18.7,0.215
21000.0,36,15.99,738.2,D2,MORTGAGE,100000.0,Verified,2015-02-01,debt_consolidation,19.85,1989-11-01,21.0,0.0,63907.0,75.8,40.0,f,INDIVIDUAL,3.0,0.0,1,10.0,0,25.3,0.21
15000.0,36,12.12,499.08,B3,OWN,120000.0,Not Verified,2013-02-01,debt_consolidation,7.8,2009-04-01,7.0,0.0,10379.0,67.8,8.0,f,INDIVIDUAL,0.0,0.0,0,9.0,0,3.8,0.125
7075.0,36,15.61,247.38,C5,RENT,46500.0,Not Verified,2014-03-01,debt_consolidation,5.94,2003-10-01,11.0,1.0,4973.0,43.6,19.0,f,INDIVIDUAL,0.0,1.0,1,2.0,0,10.4,0.152
28000.0,60,14.47,658.36,C2,MORTGAGE,80000.0,Source Verified,2013-12-01,credit_card,23.11,1999-01-01,10.0,0.0,23743.0,75.9,43.0,w,INDIVIDUAL,3.0,0.0,0,10.0,0,14.9,0.35
10000.0,60,20.49,267.68,E2,MORTGAGE,80662.0,Source Verified,2014-03-01,debt_consolidation,26.72,1990-10-01,21.0,0.0,49234.0,84.9,32.0,w,INDIVIDUAL,3.0,0.0,0,2.0,0,23.4,0.124
2700.0,36,13.67,91.85,B5,MORTGAGE,40000.0,Verified,2013-09-01,debt_consolidation,29.61,2002-04-01,18.0,0.0,15140.0,56.9,32.0,f,INDIVIDUAL,1.0,0.0,0,5.0,0,11.4,0.068
3550.0,36,19.52,131.07,E2,OWN,29000.0,Not Verified,2014-10-01,debt_consolidation,6.87,2009-09-01,7.0,0.0,3017.0,62.9,8.0,f,INDIVIDUAL,0.0,0.0,0,5.0,0,5.1,0.122
14650.0,36,11.55,483.45,B3,MORTGAGE,160000.0,Source Verified,2013-07-01,debt_consolidation,8.32,2002-11-01,10.0,0.0,10830.0,80.8,18.0,f,INDIVIDUAL,2.0,0.0,0,5.0,0,10.7,0.092
25000.0,60,22.95,704.05,F1,MORTGAGE,95000.0,Verified,2013-06-01,debt_consolidation,16.7,1983-04-01,19.0,0.0,25843.0,68.0,33.0,w,INDIVIDUAL,2.0,0.0,0,9.0,0,30.2,0.263
10575.0,36,12.35,353.02,B4,OWN,31000.0,Not Verified,2013-08-01,debt_consolidation,25.7,1999-07-01,14.0,0.0,12497.0,55.5,29.0,w,INDIVIDUAL,4.0,0.0,0,8.0,0,14.1,0.341
24500.0,60,13.66,565.77,C3,MORTGAGE,71000.0,Source Verified,2015-01-01,debt_consolidation,10.11,2000-08-01,11.0,0.0,22328.0,59.9,20.0,w,INDIVIDUAL,2.0,0.0,0,0.0,0,14.4,0.345
5000.0,36,8.9,158.77,A5,RENT,55000.0,Not Verified,2012-02-01,vacation,10.31,2001-07-01,4.0,0.0,4634.0,41.4,15.0,f,INDIVIDUAL,0.0,0.0,0,3.0,0,10.6,0.091
22000.0,60,18.49,564.54,D2,RENT,69000.0,Verified,2012-08-01,credit_card,14.12,1998-11-01,5.0,0.0,22966.0,82.0,16.0,f,INDIVIDUAL,5.0,0.0,0,4.0,0,13.7,0.319
6000.0,36,10.99,196.41,B4,RENT,18000.0,Source Verified,2015-04-01,credit_card,21.33,2002-12-01,14.0,0.0,2829.0,27.5,38.0,w,INDIVIDUAL,2.0,0.0,1,0.0,0,12.3,0.333
15000.0,60,18.25,382.95,D3,RENT,65000.0,Verified,2014-01-01,debt_consolidation,12.05,2001-10-01,15.0,0.0,10692.0,45.7,42.0,f,INDIVIDUAL,0.0,0.0,0,1.0,0,12.3,0.231
15000.0,36,11.99,498.15,B3,RENT,40000.0,Verified,2013-11-01,debt_consolidation,29.52,1995-08-01,8.0,0.0,4197.0,56.7,28.0,w,INDIVIDUAL,0.0,0.0,1,6.0,1,18.3,0.375
6300.0,36,8.19,197.98,A5,RENT,32000.0,Source Verified,2014-12-01,credit_card,20.07,2003-01-01,11.0,1.0,4059.0,49.5,25.0,f,INDIVIDUAL,2.0,1.0,0,3.0,0,11.9,0.197
10000.0,36,13.11,337.47,B4,MORTGAGE,90000.0,Not Verified,2013-01-01,credit_card,19.01,1989-08-01,11.0,0.0,14426.0,84.4,27.0,f,INDIVIDUAL,3.0,0.0,0,9.0,0,23.4,0.111
5000.0,36,14.65,172.48,C3,OWN,75000.0,Source Verified,2011-11-01,debt_consolidation,13.06,2007-02-01,6.0,0.0,15611.0,83.0,16.0,f,INDIVIDUAL,0.0,0.0,0,0.0,0,4.7,0.067
35000.0,60,22.47,976.04,E5,MORTGAGE,78660.0,Verified,2013-04-01,debt_consolidation,25.52,1988-04-01,21.0,0.0,17004.0,58.0,31.0,f,INDIVIDUAL,1.0,0.0,0,10.0,0,25.0,0.445
2000.0,36,13.67,68.04,C4,MORTGAGE,51000.0,Source Verified,2015-11-01,other,5.34,1985-08-01,5.0,0.0,49680.0,0.0,20.0,w,INDIVIDUAL,2.0,0.0,0,6.0,1,30.3,0.039
7775.0,36,20.99,292.89,E4,RENT,38000.0,Not Verified,2014-06-01,house,22.17,2007-03-01,9.0,0.0,6474.0,78.0,10.0,w,INDIVIDUAL,0.0,0.0,0,2.0,0,7.3,0.205
8500.0,36,13.11,286.85,B4,RENT,25500.0,Source Verified,2013-06-01,debt_consolidation,11.72,2004-02-01,9.0,0.0,8590.0,47.7,22.0,w,INDIVIDUAL,2.0,0.0,0,2.0,0,9.3,0.333
17000.0,36,8.39,535.79,A5,MORTGAGE,65000.0,Not Verified,2014-08-01,debt_consolidation,15.42,2000-06-01,10.0,0.0,18712.0,67.6,32.0,f,INDIVIDUAL,5.0,0.0,0,5.0,0,14.2,0.262
10000.0,36,6.24,305.31,A2,OWN,95000.0,Verified,2015-07-01,credit_card,25.69,1989-04-01,12.0,0.0,31142.0,49.7,35.0,w,INDIVIDUAL,3.0,0.0,1,10.0,0,26.2,0.105
30000.0,60,16.77,741.88,E2,MORTGAGE,170000.0,Source Verified,2011-02-01,debt_consolidation,13.37,1992-06-01,15.0,0.0,11160.0,19.0,39.0,f,INDIVIDUAL,2.0,0.0,1,5.0,0,18.7,0.176
8600.0,36,11.99,285.61,B3,RENT,33000.0,Source Verified,2013-09-01,credit_card,18.65,2000-05-01,4.0,1.0,8193.0,65.5,10.0,f,INDIVIDUAL,0.0,1.0,0,0.0,0,13.3,0.261
24575.0,36,14.33,843.86,C1,OWN,55000.0,Verified,2012-12-01,debt_consolidation,31.46,2002-01-01,8.0,0.0,9178.0,60.4,19.0,f,INDIVIDUAL,0.0,0.0,1,3.0,0,10.9,0.447
11000.0,36,12.85,369.84,B4,MORTGAGE,39360.0,Source Verified,2014-01-01,credit_card,20.52,2007-10-01,11.0,1.0,10205.0,41.3,12.0,w,INDIVIDUAL,1.0,1.0,0,6.0,1,6.3,0.279
13600.0,60,25.8,405.59,G1,MORTGAGE,57000.0,Verified,2013-08-01,debt_consolidation,15.28,2002-02-01,13.0,0.0,18691.0,38.8,31.0,w,INDIVIDUAL,3.0,0.0,0,10.0,0,11.5,0.239
3325.0,36,19.19,122.21,E3,MORTGAGE,33000.0,Verified,2015-06-01,debt_consolidation,31.42,1994-04-01,10.0,0.0,6700.0,77.0,24.0,f,INDIVIDUAL,4.0,0.0,1,10.0,0,21.2,0.101
18000.0,36,11.99,597.78,B3,MORTGAGE,97000.0,Verified,2013-12-01,debt_consolidation,6.68,1991-08-01,12.0,0.0,15783.0,45.4,21.0,f,INDIVIDUAL,3.0,0.0,0,10.0,0,22.3,0.186
3000.0,36,7.9,93.88,A4,RENT,24000.0,Not Verified,2012-11-01,major_purchase,22.8,2001-05-01,6.0,0.0,4791.0,57.7,8.0,w,INDIVIDUAL,0.0,0.0,0,7.0,0,11.5,0.125
20000.0,60,20.99,540.96,E4,MORTGAGE,61500.0,Source Verified,2014-08-01,debt_consolidation,27.14,1992-08-01,20.0,1.0,19301.0,67.3,48.0,w,INDIVIDUAL,2.0,0.0,1,6.0,0,22.0,0.325
10000.0,36,12.42,334.16,B4,RENT,54000.0,Source Verified,2012-01-01,other,2.44,2006-08-01,4.0,0.0,2044.0,16.9,5.0,f,INDIVIDUAL,0.0,0.0,0,1.0,0,5.4,0.185
30000.0,36,12.69,1006.35,C2,MORTGAGE,102396.0,Source Verified,2015-10-01,debt_consolidation,24.79,1995-10-01,14.0,0.0,21555.0,67.4,47.0,w,INDIVIDUAL,5.0,0.0,0,10.0,0,20.0,0.293
10000.0,36,9.99,322.63,B1,RENT,43000.0,Not Verified,2013-10-01,credit_card,9.04,2000-01-01,8.0,1.0,9881.0,43.5,17.0,w,INDIVIDUAL,0.0,1.0,0,10.0,0,13.7,0.233
20000.0,36,7.89,625.72,A5,MORTGAGE,110000.0,Source Verified,2015-04-01,debt_consolidation,9.61,1994-02-01,6.0,2.0,2861.0,13.3,12.0,w,INDIVIDUAL,0.0,0.0,0,10.0,0,21.2,0.182
25375.0,36,14.98,879.39,C3,MORTGAGE,57000.0,Verified,2013-12-01,credit_card,19.03,2000-05-01,8.0,0.0,121202.0,54.6,21.0,w,INDIVIDUAL,2.0,0.0,0,1.0,0,13.6,0.445
6000.0,36,9.76,192.93,B1,RENT,120000.0,Verified,2012-05-01,small_business,9.61,1996-06-01,3.0,0.0,268.0,53.6,19.0,f,INDIVIDUAL,3.0,0.0,0,7.0,0,15.9,0.05
25000.0,36,17.56,898.31,D1,MORTGAGE,212000.0,Verified,2013-08-01,other,14.2,1998-01-01,17.0,0.0,27301.0,75.2,62.0,w,INDIVIDUAL,8.0,0.0,0,6.0,1,15.6,0.118
3500.0,36,12.99,117.92,C2,RENT,58000.0,Source Verified,2015-01-01,other,21.17,1987-01-01,10.0,2.0,5473.0,51.6,36.0,f,INDIVIDUAL,0.0,0.0,0,10.0,0,28.0,0.06
4800.0,36,9.25,153.2,A5,MORTGAGE,46000.0,Not Verified,2013-10-01,debt_consolidation,13.25,1999-12-01,8.0,0.0,9767.0,58.9,19.0,w,INDIVIDUAL,1.0,0.0,0,6.0,0,13.8,0.104
15000.0,36,14.46,516.03,C4,MORTGAGE,77689.0,Verified,2016-03-01,debt_consolidation,20.79,2004-07-01,6.0,2.0,10437.0,89.2,22.0,w,INDIVIDUAL,0.0,0.0,0,3.0,0,11.7,0.193
5000.0,36,19.47,184.48,D5,RENT,50000.0,Not Verified,2014-03-01,major_purchase,1.13,2006-10-01,4.0,0.0,2022.0,30.2,15.0,w,INDIVIDUAL,0.0,0.0,0,10.0,0,7.4,0.1
9000.0,36,12.12,299.45,B3,RENT,50000.0,Not Verified,2013-05-01,debt_consolidation,14.9,2003-05-01,4.0,0.0,6968.0,61.7,21.0,f,INDIVIDUAL,0.0,0.0,0,7.0,0,10.0,0.18
20000.0,36,15.99,703.05,D2,MORTGAGE,94000.0,Verified,2015-02-01,debt_consolidation,20.16,1996-12-01,6.0,1.0,6.0,0.1,46.0,f,INDIVIDUAL,5.0,1.0,0,0.0,0,18.2,0.213
13000.0,60,7.89,262.91,A5,RENT,37000.0,Source Verified,2015-04-01,credit_card,18.07,1990-12-01,8.0,0.0,11518.0,29.2,18.0,w,INDIVIDUAL,0.0,0.0,0,9.0,0,24.3,0.351
7000.0,36,13.57,237.78,C3,OWN,39996.0,Not Verified,2009-10-01,other,16.32,1997-07-01,3.0,0.0,911.0,45.5,8.0,f,INDIVIDUAL,0.0,0.0,0,10.0,0,12.3,0.175
4000.0,36,9.76,128.62,B1,MORTGAGE,48000.0,Source Verified,2012-04-01,home_improvement,23.75,2000-09-01,11.0,0.0,13136.0,76.8,43.0,f,INDIVIDUAL,4.0,0.0,0,9.0,0,11.6,0.083
24000.0,36,11.53,791.77,B5,RENT,172000.0,Source Verified,2015-07-01,debt_consolidation,27.04,1987-11-01,15.0,0.0,31865.0,95.1,37.0,f,INDIVIDUAL,1.0,0.0,0,10.0,0,27.7,0.14
22750.0,36,19.99,845.36,E1,OWN,60000.0,Source Verified,2014-03-01,debt_consolidation,4.18,1993-09-01,11.0,1.0,9587.0,34.9,33.0,w,INDIVIDUAL,1.0,1.0,0,7.0,0,20.5,0.379
23500.0,36,15.33,647.79,D3,MORTGAGE,64800.0,Not Verified,2010-05-01,debt_consolidation,24.46,1990-02-01,14.0,0.0,27639.0,72.4,31.0,f,INDIVIDUAL,2.0,0.0,1,6.0,1,20.2,0.363
8200.0,36,16.49,290.28,D3,MORTGAGE,55600.0,Not Verified,2015-01-01,debt_consolidation,31.99,1999-12-01,14.0,0.0,36376.0,92.6,30.0,f,INDIVIDUAL,3.0,0.0,0,6.0,0,15.1,0.147
35000.0,60,17.86,886.11,D5,RENT,70000.0,Verified,2015-03-01,credit_card,37.24,2005-09-01,16.0,0.0,40238.0,57.9,28.0,w,INDIVIDUAL,0.0,0.0,0,8.0,0,9.5,0.5
12000.0,60,14.98,285.36,C3,OWN,40000.0,Verified,2014-01-01,debt_consolidation,13.48,1997-01-01,13.0,0.0,6421.0,33.8,28.0,f,INDIVIDUAL,0.0,0.0,1,4.0,0,17.0,0.3
5000.0,36,17.27,178.94,C5,RENT,38000.0,Not Verified,2013-02-01,credit_card,18.13,2002-04-01,10.0,0.0,5552.0,89.5,19.0,w,INDIVIDUAL,0.0,0.0,0,5.0,0,10.8,0.132
30000.0,36,14.99,1039.82,C5,MORTGAGE,115000.0,Verified,2014-11-01,debt_consolidation,9.87,1994-10-01,11.0,0.0,14764.0,83.4,14.0,f,INDIVIDUAL,1.0,0.0,0,0.0,0,20.1,0.261
21500.0,60,17.27,537.46,C5,MORTGAGE,54000.0,Verified,2013-03-01,credit_card,23.44,2005-04-01,11.0,0.0,20774.0,96.2,24.0,f,INDIVIDUAL,5.0,0.0,1,6.0,0,7.9,0.398
15000.0,36,11.53,494.86,B5,RENT,38300.0,Verified,2015-08-01,credit_card,24.95,2007-07-01,17.0,0.0,12943.0,60.8,33.0,w,INDIVIDUAL,0.0,0.0,1,2.0,0,8.1,0.392
2200.0,36,9.91,70.9,B1,RENT,26004.0,Verified,2011-12-01,debt_consolidation,14.95,2003-01-01,3.0,0.0,3820.0,61.6,7.0,f,INDIVIDUAL,0.0,0.0,1,8.0,0,8.9,0.085
24000.0,36,10.99,785.62,B3,MORTGAGE,95000.0,Verified,2011-08-01,credit_card,12.33,1992-12-01,22.0,0.0,10332.0,14.8,47.0,f,INDIVIDUAL,3.0,0.0,0,1.0,0,18.7,0.253
4000.0,36,12.99,134.76,C2,MORTGAGE,58000.0,Source Verified,2016-04-01,other,15.33,2003-08-01,15.0,1.0,1185.0,4.4,25.0,f,INDIVIDUAL,1.0,1.0,0,2.0,0,12.7,0.069
7500.0,36,9.67,240.85,B1,RENT,66000.0,Not Verified,2013-12-01,credit_card,18.38,2002-09-01,17.0,0.0,6912.0,81.3,42.0,f,INDIVIDUAL,0.0,0.0,0,0.0,0,11.2,0.114
6000.0,36,12.69,201.27,C2,MORTGAGE,72400.0,Not Verified,2015-07-01,debt_consolidation,11.27,2000-03-01,11.0,0.0,7258.0,36.5,16.0,w,INDIVIDUAL,2.0,0.0,0,3.0,0,15.3,0.083
19200.0,36,10.16,620.98,B1,RENT,48000.0,Source Verified,2013-06-01,debt_consolidation,14.2,1999-06-01,7.0,0.0,16429.0,48.6,21.0,f,INDIVIDUAL,0.0,0.0,0,1.0,0,14.0,0.4
8000.0,36,14.65,275.96,C5,RENT,65000.0,Source Verified,2015-07-01,debt_consolidation,33.18,2007-07-01,22.0,0.0,23090.0,81.3,35.0,w,INDIVIDUAL,0.0,0.0,1,1.0,0,8.0,0.123
24000.0,60,15.61,578.68,C5,RENT,90000.0,Source Verified,2014-05-01,debt_consolidation,14.97,2002-10-01,9.0,0.0,14268.0,77.5,24.0,w,INDIVIDUAL,2.0,0.0,0,5.0,0,11.6,0.267
6650.0,36,12.49,222.44,B5,MORTGAGE,53436.0,Verified,2014-05-01,debt_consolidation,20.55,2000-11-01,17.0,0.0,14184.0,43.1,31.0,f,INDIVIDUAL,2.0,0.0,1,10.0,0,13.5,0.124
2500.0,36,17.86,90.21,D5,MORTGAGE,93349.0,Verified,2015-09-01,debt_consolidation,10.44,1997-09-01,6.0,0.0,2419.0,51.5,39.0,w,INDIVIDUAL,2.0,0.0,0,10.0,0,18.0,0.027
17000.0,36,15.8,596.0,C3,RENT,55000.0,Not Verified,2012-08-01,debt_consolidation,20.42,1998-06-01,9.0,0.0,22169.0,91.2,16.0,f,INDIVIDUAL,0.0,0.0,0,1.0,0,14.2,0.309
20000.0,36,17.27,715.75,D2,MORTGAGE,55000.0,Source Verified,2016-03-01,debt_consolidation,26.66,1987-09-01,24.0,0.0,25808.0,30.7,59.0,w,INDIVIDUAL,1.0,0.0,1,10.0,0,28.5,0.364
21000.0,60,15.88,509.35,C4,MORTGAGE,99000.0,Verified,2013-07-01,debt_consolidation,9.24,2008-02-01,5.0,0.0,18985.0,70.1,9.0,w,INDIVIDUAL,0.0,0.0,0,4.0,0,5.4,0.212
21000.0,60,12.99,477.71,B5,MORTGAGE,110000.0,Verified,2014-02-01,debt_consolidation,17.54,1999-03-01,11.0,0.0,20674.0,84.7,28.0,w,INDIVIDUAL,4.0,0.0,0,10.0,0,14.9,0.191
12000.0,36,11.99,398.52,B3,MORTGAGE,60000.0,Not Verified,2014-03-01,debt_consolidation,17.84,1991-05-01,10.0,0.0,25847.0,75.8,29.0,w,INDIVIDUAL,3.0,0.0,0,10.0,0,22.8,0.2
8000.0,36,13.98,273.35,C1,MORTGAGE,81000.0,Verified,2014-02-01,debt_consolidation,4.64,1997-12-01,15.0,0.0,3992.0,42.9,43.0,f,INDIVIDUAL,7.0,0.0,0,10.0,0,16.2,0.099
24325.0,60,18.99,630.88,E3,MORTGAGE,121000.0,Not Verified,2015-12-01,major_purchase,38.29,1995-03-01,18.0,0.0,48003.0,83.6,34.0,w,INDIVIDUAL,6.0,0.0,0,3.0,0,20.8,0.201
4500.0,36,12.12,149.73,B3,MORTGAGE,15000.0,Verified,2013-05-01,home_improvement,15.84,1997-07-01,7.0,0.0,5629.0,72.2,16.0,f,INDIVIDUAL,2.0,0.0,1,6.0,1,15.8,0.3
12000.0,60,13.98,279.1,C3,RENT,48000.0,Source Verified,2014-08-01,credit_card,29.53,2002-10-01,15.0,0.0,12098.0,54.7,31.0,w,INDIVIDUAL,0.0,0.0,0,7.0,0,11.8,0.25
10000.0,36,13.98,341.68,C3,RENT,61000.0,Source Verified,2014-10-01,debt_consolidation,18.45,2000-08-01,6.0,0.0,13674.0,89.4,20.0,f,INDIVIDUAL,0.0,0.0,1,10.0,0,14.2,0.164
7750.0,36,6.62,237.96,A2,OWN,30160.0,Source Verified,2012-12-01,debt_consolidation,29.48,1998-12-01,14.0,0.0,1717.0,9.3,23.0,w,INDIVIDUAL,0.0,0.0,0,9.0,0,14.0,0.257
32500.0,36,13.53,1103.37,B5,OWN,80000.0,Verified,2014-01-01,debt_consolidation,18.81,1972-12-01,14.0,0.0,24212.0,29.2,27.0,w,INDIVIDUAL,1.0,0.0,1,10.0,0,41.1,0.406
8000.0,36,11.99,265.68,B5,RENT,44000.0,Not Verified,2015-02-01,debt_consolidation,14.2,2007-09-01,15.0,0.0,5979.0,81.7,26.0,w,INDIVIDUAL,0.0,0.0,0,0.0,0,7.4,0.182
8000.0,36,10.74,260.93,B2,RENT,45000.0,Not Verified,2012-05-01,debt_consolidation,21.98,1997-10-01,18.0,1.0,9523.0,44.9,24.0,f,INDIVIDUAL,0.0,0.0,0,9.0,0,14.6,0.178
1000.0,36,13.35,33.87,C2,RENT,75000.0,Not Verified,2014-10-01,debt_consolidation,21.9,2001-08-01,9.0,0.0,10621.0,96.6,20.0,f,INDIVIDUAL,0.0,0.0,0,10.0,0,13.2,0.013
25000.0,60,18.49,641.52,E2,MORTGAGE,153000.0,Verified,2015-11-01,debt_consolidation,17.93,1972-12-01,16.0,0.0,92053.0,87.3,25.0,w,INDIVIDUAL,5.0,0.0,0,6.0,1,42.9,0.163
24000.0,60,20.99,649.15,E4,MORTGAGE,65112.6,Source Verified,2015-01-01,credit_card,28.4,2004-01-01,11.0,0.0,19610.0,90.0,22.0,w,INDIVIDUAL,1.0,0.0,0,10.0,0,11.0,0.369
6000.0,36,16.59,212.7,D1,OWN,104000.0,Source Verified,2014-04-01,medical,12.47,1981-11-01,16.0,0.0,18953.0,74.6,28.0,f,INDIVIDUAL,0.0,0.0,0,10.0,0,32.4,0.058
15000.0,36,6.03,456.54,A1,OWN,65000.0,Not Verified,2015-01-01,debt_consolidation,20.96,2003-06-01,14.0,0.0,16510.0,44.7,33.0,f,INDIVIDUAL,0.0,0.0,0,3.0,0,11.6,0.231
13000.0,36,14.35,446.53,C4,MORTGAGE,65000.0,Source Verified,2010-08-01,credit_card,8.99,2000-11-01,6.0,0.0,11652.0,96.6,13.0,f,INDIVIDUAL,0.0,0.0,0,2.0,0,9.7,0.2
11000.0,36,7.29,341.11,A4,MORTGAGE,55400.0,Verified,2011-02-01,credit_card,11.5,2002-09-01,9.0,0.0,7004.0,33.8,20.0,f,INDIVIDUAL,1.0,0.0,0,8.0,0,8.4,0.199
22300.0,60,22.45,621.63,E5,RENT,62000.0,Verified,2014-03-01,debt_consolidation,27.51,1998-06-01,6.0,1.0,3917.0,33.0,23.0,f,INDIVIDUAL,2.0,1.0,0,10.0,0,15.7,0.36
7000.0,36,12.99,235.83,B5,MORTGAGE,35000.0,Verified,2014-03-01,small_business,11.47,2003-05-01,7.0,0.0,14706.0,65.9,14.0,f,INDIVIDUAL,1.0,0.0,1,10.0,0,10.8,0.2
10000.0,60,17.1,249.07,C5,RENT,62000.0,Source Verified,2013-10-01,debt_consolidation,5.55,1989-08-01,5.0,2.0,8724.0,25.1,18.0,f,INDIVIDUAL,0.0,2.0,0,8.0,0,24.2,0.161
24100.0,60,13.18,550.58,C3,RENT,105000.0,Verified,2015-12-01,debt_consolidation,31.97,1997-05-01,23.0,0.0,36781.0,46.0,41.0,f,INDIVIDUAL,0.0,0.0,1,3.0,0,18.6,0.23
16000.0,36,7.05,494.4,A1,MORTGAGE,241875.0,Not Verified,2009-12-01,car,6.4,1995-02-01,10.0,0.0,74927.0,13.9,24.0,f,INDIVIDUAL,1.0,0.0,0,4.0,0,14.8,0.066
12000.0,36,9.91,386.7,B1,RENT,80000.0,Not Verified,2012-01-01,credit_card,10.91,2005-12-01,14.0,0.0,13753.0,34.6,24.0,f,INDIVIDUAL,1.0,0.0,0,7.0,0,6.1,0.15
8000.0,36,6.97,246.91,A2,RENT,76000.0,Not Verified,2013-09-01,debt_consolidation,8.12,2003-10-01,6.0,0.0,7566.0,37.3,19.0,w,INDIVIDUAL,0.0,0.0,0,1.0,0,9.9,0.105
24000.0,36,12.29,800.48,C1,RENT,58000.0,Source Verified,2015-05-01,debt_consolidation,20.17,2006-12-01,8.0,0.0,13757.0,74.0,17.0,w,INDIVIDUAL,1.0,0.0,1,7.0,0,8.4,0.414
10000.0,36,17.57,359.38,D4,MORTGAGE,65000.0,Verified,2014-07-01,debt_consolidation,22.34,2006-03-01,12.0,0.0,18970.0,52.1,15.0,f,INDIVIDUAL,0.0,0.0,0,10.0,0,8.3,0.154
12000.0,36,14.33,412.06,C1,MORTGAGE,69000.0,Not Verified,2012-09-01,debt_consolidation,9.7,2002-05-01,10.0,0.0,20685.0,42.5,18.0,f,INDIVIDUAL,1.0,0.0,0,6.0,0,10.3,0.174
9600.0,36,10.99,314.25,B4,MORTGAGE,85000.0,Not Verified,2015-03-01,debt_consolidation,7.53,2003-02-01,13.0,0.0,9300.0,20.7,37.0,f,INDIVIDUAL,2.0,0.0,0,3.0,0,12.1,0.113
23000.0,36,10.99,752.89,B2,RENT,100000.0,Source Verified,2014-01-01,debt_consolidation,21.28,1999-08-01,17.0,0.0,22107.0,66.8,34.0,f,INDIVIDUAL,0.0,0.0,0,4.0,0,14.4,0.23
16400.0,60,19.99,434.41,E4,MORTGAGE,42000.0,Not Verified,2015-07-01,debt_consolidation,21.86,2004-10-01,6.0,0.0,18535.0,100.2,15.0,w,INDIVIDUAL,3.0,0.0,0,10.0,0,10.7,0.39
9600.0,36,12.12,319.41,B3,OWN,38000.0,Verified,2013-05-01,debt_consolidation,17.68,2004-03-01,14.0,0.0,3553.0,31.2,24.0,w,INDIVIDUAL,0.0,0.0,0,2.0,0,9.2,0.253
12500.0,36,12.49,418.12,B5,RENT,55000.0,Verified,2014-11-01,credit_card,4.6,2000-04-01,10.0,0.0,9624.0,31.2,20.0,w,INDIVIDUAL,1.0,0.0,1,7.0,0,14.6,0.227
10000.0,36,12.85,336.22,B4,MORTGAGE,130000.0,Source Verified,2013-12-01,debt_consolidation,21.24,1988-09-01,15.0,0.0,29409.0,90.8,31.0,w,INDIVIDUAL,2.0,0.0,1,10.0,0,25.2,0.077
14500.0,36,7.29,449.65,A4,OWN,44000.0,Source Verified,2011-01-01,debt_consolidation,17.89,1993-11-01,5.0,0.0,11009.0,51.0,11.0,f,INDIVIDUAL,0.0,0.0,0,10.0,0,17.2,0.33
9750.0,36,16.29,344.18,C4,RENT,29500.0,Not Verified,2013-02-01,debt_consolidation,14.86,2007-05-01,6.0,0.0,6757.0,58.2,7.0,f,INDIVIDUAL,0.0,0.0,0,4.0,0,5.8,0.331
35000.0,60,20.49,936.86,E1,MORTGAGE,85000.0,Verified,2012-12-01,credit_card,14.23,1989-06-01,13.0,0.0,39821.0,73.2,19.0,f,INDIVIDUAL,1.0,0.0,0,10.0,0,23.5,0.412
35000.0,60,25.8,1043.78,G1,MORTGAGE,90000.0,Verified,2015-01-01,debt_consolidation,24.04,1993-08-01,16.0,0.0,23901.0,64.2,40.0,w,INDIVIDUAL,6.0,0.0,0,10.0,0,21.4,0.389
8000.0,36,11.99,265.68,B3,MORTGAGE,95000.0,Source Verified,2013-12-01,debt_consolidation,13.16,1980-02-01,11.0,2.0,4062.0,35.6,25.0,f,INDIVIDUAL,0.0,1.0,1,0.0,0,33.8,0.084
5700.0,36,12.69,182.51,C2,RENT,36000.0,Not Verified,2015-04-01,debt_consolidation,13.7,2010-07-01,7.0,0.0,4014.0,36.8,11.0,w,INDIVIDUAL,0.0,0.0,0,6.0,1,4.8,0.158
18000.0,60,16.29,440.51,C4,MORTGAGE,99000.0,Verified,2013-05-01,debt_consolidation,19.64,1993-04-01,11.0,0.0,27001.0,90.0,32.0,f,INDIVIDUAL,6.0,0.0,0,10.0,0,20.1,0.182
26500.0,36,15.59,926.31,D1,MORTGAGE,108326.0,Source Verified,2015-01-01,debt_consolidation,16.63,2005-04-01,12.0,0.0,39153.0,87.6,19.0,f,INDIVIDUAL,4.0,0.0,0,1.0,0,9.8,0.245
11000.0,36,8.9,349.29,A5,RENT,36000.0,Not Verified,2013-07-01,credit_card,29.5,1999-12-01,10.0,0.0,14056.0,63.6,31.0,f,INDIVIDUAL,0.0,0.0,0,7.0,0,13.6,0.306
9325.0,36,10.16,301.6,B1,RENT,155000.0,Not Verified,2013-03-01,debt_consolidation,0.66,2010-01-01,3.0,0.0,971.0,31.3,4.0,f,INDIVIDUAL,0.0,0.0,0,5.0,0,3.2,0.06
10000.0,36,16.99,356.48,D3,RENT,36036.0,Verified,2014-07-01,debt_consolidation,17.72,2005-03-01,3.0,0.0,9522.0,62.2,6.0,f,INDIVIDUAL,0.0,0.0,0,1.0,0,9.3,0.278
9500.0,36,14.99,329.28,C5,OWN,90000.0,Not Verified,2014-09-01,small_business,1.03,2009-08-01,4.0,0.0,2805.0,58.4,14.0,f,INDIVIDUAL,0.0,0.0,1,6.0,1,5.1,0.106
6000.0,36,14.33,206.03,C1,RENT,54000.0,Source Verified,2013-04-01,debt_consolidation,13.82,1997-04-01,6.0,0.0,5860.0,80.3,23.0,f,INDIVIDUAL,0.0,0.0,0,10.0,0,16.0,0.111
18000.0,60,20.2,478.9,E3,MORTGAGE,45000.0,Source Verified,2014-08-01,debt_consolidation,19.49,1996-11-01,9.0,0.0,28666.0,78.5,32.0,w,INDIVIDUAL,5.0,0.0,0,10.0,0,17.7,0.4
6950.0,36,14.09,237.84,B5,MORTGAGE,58000.0,Verified,2012-09-01,debt_consolidation,21.29,1998-08-01,13.0,0.0,20007.0,70.7,32.0,f,INDIVIDUAL,7.0,0.0,0,2.0,0,14.1,0.12
6350.0,36,14.48,218.52,C5,MORTGAGE,56000.0,Not Verified,2015-12-01,debt_consolidation,20.62,1990-11-01,14.0,2.0,1294.0,4.0,36.0,w,INDIVIDUAL,0.0,1.0,0,8.0,0,25.1,0.113
7200.0,36,14.99,249.56,C5,RENT,56000.0,Verified,2014-11-01,debt_consolidation,23.25,2003-10-01,9.0,0.0,6426.0,60.6,43.0,w,INDIVIDUAL,1.0,0.0,0,7.0,0,11.1,0.129
14000.0,36,8.18,439.88,B1,MORTGAGE,65000.0,Not Verified,2015-11-01,debt_consolidation,22.95,1999-03-01,18.0,0.0,15926.0,33.0,30.0,w,INDIVIDUAL,1.0,0.0,0,10.0,0,16.7,0.215
24000.0,60,23.28,680.44,F2,MORTGAGE,67000.0,Verified,2013-05-01,other,15.55,2006-05-01,10.0,0.0,17155.0,80.2,21.0,f,INDIVIDUAL,1.0,0.0,0,7.0,0,7.0,0.358
24000.0,60,14.64,566.44,C3,MORTGAGE,110000.0,Not Verified,2014-03-01,credit_card,14.24,1988-11-01,9.0,0.0,44706.0,53.7,17.0,w,INDIVIDUAL,2.0,0.0,0,10.0,0,25.3,0.218
13000.0,36,12.05,432.1,C1,OWN,38400.0,Verified,2015-11-01,credit_card,32.78,2012-09-01,7.0,0.0,10567.0,52.8,10.0,w,INDIVIDUAL,0.0,0.0,0,10.0,0,3.2,0.339
11000.0,36,7.9,344.2,A4,RENT,60000.0,Source Verified,2014-01-01,debt_consolidation,7.62,2007-11-01,12.0,0.0,759.0,1.8,16.0,f,INDIVIDUAL,0.0,0.0,0,6.0,0,6.2,0.183
26425.0,36,11.53,871.77,B5,MORTGAGE,250000.0,Source Verified,2015-09-01,debt_consolidation,20.54,1987-11-01,22.0,0.0,54855.0,77.0,56.0,f,INDIVIDUAL,3.0,0.0,0,1.0,0,27.8,0.106
6000.0,36,7.9,187.75,A4,MORTGAGE,72000.0,Verified,2013-03-01,car,17.08,1993-10-01,13.0,0.0,9138.0,21.9,35.0,w,INDIVIDUAL,3.0,0.0,0,10.0,0,19.4,0.083
30000.0,36,13.33,1015.6,C3,MORTGAGE,109000.0,Source Verified,2015-08-01,debt_consolidation,25.26,1973-11-01,12.0,0.0,98999.0,64.0,20.0,f,INDIVIDUAL,1.0,0.0,0,10.0,0,41.7,0.275
15000.0,36,9.99,483.94,B3,RENT,57000.0,Not Verified,2015-02-01,debt_consolidation,29.35,2004-03-01,14.0,0.0,2029.0,11.8,34.0,f,INDIVIDUAL,0.0,0.0,1,2.0,0,10.9,0.263
10200.0,36,18.99,373.84,E1,OWN,20400.0,Verified,2016-01-01,debt_consolidation,21.71,2006-02-01,10.0,1.0,10933.0,27.2,14.0,f,INDIVIDUAL,1.0,1.0,0,6.0,1,9.9,0.5
10000.0,36,6.89,308.27,A3,RENT,170000.0,Not Verified,2015-09-01,debt_consolidation,15.93,1993-11-01,17.0,0.0,6660.0,13.9,28.0,f,INDIVIDUAL,0.0,0.0,0,6.0,0,21.8,0.059
23000.0,36,18.25,834.4,D3,RENT,50000.0,Source Verified,2016-02-01,debt_consolidation,7.83,2007-08-01,7.0,0.0,3250.0,13.8,10.0,w,INDIVIDUAL,0.0,0.0,0,2.0,0,8.5,0.46
4725.0,36,8.9,150.04,A5,RENT,60000.0,Not Verified,2012-09-01,debt_consolidation,26.35,1998-06-01,16.0,0.0,25204.0,81.3,29.0,f,INDIVIDUAL,0.0,0.0,0,6.0,0,14.3,0.079
32000.0,60,24.5,929.89,F3,MORTGAGE,85000.0,Verified,2013-07-01,debt_consolidation,17.72,1990-12-01,18.0,0.0,24138.0,66.5,36.0,w,INDIVIDUAL,3.0,0.0,0,10.0,0,22.6,0.376
10000.0,36,13.67,340.18,B5,MORTGAGE,75000.0,Source Verified,2012-03-01,major_purchase,15.76,1996-08-01,13.0,0.0,15337.0,83.4,24.0,f,INDIVIDUAL,1.0,0.0,0,10.0,0,15.6,0.133
27300.0,36,17.57,981.09,D4,OWN,72000.0,Verified,2014-08-01,debt_consolidation,12.87,2003-05-01,8.0,0.0,22514.0,73.6,13.0,w,INDIVIDUAL,1.0,0.0,0,2.0,0,11.3,0.379
2400.0,36,20.2,89.44,D5,MORTGAGE,86500.0,Verified,2013-09-01,other,15.98,1987-10-01,13.0,0.0,22015.0,84.7,37.0,f,INDIVIDUAL,5.0,0.0,0,10.0,0,25.9,0.028
19200.0,36,9.67,616.56,B1,MORTGAGE,105000.0,Not Verified,2014-04-01,debt_consolidation,13.02,1996-10-01,12.0,0.0,65144.0,83.0,27.0,w,INDIVIDUAL,2.0,0.0,0,3.0,0,17.5,0.183
11625.0,60,15.99,282.64,D2,OWN,32500.0,Not Verified,2014-11-01,debt_consolidation,28.14,1997-07-01,10.0,0.0,25570.0,81.2,25.0,w,INDIVIDUAL,1.0,0.0,1,3.0,0,17.3,0.358
1500.0,36,19.97,55.73,D5,RENT,30000.0,Not Verified,2013-12-01,other,5.72,1997-02-01,6.0,0.0,5747.0,67.6,8.0,f,INDIVIDUAL,0.0,0.0,0,0.0,0,16.8,0.05
10000.0,36,10.99,327.34,B2,RENT,90000.0,Source Verified,2013-10-01,debt_consolidation,6.23,2010-05-01,6.0,0.0,2654.0,23.1,6.0,f,INDIVIDUAL,0.0,0.0,0,4.0,0,3.4,0.111
5375.0,36,15.61,187.94,C5,RENT,31000.0,Verified,2014-03-01,debt_consolidation,30.35,1989-12-01,8.0,1.0,3673.0,50.0,20.0,f,INDIVIDUAL,0.0,1.0,1,10.0,0,24.2,0.173
25000.0,60,18.25,638.25,E1,MORTGAGE,50000.0,Verified,2015-08-01,debt_consolidation,15.53,1998-04-01,5.0,0.0,3942.0,73.0,11.0,w,INDIVIDUAL,0.0,0.0,0,5.0,0,17.3,0.5
24000.0,36,7.62,747.88,A3,MORTGAGE,165000.0,Verified,2013-04-01,home_improvement,13.97,1992-04-01,10.0,0.0,5680.0,78.6,25.0,f,INDIVIDUAL,1.0,0.0,0,7.0,0,21.0,0.145
20000.0,36,10.74,652.32,B2,RENT,60000.0,Verified,2012-03-01,debt_consolidation,19.79,2001-11-01,12.0,0.0,39776.0,65.6,19.0,f,INDIVIDUAL,1.0,0.0,0,5.0,0,10.3,0.333
8000.0,36,12.99,269.52,B4,RENT,35000.0,Verified,2013-10-01,credit_card,24.69,1990-12-01,14.0,0.0,17881.0,48.1,26.0,f,INDIVIDUAL,0.0,0.0,0,0.0,0,22.8,0.229
14000.0,36,12.59,468.96,C2,MORTGAGE,160000.0,Verified,2015-11-01,debt_consolidation,18.56,1999-03-01,9.0,0.0,23378.0,58.6,26.0,f,INDIVIDUAL,1.0,0.0,0,10.0,0,16.7,0.088
14000.0,36,6.03,426.1,A1,MORTGAGE,75000.0,Not Verified,2013-06-01,home_improvement,1.47,1998-01-01,8.0,0.0,0.0,0.0,23.0,f,INDIVIDUAL,4.0,0.0,0,9.0,0,15.4,0.187
11075.0,60,20.2,294.66,E3,RENT,40000.0,Verified,2014-10-01,debt_consolidation,20.58,1995-11-01,13.0,0.0,11236.0,39.8,31.0,f,INDIVIDUAL,3.0,0.0,1,7.0,0,18.9,0.277
6000.0,36,8.67,189.88,B1,MORTGAGE,160000.0,Not Verified,2015-01-01,debt_consolidation,6.29,1997-06-01,17.0,0.0,33853.0,58.8,33.0,f,INDIVIDUAL,2.0,0.0,0,4.0,0,17.6,0.038
6400.0,36,17.76,230.61,D1,RENT,36576.0,Source Verified,2013-10-01,other,19.42,1996-06-01,5.0,0.0,7793.0,92.8,34.0,w,INDIVIDUAL,0.0,0.0,0,6.0,1,17.3,0.175
24500.0,36,7.9,766.62,A4,MORTGAGE,80000.0,Source Verified,2013-03-01,credit_card,9.75,1997-07-01,6.0,0.0,26550.0,73.7,11.0,f,INDIVIDUAL,1.0,0.0,0,7.0,0,15.7,0.306
13500.0,60,13.99,314.06,C1,MORTGAGE,106000.0,Verified,2012-03-01,debt_consolidation,12.59,2000-06-01,11.0,0.0,18978.0,46.9,23.0,f,INDIVIDUAL,1.0,0.0,0,2.0,0,11.7,0.127
17200.0,60,16.55,423.32,D2,MORTGAGE,50000.0,Source Verified,2015-11-01,debt_consolidation,30.51,2002-12-01,8.0,0.0,8451.0,67.6,16.0,w,INDIVIDUAL,1.0,0.0,1,4.0,0,12.9,0.344
24000.0,36,7.62,747.88,A3,MORTGAGE,160000.0,Verified,2013-03-01,debt_consolidation,23.89,1988-09-01,14.0,0.0,64490.0,43.1,28.0,f,INDIVIDUAL,3.0,0.0,0,10.0,0,24.5,0.15
4000.0,36,13.99,136.7,C4,MORTGAGE,41468.0,Source Verified,2015-06-01,medical,10.39,1999-09-01,14.0,0.0,9136.0,60.1,20.0,f,INDIVIDUAL,2.0,0.0,0,10.0,0,15.7,0.096
15000.0,36,10.99,491.01,B2,MORTGAGE,250000.0,Verified,2013-12-01,debt_consolidation,8.37,2001-05-01,16.0,0.0,49968.0,71.9,35.0,w,INDIVIDUAL,3.0,0.0,0,10.0,0,12.6,0.06
9800.0,36,13.67,333.38,C3,RENT,38000.0,Verified,2016-05-01,debt_consolidation,25.74,1996-08-01,9.0,0.0,4159.0,42.0,20.0,w,INDIVIDUAL,0.0,0.0,0,6.0,1,19.7,0.258
15000.0,60,13.98,348.87,C3,RENT,56000.0,Source Verified,2014-11-01,debt_consolidation,26.0,2003-09-01,6.0,0.0,6976.0,91.8,16.0,w,INDIVIDUAL,0.0,0.0,0,7.0,0,11.2,0.268
12000.0,60,20.2,319.27,E3,MORTGAGE,64000.0,Verified,2014-09-01,debt_consolidation,15.28,1998-01-01,9.0,0.0,11808.0,51.3,17.0,f,INDIVIDUAL,2.0,0.0,0,6.0,0,16.7,0.188
10000.0,36,15.96,351.38,C5,RENT,61600.0,Verified,2012-01-01,debt_consolidation,24.76,1993-10-01,13.0,0.0,25813.0,84.2,31.0,f,INDIVIDUAL,2.0,0.0,1,10.0,0,18.3,0.162
24000.0,60,17.86,607.62,D5,RENT,65000.0,Source Verified,2015-06-01,moving,25.41,2005-03-01,5.0,0.0,13351.0,53.4,11.0,w,INDIVIDUAL,0.0,0.0,1,6.0,0,10.3,0.369
6600.0,36,14.49,227.15,C4,OWN,52000.0,Source Verified,2014-08-01,debt_consolidation,12.28,1999-07-01,9.0,0.0,7073.0,34.8,22.0,w,INDIVIDUAL,2.0,0.0,0,10.0,0,15.1,0.127
8000.0,36,12.39,267.21,C1,RENT,101000.0,Source Verified,2015-01-01,debt_consolidation,22.05,1986-02-01,13.0,2.0,13751.0,44.8,32.0,f,INDIVIDUAL,0.0,1.0,1,3.0,0,28.9,0.079
1000.0,36,19.52,36.92,D4,RENT,20300.0,Not Verified,2013-07-01,credit_card,27.43,2007-11-01,10.0,0.0,3837.0,87.2,15.0,f,INDIVIDUAL,0.0,0.0,0,5.0,0,5.7,0.049
1800.0,36,12.88,60.55,C2,RENT,70000.0,Verified,2016-02-01,debt_consolidation,20.57,2002-03-01,20.0,0.0,31723.0,27.1,51.0,f,INDIVIDUAL,1.0,0.0,0,1.0,0,13.9,0.026
5400.0,36,17.57,194.07,D4,MORTGAGE,47500.0,Source Verified,2014-10-01,debt_consolidation,12.46,2006-08-01,11.0,2.0,3012.0,31.1,23.0,f,INDIVIDUAL,0.0,0.0,0,5.0,0,8.2,0.114
5500.0,36,16.29,194.16,C4,MORTGAGE,39002.0,Source Verified,2012-07-01,debt_consolidation,7.26,2005-03-01,6.0,0.0,424.0,24.9,39.0,f,INDIVIDUAL,0.0,0.0,1,0.0,0,7.3,0.141
6000.0,36,7.88,187.69,A5,MORTGAGE,70000.0,Not Verified,2010-09-01,other,0.0,1990-05-01,7.0,0.0,0.0,0.0,25.0,f,INDIVIDUAL,1.0,0.0,0,6.0,0,20.3,0.086
3500.0,36,9.32,111.82,A4,MORTGAGE,87000.0,Source Verified,2009-03-01,other,13.5,1995-06-01,9.0,0.0,18695.0,53.7,31.0,f,INDIVIDUAL,2.0,0.0,0,9.0,0,13.7,0.04
6500.0,36,8.9,206.4,A5,MORTGAGE,23000.0,Not Verified,2012-03-01,debt_consolidation,12.89,2007-05-01,9.0,0.0,4489.0,47.8,11.0,f,INDIVIDUAL,0.0,0.0,0,5.0,0,4.8,0.283
10625.0,36,13.68,361.49,C1,RENT,30789.0,Not Verified,2013-08-01,credit_card,15.94,2007-12-01,5.0,0.0,4355.0,77.8,10.0,f,INDIVIDUAL,0.0,0.0,0,8.0,0,5.7,0.345
4000.0,36,13.33,135.42,C3,RENT,43000.0,Not Verified,2015-02-01,debt_consolidation,12.39,2011-01-01,3.0,0.0,5349.0,84.9,6.0,w,INDIVIDUAL,0.0,0.0,0,6.0,0,4.1,0.093
30000.0,60,18.92,776.9,D4,MORTGAGE,85000.0,Source Verified,2014-03-01,home_improvement,2.37,1999-02-01,13.0,1.0,4255.0,25.6,29.0,f,INDIVIDUAL,0.0,1.0,1,3.0,0,15.1,0.353
19600.0,60,19.97,518.96,D5,MORTGAGE,55000.0,Source Verified,2014-01-01,debt_consolidation,27.34,2004-04-01,13.0,0.0,14040.0,68.8,18.0,f,INDIVIDUAL,2.0,0.0,1,0.0,0,9.8,0.356
9000.0,36,14.33,309.05,C1,MORTGAGE,59000.0,Not Verified,2012-07-01,debt_consolidation,25.2,1994-12-01,8.0,0.0,34210.0,71.7,20.0,f,INDIVIDUAL,3.0,0.0,0,5.0,0,17.6,0.153
20000.0,36,9.67,642.25,B1,MORTGAGE,83382.0,Verified,2014-01-01,debt_consolidation,32.48,1984-03-01,13.0,0.0,26185.0,71.2,39.0,w,INDIVIDUAL,6.0,0.0,0,10.0,0,29.8,0.24
5500.0,36,9.67,176.62,B1,MORTGAGE,80000.0,Source Verified,2014-04-01,debt_consolidation,19.53,2001-02-01,11.0,1.0,4429.0,30.8,30.0,w,INDIVIDUAL,3.0,1.0,0,5.0,0,13.2,0.069
18000.0,36,11.99,597.78,B3,MORTGAGE,127512.0,Source Verified,2014-04-01,other,8.51,1996-03-01,4.0,0.0,16050.0,73.3,27.0,f,INDIVIDUAL,6.0,0.0,1,10.0,0,18.1,0.141
7200.0,36,12.85,242.08,B4,MORTGAGE,25000.0,Verified,2014-01-01,credit_card,13.39,1992-09-01,10.0,1.0,7784.0,54.0,47.0,f,INDIVIDUAL,5.0,1.0,0,6.0,1,21.3,0.288
10000.0,36,14.49,344.17,C4,RENT,36495.0,Source Verified,2014-08-01,debt_consolidation,38.11,2002-05-01,8.0,0.0,2869.0,86.9,17.0,f,INDIVIDUAL,0.0,0.0,1,4.0,0,12.3,0.274
7000.0,36,12.99,235.83,C2,RENT,100789.0,Verified,2016-02-01,renewable_energy,9.07,2006-11-01,4.0,1.0,4393.0,48.8,9.0,w,INDIVIDUAL,0.0,0.0,0,6.0,0,9.3,0.069
4300.0,36,18.55,156.65,D2,RENT,67300.0,Source Verified,2013-10-01,other,17.44,1991-11-01,9.0,0.0,27582.0,79.9,23.0,f,INDIVIDUAL,0.0,0.0,0,10.0,0,21.9,0.064
24000.0,60,20.3,639.87,E5,RENT,105000.0,Verified,2012-02-01,credit_card,13.12,1993-10-01,18.0,0.0,19868.0,81.1,29.0,f,INDIVIDUAL,2.0,0.0,0,6.0,0,18.3,0.229
8000.0,36,12.49,267.6,B5,OWN,39500.0,Source Verified,2014-10-01,debt_consolidation,6.5,1996-10-01,11.0,1.0,5187.0,30.9,28.0,f,INDIVIDUAL,0.0,1.0,0,2.0,0,18.0,0.203
10000.0,36,15.22,347.74,C3,RENT,50000.0,Not Verified,2013-07-01,major_purchase,18.98,2000-12-01,10.0,0.0,10700.0,43.1,12.0,f,INDIVIDUAL,0.0,0.0,0,4.0,0,12.6,0.2
4000.0,36,13.99,136.7,C4,RENT,14000.0,Not Verified,2015-02-01,debt_consolidation,24.53,2008-11-01,4.0,0.0,4727.0,96.5,5.0,f,INDIVIDUAL,0.0,0.0,0,0.0,0,6.3,0.286
12000.0,36,14.33,412.06,C1,RENT,45000.0,Not Verified,2012-08-01,credit_card,22.05,1994-02-01,8.0,0.0,16393.0,75.5,31.0,f,INDIVIDUAL,0.0,0.0,0,9.0,0,18.5,0.267
9600.0,36,12.12,319.41,B3,RENT,62051.0,Verified,2013-03-01,debt_consolidation,10.48,1999-12-01,6.0,0.0,4991.0,72.3,19.0,w,INDIVIDUAL,3.0,0.0,0,7.0,0,13.2,0.155
21000.0,36,7.62,654.39,A3,MORTGAGE,100000.0,Source Verified,2013-11-01,debt_consolidation,14.57,1996-03-01,14.0,0.0,17968.0,56.1,28.0,f,INDIVIDUAL,1.0,0.0,0,6.0,0,17.7,0.21
26000.0,36,9.67,834.93,B1,MORTGAGE,65000.0,Source Verified,2014-01-01,debt_consolidation,21.75,1997-09-01,8.0,0.0,25872.0,70.1,23.0,f,INDIVIDUAL,2.0,0.0,0,3.0,0,16.3,0.4
35000.0,36,11.55,1155.0,B3,MORTGAGE,120000.0,Verified,2013-07-01,debt_consolidation,22.41,1993-08-01,24.0,0.0,93719.0,43.6,38.0,w,INDIVIDUAL,3.0,0.0,0,3.0,0,19.9,0.292
16000.0,60,14.85,379.39,C5,MORTGAGE,56410.0,Verified,2016-01-01,debt_consolidation,19.87,2004-11-01,13.0,0.0,13603.0,38.4,23.0,w,INDIVIDUAL,3.0,0.0,0,10.0,0,11.2,0.284
15000.0,60,20.2,399.08,D5,OWN,52000.0,Verified,2013-11-01,debt_consolidation,32.33,2005-11-01,18.0,0.0,15282.0,78.0,25.0,f,INDIVIDUAL,0.0,0.0,0,4.0,0,8.0,0.288
18000.0,60,12.12,401.5,B3,MORTGAGE,135000.0,Verified,2013-03-01,credit_card,9.61,1986-04-01,19.0,0.0,38390.0,83.3,41.0,f,INDIVIDUAL,10.0,0.0,0,10.0,0,26.9,0.133
8000.0,36,14.99,277.29,C5,MORTGAGE,68500.0,Not Verified,2014-07-01,debt_consolidation,18.62,1994-08-01,14.0,0.0,8926.0,59.9,35.0,w,INDIVIDUAL,2.0,0.0,0,10.0,0,19.9,0.117
11050.0,36,15.61,386.37,D1,OWN,35000.0,Not Verified,2015-10-01,debt_consolidation,33.16,2001-02-01,10.0,0.0,14924.0,59.9,17.0,f,INDIVIDUAL,2.0,0.0,1,6.0,1,14.7,0.316
16800.0,60,14.33,393.79,C1,MORTGAGE,80000.0,Verified,2013-01-01,debt_consolidation,21.75,1991-10-01,14.0,1.0,23740.0,74.7,41.0,f,INDIVIDUAL,6.0,1.0,0,1.0,0,21.3,0.21
17550.0,60,16.29,429.5,D2,MORTGAGE,40000.0,Source Verified,2014-06-01,debt_consolidation,25.71,1999-11-01,11.0,0.0,3661.0,51.6,17.0,w,INDIVIDUAL,0.0,0.0,0,10.0,0,14.6,0.439
11200.0,36,7.62,349.01,A3,RENT,36000.0,Not Verified,2014-02-01,debt_consolidation,29.9,1993-02-01,9.0,0.0,4266.0,38.8,13.0,w,INDIVIDUAL,0.0,0.0,1,3.0,0,21.0,0.311
12000.0,36,11.14,393.65,B1,MORTGAGE,80000.0,Not Verified,2010-01-01,debt_consolidation,2.85,2000-06-01,5.0,0.0,31183.0,72.5,11.0,f,INDIVIDUAL,0.0,0.0,0,4.0,0,9.6,0.15
21000.0,60,14.31,492.02,C4,MORTGAGE,85000.0,Source Verified,2015-01-01,credit_card,15.87,1997-12-01,13.0,0.0,42437.0,77.2,29.0,w,INDIVIDUAL,2.0,0.0,0,10.0,0,17.1,0.247
6500.0,36,14.09,222.44,B5,RENT,57000.0,Not Verified,2013-02-01,debt_consolidation,14.34,2006-10-01,18.0,0.0,8386.0,41.7,26.0,w,INDIVIDUAL,0.0,0.0,0,2.0,0,6.3,0.114
3400.0,36,13.99,116.19,C3,MORTGAGE,60000.0,Source Verified,2016-10-01,home_improvement,11.22,2009-03-01,9.0,0.0,0.0,0.0,52.0,f,INDIVIDUAL,2.0,0.0,0,0.0,0,7.6,0.057
18000.0,36,15.8,631.06,C3,RENT,49100.0,Source Verified,2012-10-01,debt_consolidation,18.38,1999-07-01,17.0,0.0,17333.0,60.6,33.0,f,INDIVIDUAL,0.0,0.0,1,2.0,0,13.3,0.367
4075.0,36,16.29,143.85,D2,OWN,18000.0,Not Verified,2014-07-01,credit_card,29.93,2011-01-01,9.0,0.0,9192.0,57.4,11.0,w,INDIVIDUAL,0.0,0.0,0,0.0,0,3.5,0.226
25000.0,36,14.46,860.04,C4,MORTGAGE,90000.0,Not Verified,2016-03-01,small_business,23.35,2005-05-01,9.0,0.0,22580.0,38.1,15.0,f,INDIVIDUAL,1.0,0.0,0,2.0,0,10.8,0.278
4000.0,36,15.59,139.82,D1,MORTGAGE,24000.0,Not Verified,2015-01-01,debt_consolidation,5.05,2002-09-01,6.0,0.0,2504.0,23.4,24.0,f,INDIVIDUAL,0.0,0.0,1,10.0,0,12.3,0.167
16900.0,60,19.52,443.25,E2,RENT,42400.0,Source Verified,2014-08-01,debt_consolidation,35.44,1993-05-01,14.0,0.0,14871.0,53.1,23.0,f,INDIVIDUAL,1.0,0.0,1,10.0,0,21.3,0.399
23000.0,60,16.29,562.87,C4,MORTGAGE,95000.0,Verified,2013-05-01,debt_consolidation,18.01,2003-06-01,7.0,0.0,6051.0,42.3,14.0,f,INDIVIDUAL,1.0,0.0,0,6.0,0,9.9,0.242
9000.0,36,12.69,301.91,C2,RENT,66500.0,Source Verified,2015-08-01,debt_consolidation,3.99,2002-08-01,11.0,1.0,10415.0,69.4,28.0,w,INDIVIDUAL,7.0,1.0,0,2.0,0,13.0,0.135
10000.0,36,13.35,338.63,C2,MORTGAGE,32000.0,Source Verified,2014-10-01,debt_consolidation,26.78,2007-03-01,11.0,0.0,11516.0,79.4,14.0,w,INDIVIDUAL,1.0,0.0,1,2.0,0,7.6,0.312
13750.0,36,13.11,464.0,C2,OWN,26000.0,Not Verified,2010-02-01,major_purchase,14.4,1998-04-01,3.0,0.0,16738.0,90.3,7.0,f,INDIVIDUAL,0.0,0.0,0,4.0,0,11.8,0.529
15000.0,60,16.24,366.69,C5,MORTGAGE,48000.0,Source Verified,2014-01-01,debt_consolidation,17.83,2000-09-01,23.0,0.0,13561.0,19.2,50.0,f,INDIVIDUAL,1.0,0.0,0,0.0,0,13.3,0.312
28000.0,36,8.9,889.09,A5,MORTGAGE,100000.0,Verified,2012-09-01,home_improvement,0.42,1984-03-01,10.0,0.0,1241.0,4.1,29.0,f,INDIVIDUAL,4.0,0.0,0,6.0,0,28.5,0.28
7500.0,36,15.31,261.13,C2,RENT,39000.0,Verified,2013-01-01,credit_card,9.5,1990-02-01,11.0,1.0,7739.0,31.2,36.0,f,INDIVIDUAL,3.0,1.0,0,6.0,1,22.9,0.192
12000.0,36,11.55,396.0,B3,MORTGAGE,55000.0,Not Verified,2013-07-01,debt_consolidation,29.63,1997-10-01,16.0,0.0,26789.0,59.1,32.0,f,INDIVIDUAL,1.0,0.0,0,10.0,0,15.7,0.218
8000.0,36,7.26,247.97,A4,RENT,60000.0,Not Verified,2015-05-01,debt_consolidation,16.58,2000-09-01,7.0,0.0,7714.0,26.4,14.0,w,INDIVIDUAL,1.0,0.0,0,10.0,0,14.7,0.133
18250.0,60,14.33,427.78,C1,MORTGAGE,41000.0,Verified,2013-05-01,home_improvement,7.05,2006-05-01,8.0,0.0,5017.0,43.3,17.0,w,INDIVIDUAL,3.0,0.0,1,9.0,0,7.0,0.445
15000.0,36,16.99,534.72,D3,MORTGAGE,60580.0,Source Verified,2014-07-01,debt_consolidation,9.67,1996-03-01,7.0,2.0,9249.0,75.8,31.0,w,INDIVIDUAL,7.0,0.0,0,10.0,0,18.3,0.248
1500.0,36,7.91,46.95,A5,MORTGAGE,45000.0,Source Verified,2016-01-01,other,20.91,2002-03-01,12.0,0.0,1381.0,4.2,52.0,w,INDIVIDUAL,2.0,0.0,0,10.0,0,13.8,0.033
28000.0,36,7.62,872.52,A3,MORTGAGE,82000.0,Source Verified,2014-03-01,debt_consolidation,21.2,1999-09-01,12.0,0.0,43513.0,55.6,27.0,f,INDIVIDUAL,2.0,0.0,0,10.0,0,14.5,0.341
6000.0,36,8.19,188.55,A5,RENT,30000.0,Source Verified,2015-01-01,debt_consolidation,24.4,2009-07-01,9.0,0.0,931.0,8.8,11.0,f,INDIVIDUAL,0.0,0.0,0,0.0,0,5.5,0.2
18000.0,60,13.35,412.79,C2,RENT,90000.0,Not Verified,2014-07-01,debt_consolidation,5.59,1996-11-01,6.0,0.0,16151.0,69.3,18.0,w,INDIVIDUAL,3.0,0.0,0,3.0,0,17.7,0.2
20675.0,36,19.22,760.17,D4,MORTGAGE,140000.0,Source Verified,2014-01-01,small_business,19.91,1997-03-01,14.0,1.0,4529.0,34.3,53.0,f,INDIVIDUAL,1.0,1.0,0,3.0,0,16.8,0.148
30000.0,60,17.86,759.52,D5,MORTGAGE,150000.0,Source Verified,2015-01-01,debt_consolidation,14.66,2001-12-01,15.0,0.0,30884.0,68.3,24.0,w,INDIVIDUAL,2.0,0.0,0,10.0,0,13.1,0.2
5000.0,36,14.65,172.48,C5,MORTGAGE,101000.0,Source Verified,2015-05-01,debt_consolidation,11.64,1993-05-01,11.0,1.0,5008.0,54.4,25.0,w,INDIVIDUAL,2.0,1.0,0,10.0,0,22.0,0.05
11000.0,36,10.75,358.83,B4,MORTGAGE,42000.0,Not Verified,2016-03-01,credit_card,24.74,2010-08-01,12.0,0.0,9688.0,46.4,12.0,w,INDIVIDUAL,0.0,0.0,0,1.0,0,5.6,0.262
14000.0,36,9.99,451.68,B1,MORTGAGE,102000.0,Not Verified,2013-10-01,credit_card,11.26,1982-11-01,14.0,0.0,26522.0,59.8,33.0,f,INDIVIDUAL,5.0,0.0,0,7.0,0,30.9,0.137
23850.0,60,8.9,493.94,A5,MORTGAGE,141600.0,Source Verified,2013-02-01,debt_consolidation,24.37,2000-11-01,25.0,0.0,3240.0,14.8,43.0,w,INDIVIDUAL,1.0,0.0,0,2.0,0,12.3,0.168
1800.0,36,14.99,62.39,C5,RENT,28416.0,Not Verified,2015-01-01,debt_consolidation,25.59,2011-05-01,9.0,0.0,6448.0,38.6,9.0,f,INDIVIDUAL,0.0,0.0,0,6.0,0,3.7,0.063
30000.0,36,11.53,989.71,B5,MORTGAGE,78000.0,Source Verified,2015-08-01,debt_consolidation,17.67,1990-03-01,9.0,0.0,9794.0,42.8,37.0,w,INDIVIDUAL,5.0,0.0,0,8.0,0,25.4,0.385
14000.0,36,11.55,462.0,B3,MORTGAGE,56000.0,Not Verified,2013-07-01,credit_card,18.34,2005-01-01,7.0,0.0,12022.0,77.6,12.0,w,INDIVIDUAL,2.0,0.0,0,10.0,0,8.5,0.25
6000.0,36,14.99,207.97,C5,MORTGAGE,72000.0,Verified,2014-07-01,debt_consolidation,30.09,2006-07-01,27.0,0.0,24973.0,75.4,42.0,f,INDIVIDUAL,2.0,0.0,0,8.0,0,8.0,0.083
15000.0,60,16.59,369.49,D1,RENT,82500.0,Verified,2014-03-01,house,19.14,1999-08-01,16.0,0.0,11939.0,56.1,23.0,w,INDIVIDUAL,0.0,0.0,0,0.0,0,14.6,0.182
11000.0,36,7.89,344.15,A5,MORTGAGE,75000.0,Source Verified,2015-03-01,debt_consolidation,11.27,1995-11-01,11.0,1.0,1483.0,10.7,22.0,w,INDIVIDUAL,1.0,1.0,0,6.0,1,19.3,0.147
10400.0,36,14.65,358.74,C3,RENT,45000.0,Source Verified,2011-12-01,credit_card,11.31,2005-01-01,7.0,0.0,6562.0,61.9,8.0,f,INDIVIDUAL,0.0,0.0,0,10.0,0,6.9,0.231
8975.0,36,15.31,312.49,C2,RENT,59800.0,Not Verified,2012-10-01,credit_card,18.98,2003-06-01,11.0,0.0,8376.0,55.5,18.0,f,INDIVIDUAL,0.0,0.0,0,7.0,0,9.3,0.15
9000.0,36,15.31,313.36,C2,MORTGAGE,140000.0,Source Verified,2013-02-01,debt_consolidation,5.67,2002-08-01,9.0,0.0,23068.0,93.4,15.0,f,INDIVIDUAL,0.0,0.0,0,5.0,0,10.5,0.064
13325.0,36,16.78,473.62,C5,MORTGAGE,80000.0,Verified,2013-09-01,credit_card,16.74,2001-05-01,11.0,1.0,13285.0,67.4,18.0,w,INDIVIDUAL,2.0,1.0,0,4.0,0,12.3,0.167
8000.0,36,15.88,280.79,C4,MORTGAGE,38000.0,Not Verified,2013-07-01,debt_consolidation,10.86,2007-02-01,11.0,0.0,2832.0,60.3,16.0,f,INDIVIDUAL,1.0,0.0,0,9.0,0,6.4,0.211
11000.0,36,7.9,344.2,A4,MORTGAGE,67000.0,Source Verified,2014-03-01,credit_card,7.68,2002-09-01,10.0,0.0,12893.0,40.7,27.0,w,INDIVIDUAL,1.0,0.0,0,4.0,0,11.5,0.164
5000.0,36,11.44,164.74,B4,RENT,225000.0,Verified,2015-01-01,debt_consolidation,10.17,1996-10-01,23.0,0.0,29995.0,93.7,37.0,f,INDIVIDUAL,1.0,0.0,0,6.0,0,18.3,0.022
12000.0,36,14.09,410.66,B5,RENT,65000.0,Not Verified,2013-01-01,debt_consolidation,16.36,2001-12-01,12.0,0.0,15627.0,46.5,29.0,w,INDIVIDUAL,2.0,0.0,0,4.0,0,11.1,0.185
35000.0,36,13.98,1195.88,C1,MORTGAGE,115000.0,Source Verified,2014-01-01,debt_consolidation,26.06,1994-06-01,33.0,0.0,23629.0,35.8,62.0,f,INDIVIDUAL,5.0,0.0,0,0.0,0,19.6,0.304
7425.0,36,16.59,263.21,D1,RENT,95000.0,Source Verified,2014-03-01,small_business,14.4,1999-08-01,10.0,1.0,1927.0,38.5,36.0,w,INDIVIDUAL,0.0,1.0,1,2.0,0,14.6,0.078
20000.0,60,19.2,521.02,D3,RENT,84000.0,Source Verified,2013-12-01,debt_consolidation,17.61,1993-09-01,16.0,1.0,16084.0,77.3,31.0,f,INDIVIDUAL,0.0,1.0,0,10.0,0,20.2,0.238
28000.0,36,7.62,872.52,A3,MORTGAGE,170000.0,Source Verified,2013-09-01,debt_consolidation,16.25,1987-10-01,24.0,0.0,34906.0,8.8,39.0,f,INDIVIDUAL,2.0,0.0,0,7.0,0,25.9,0.165
10500.0,36,17.77,378.39,D1,MORTGAGE,30000.0,Verified,2012-11-01,debt_consolidation,32.21,1973-10-01,11.0,0.0,22721.0,92.4,21.0,f,INDIVIDUAL,2.0,0.0,1,6.0,1,39.1,0.35
9000.0,36,8.39,283.65,A5,RENT,24000.0,Not Verified,2014-06-01,debt_consolidation,18.7,2005-02-01,9.0,0.0,8866.0,22.9,21.0,f,INDIVIDUAL,0.0,0.0,0,5.0,0,9.3,0.375
6375.0,36,7.51,198.34,A4,MORTGAGE,45000.0,Not Verified,2010-08-01,debt_consolidation,24.41,1995-02-01,16.0,0.0,9655.0,40.7,40.0,f,INDIVIDUAL,3.0,0.0,0,6.0,0,15.5,0.142
12000.0,60,14.99,285.42,C5,RENT,45000.0,Source Verified,2015-01-01,debt_consolidation,38.93,1996-08-01,25.0,1.0,12327.0,51.6,60.0,w,INDIVIDUAL,3.0,1.0,0,5.0,0,18.4,0.267
5000.0,36,10.99,163.67,B4,RENT,44000.0,Source Verified,2015-04-01,debt_consolidation,3.49,2008-01-01,9.0,0.0,1000.0,7.6,12.0,w,INDIVIDUAL,0.0,0.0,1,0.0,0,7.2,0.114
14000.0,36,11.99,464.94,C1,RENT,45000.0,Source Verified,2016-02-01,debt_consolidation,10.43,1986-09-01,11.0,1.0,10848.0,52.9,33.0,w,INDIVIDUAL,3.0,1.0,0,0.0,0,29.4,0.311
9600.0,36,8.19,301.68,A5,MORTGAGE,130000.0,Not Verified,2014-11-01,debt_consolidation,15.51,2001-05-01,13.0,0.0,105126.0,78.4,33.0,w,INDIVIDUAL,1.0,0.0,0,0.0,0,13.5,0.074
10000.0,36,9.17,318.79,B2,OWN,23204.0,Verified,2015-06-01,credit_card,34.25,1976-04-01,11.0,0.0,24855.0,47.2,18.0,f,INDIVIDUAL,0.0,0.0,1,6.0,1,39.2,0.431
12000.0,36,13.33,406.24,C3,OWN,38000.0,Not Verified,2015-05-01,debt_consolidation,28.87,1999-05-01,11.0,0.0,13401.0,48.0,25.0,f,INDIVIDUAL,2.0,0.0,0,2.0,0,16.0,0.316
16000.0,36,9.99,516.2,B1,MORTGAGE,72000.0,Source Verified,2013-10-01,debt_consolidation,18.93,2001-02-01,10.0,0.0,19868.0,78.8,35.0,f,INDIVIDUAL,1.0,0.0,0,8.0,0,12.7,0.222
30000.0,60,17.56,754.65,D1,MORTGAGE,74000.0,Verified,2013-08-01,home_improvement,3.28,2002-04-01,4.0,0.0,9318.0,36.3,22.0,f,INDIVIDUAL,5.0,0.0,0,10.0,0,11.3,0.405
10000.0,36,15.1,347.15,C2,MORTGAGE,70000.0,Not Verified,2013-11-01,credit_card,15.12,2007-02-01,8.0,0.0,4754.0,38.3,28.0,f,INDIVIDUAL,1.0,0.0,0,3.0,0,6.7,0.143
25000.0,36,6.68,768.28,A3,MORTGAGE,91476.0,Verified,2015-03-01,debt_consolidation,27.17,2004-02-01,9.0,0.0,7936.0,52.2,33.0,w,INDIVIDUAL,2.0,0.0,0,10.0,0,11.1,0.273
35000.0,36,7.26,1084.87,A4,MORTGAGE,220000.0,Source Verified,2015-12-01,credit_card,13.6,1995-09-01,10.0,0.0,72294.0,76.5,21.0,w,INDIVIDUAL,5.0,0.0,0,10.0,0,20.2,0.159
20000.0,36,7.62,623.23,A3,MORTGAGE,92000.0,Verified,2013-05-01,debt_consolidation,17.27,1990-12-01,7.0,0.0,15052.0,74.1,19.0,f,INDIVIDUAL,3.0,0.0,0,10.0,0,22.4,0.217
12800.0,36,11.99,425.09,B3,RENT,52000.0,Not Verified,2013-12-01,debt_consolidation,21.58,1990-06-01,14.0,0.0,21118.0,58.5,26.0,f,INDIVIDUAL,0.0,0.0,0,10.0,0,23.5,0.246
22000.0,36,10.99,720.15,B3,MORTGAGE,104000.0,Source Verified,2014-05-01,credit_card,8.75,1993-10-01,11.0,0.0,26403.0,48.0,39.0,f,INDIVIDUAL,6.0,0.0,0,10.0,0,20.6,0.212
12000.0,36,13.66,408.16,C3,RENT,40000.0,Not Verified,2014-12-01,car,11.85,2004-04-01,10.0,0.0,4063.0,24.0,15.0,w,INDIVIDUAL,0.0,0.0,0,1.0,0,10.7,0.3
10000.0,36,9.63,320.95,A5,MORTGAGE,29760.0,Verified,2009-02-01,credit_card,7.38,1995-02-01,10.0,0.0,2770.0,9.1,34.0,f,INDIVIDUAL,2.0,0.0,0,0.0,0,14.0,0.336
3000.0,36,21.98,114.55,E4,RENT,15600.0,Verified,2013-05-01,moving,25.54,2003-08-01,14.0,0.0,3424.0,47.6,24.0,w,INDIVIDUAL,0.0,0.0,0,0.0,0,9.7,0.192
11750.0,36,14.99,407.27,C5,OWN,35000.0,Source Verified,2014-07-01,credit_card,24.59,2002-04-01,4.0,1.0,6289.0,21.1,14.0,w,INDIVIDUAL,0.0,0.0,1,1.0,0,12.2,0.336
12000.0,36,10.99,392.81,B4,RENT,49920.0,Verified,2015-11-01,debt_consolidation,31.81,2001-06-01,13.0,0.0,33292.0,60.9,20.0,w,INDIVIDUAL,0.0,0.0,0,6.0,0,14.4,0.24
4500.0,60,18.75,116.12,D3,RENT,53640.0,Verified,2012-10-01,debt_consolidation,23.45,1996-08-01,4.0,0.0,18403.0,87.6,15.0,f,INDIVIDUAL,0.0,0.0,0,7.0,0,16.2,0.084
13000.0,36,13.98,444.19,C3,MORTGAGE,52000.0,Source Verified,2014-08-01,debt_consolidation,26.79,1985-11-01,12.0,1.0,14388.0,73.8,14.0,w,INDIVIDUAL,0.0,1.0,0,7.0,0,28.7,0.25
2500.0,36,13.11,84.37,B4,RENT,48000.0,Not Verified,2013-02-01,debt_consolidation,9.2,2003-11-01,4.0,0.0,2836.0,76.6,9.0,f,INDIVIDUAL,0.0,0.0,0,5.0,0,9.3,0.052
5000.0,36,17.57,179.69,D4,RENT,33000.0,Verified,2015-10-01,debt_consolidation,9.27,2001-11-01,11.0,0.0,321.0,1.1,19.0,w,INDIVIDUAL,0.0,0.0,0,3.0,0,13.9,0.152
10000.0,36,14.33,343.39,C2,RENT,70000.0,Not Verified,2013-08-01,debt_consolidation,21.58,2003-09-01,14.0,0.0,35200.0,78.2,25.0,w,INDIVIDUAL,0.0,0.0,0,3.0,0,9.9,0.143
9600.0,36,9.99,309.72,B3,RENT,50000.0,Not Verified,2015-10-01,other,2.54,2008-10-01,6.0,0.0,1104.0,16.0,10.0,f,INDIVIDUAL,0.0,0.0,0,2.0,0,7.0,0.192
9000.0,36,16.24,317.49,C5,RENT,60000.0,Verified,2014-01-01,debt_consolidation,24.88,2007-12-01,9.0,0.0,24031.0,96.1,12.0,f,INDIVIDUAL,0.0,0.0,0,6.0,0,6.1,0.15
22000.0,36,11.99,730.61,B5,MORTGAGE,120000.0,Source Verified,2015-01-01,debt_consolidation,18.22,1991-07-01,8.0,0.0,7006.0,98.7,17.0,f,INDIVIDUAL,2.0,0.0,1,2.0,0,23.5,0.183
27300.0,36,7.62,850.71,A3,MORTGAGE,62000.0,Verified,2013-08-01,debt_consolidation,10.16,1996-10-01,7.0,0.0,29020.0,33.3,22.0,f,INDIVIDUAL,2.0,0.0,0,10.0,0,16.8,0.44
3200.0,36,14.99,110.92,C5,RENT,34000.0,Not Verified,2014-11-01,debt_consolidation,4.27,2008-08-01,22.0,0.0,4342.0,24.0,30.0,f,INDIVIDUAL,0.0,0.0,0,3.0,0,6.3,0.094
17475.0,36,13.11,589.73,B4,RENT,84000.0,Not Verified,2013-04-01,credit_card,8.45,1988-10-01,11.0,0.0,20604.0,44.4,19.0,f,INDIVIDUAL,0.0,0.0,0,3.0,0,24.5,0.208
14675.0,60,16.89,363.85,D4,RENT,25164.0,Source Verified,2011-08-01,debt_consolidation,19.41,2000-10-01,4.0,0.0,2421.0,96.8,8.0,f,INDIVIDUAL,0.0,0.0,1,0.0,0,10.8,0.583
20000.0,60,21.7,548.98,E2,RENT,67688.0,Verified,2013-10-01,debt_consolidation,10.51,1998-07-01,11.0,0.0,19319.0,82.9,17.0,f,INDIVIDUAL,0.0,0.0,0,3.0,0,15.3,0.295
3600.0,36,17.86,129.9,D5,RENT,45000.0,Verified,2015-05-01,vacation,34.85,1998-09-01,17.0,0.0,9646.0,91.0,46.0,f,INDIVIDUAL,0.0,0.0,0,2.0,0,16.7,0.08
5000.0,36,12.12,166.36,B3,RENT,30000.0,Not Verified,2013-06-01,debt_consolidation,16.08,2008-12-01,9.0,0.0,4102.0,46.6,10.0,f,INDIVIDUAL,0.0,0.0,0,5.0,0,4.5,0.167
1500.0,36,14.65,51.75,C5,RENT,69000.0,Not Verified,2015-08-01,vacation,24.19,2002-05-01,16.0,0.0,11452.0,43.1,37.0,w,INDIVIDUAL,0.0,0.0,0,3.0,0,13.3,0.022
14000.0,36,13.98,478.36,C1,MORTGAGE,105000.0,Not Verified,2014-01-01,credit_card,19.83,1998-12-01,24.0,0.0,15988.0,56.5,45.0,w,INDIVIDUAL,4.0,0.0,1,2.0,0,15.1,0.133
16000.0,36,15.41,557.87,D1,RENT,77000.0,Verified,2015-11-01,debt_consolidation,20.15,2000-08-01,12.0,1.0,9615.0,65.9,35.0,f,INDIVIDUAL,4.0,1.0,0,8.0,0,15.2,0.208
20000.0,36,13.11,674.94,B4,MORTGAGE,59000.0,Verified,2013-02-01,debt_consolidation,20.44,2002-11-01,17.0,0.0,11395.0,35.8,24.0,f,INDIVIDUAL,1.0,0.0,0,6.0,0,10.3,0.339
14400.0,36,11.14,472.4,B2,MORTGAGE,180000.0,Source Verified,2013-06-01,credit_card,10.24,2001-07-01,14.0,0.0,28763.0,62.8,39.0,w,INDIVIDUAL,4.0,0.0,0,8.0,0,11.9,0.08
30000.0,36,7.9,938.71,A4,MORTGAGE,90000.0,Verified,2014-04-01,credit_card,16.34,1997-09-01,16.0,0.0,34869.0,59.7,34.0,w,INDIVIDUAL,1.0,0.0,0,10.0,0,16.6,0.333
12000.0,36,12.69,402.54,C2,RENT,36772.0,Verified,2015-10-01,credit_card,18.47,2002-08-01,6.0,0.0,9110.0,53.6,21.0,f,INDIVIDUAL,2.0,0.0,0,10.0,0,13.2,0.326
24000.0,36,11.14,787.33,B2,MORTGAGE,145000.0,Verified,2013-03-01,credit_card,7.45,1996-09-01,15.0,0.0,34137.0,59.6,29.0,f,INDIVIDUAL,4.0,0.0,1,10.0,0,16.5,0.166
23200.0,36,8.9,736.68,A5,RENT,66000.0,Source Verified,2013-12-01,credit_card,24.24,2000-02-01,10.0,0.0,21962.0,75.0,23.0,f,INDIVIDUAL,1.0,0.0,0,10.0,0,13.8,0.352
24950.0,60,19.99,660.89,E4,RENT,65000.0,Verified,2015-06-01,credit_card,19.46,1993-01-01,5.0,0.0,34511.0,98.0,12.0,w,INDIVIDUAL,0.0,0.0,1,0.0,0,22.4,0.384
5375.0,36,11.14,176.33,B2,MORTGAGE,18000.0,Not Verified,2012-10-01,debt_consolidation,10.4,2001-08-01,9.0,0.0,8502.0,35.4,15.0,f,INDIVIDUAL,1.0,0.0,1,4.0,0,11.2,0.299
5000.0,36,13.35,169.32,C2,RENT,20000.0,Verified,2014-10-01,car,5.46,1988-03-01,14.0,1.0,5254.0,30.4,36.0,w,INDIVIDUAL,2.0,1.0,0,6.0,1,26.6,0.25
10000.0,36,21.0,376.76,E2,RENT,90000.0,Not Verified,2013-05-01,other,10.2,1993-04-01,11.0,0.0,14698.0,70.7,27.0,f,INDIVIDUAL,1.0,0.0,1,10.0,0,20.1,0.111
28000.0,36,14.09,958.2,B5,MORTGAGE,100000.0,Verified,2012-12-01,debt_consolidation,14.71,2004-12-01,9.0,0.0,21818.0,94.9,14.0,f,INDIVIDUAL,2.0,0.0,0,8.0,0,8.0,0.28
6000.0,36,9.99,193.58,B3,RENT,48000.0,Not Verified,2015-07-01,other,10.9,2001-12-01,2.0,0.0,0.0,0.0,20.0,w,INDIVIDUAL,0.0,0.0,0,4.0,0,13.6,0.125
5325.0,36,10.16,172.23,B1,RENT,30000.0,Not Verified,2012-11-01,major_purchase,4.2,2006-03-01,7.0,0.0,4064.0,35.6,14.0,w,INDIVIDUAL,0.0,0.0,0,3.0,0,6.7,0.178
9925.0,36,20.31,370.42,D5,RENT,36000.0,Verified,2013-07-01,small_business,1.67,2002-12-01,3.0,0.0,697.0,11.6,3.0,f,INDIVIDUAL,0.0,0.0,0,0.0,0,10.6,0.276
20000.0,60,15.61,482.23,C5,RENT,120000.0,Source Verified,2014-03-01,car,6.97,1999-02-01,8.0,0.0,4311.0,27.3,21.0,w,INDIVIDUAL,5.0,0.0,0,0.0,0,15.1,0.167
6400.0,36,12.29,213.46,C1,RENT,32000.0,Source Verified,2015-04-01,credit_card,38.45,2003-05-01,9.0,1.0,12470.0,83.1,15.0,w,INDIVIDUAL,0.0,1.0,0,10.0,0,11.9,0.2
10500.0,36,8.18,329.91,B1,RENT,105000.0,Source Verified,2015-07-01,debt_consolidation,19.3,1998-08-01,16.0,2.0,4895.0,28.5,37.0,w,INDIVIDUAL,0.0,1.0,0,3.0,0,16.9,0.1
7000.0,36,6.62,214.93,A2,MORTGAGE,55400.0,Not Verified,2014-01-01,debt_consolidation,12.09,1975-07-01,12.0,1.0,6630.0,20.5,18.0,f,INDIVIDUAL,0.0,1.0,0,10.0,0,38.5,0.126
17575.0,36,7.62,547.67,A3,MORTGAGE,60000.0,Not Verified,2014-04-01,credit_card,23.58,1992-10-01,7.0,0.0,17045.0,62.2,29.0,w,INDIVIDUAL,2.0,0.0,0,2.0,0,21.5,0.293
8800.0,36,6.62,270.2,A2,MORTGAGE,110000.0,Not Verified,2013-03-01,debt_consolidation,1.55,1992-07-01,6.0,0.0,6209.0,32.3,17.0,f,INDIVIDUAL,3.0,0.0,0,8.0,0,20.7,0.08
20000.0,60,15.31,479.06,C4,MORTGAGE,116000.0,Source Verified,2014-03-01,credit_card,13.39,1992-10-01,12.0,0.0,43527.0,84.2,28.0,f,INDIVIDUAL,6.0,0.0,0,2.0,0,21.4,0.172
12000.0,36,8.9,381.04,A5,RENT,39600.0,Verified,2011-11-01,medical,10.64,1997-10-01,5.0,0.0,13426.0,75.0,23.0,f,INDIVIDUAL,1.0,0.0,0,6.0,1,14.1,0.303
25000.0,36,15.95,878.31,D4,RENT,74872.0,Verified,2010-09-01,debt_consolidation,13.66,1999-04-01,8.0,0.0,16535.0,94.2,20.0,f,INDIVIDUAL,1.0,0.0,0,2.0,0,11.4,0.334
20000.0,36,24.99,795.1,F4,OWN,73000.0,Verified,2014-05-01,small_business,13.39,1985-01-01,14.0,1.0,46390.0,45.3,24.0,f,INDIVIDUAL,0.0,0.0,1,10.0,0,29.3,0.274
5500.0,36,6.03,167.4,A1,RENT,90000.0,Not Verified,2014-05-01,debt_consolidation,14.8,2009-01-01,17.0,0.0,6839.0,20.6,21.0,f,INDIVIDUAL,0.0,0.0,0,1.0,0,5.3,0.061
15000.0,60,17.57,377.41,D2,MORTGAGE,122000.0,Verified,2014-02-01,debt_consolidation,11.53,2000-12-01,14.0,0.0,61110.0,56.0,22.0,f,INDIVIDUAL,2.0,0.0,1,10.0,0,13.2,0.123
7200.0,36,8.9,228.63,A5,MORTGAGE,115000.0,Verified,2012-11-01,debt_consolidation,15.08,1994-06-01,7.0,0.0,22427.0,84.6,13.0,f,INDIVIDUAL,2.0,0.0,0,0.0,0,18.4,0.063
21900.0,60,22.47,610.73,E5,MORTGAGE,73000.0,Verified,2012-07-01,medical,14.11,2002-11-01,15.0,0.0,8914.0,42.6,28.0,f,INDIVIDUAL,2.0,0.0,0,10.0,0,9.7,0.3
2800.0,36,15.31,97.49,C2,RENT,68000.0,Verified,2013-06-01,credit_card,3.47,1998-04-01,6.0,0.0,3693.0,94.7,15.0,f,INDIVIDUAL,0.0,0.0,0,3.0,0,15.2,0.041
23325.0,36,17.27,834.74,C5,RENT,52000.0,Verified,2013-03-01,debt_consolidation,34.62,1996-03-01,13.0,0.0,52572.0,84.9,24.0,f,INDIVIDUAL,0.0,0.0,0,10.0,0,17.0,0.449
2400.0,36,8.67,75.96,B1,MORTGAGE,52033.0,Not Verified,2014-11-01,debt_consolidation,18.15,1994-07-01,10.0,0.0,51299.0,9.3,33.0,w,INDIVIDUAL,4.0,0.0,0,10.0,0,20.3,0.046
6000.0,36,8.49,189.38,A5,MORTGAGE,32000.0,Source Verified,2011-07-01,wedding,3.64,2005-10-01,8.0,0.0,4422.0,25.9,15.0,f,INDIVIDUAL,0.0,0.0,0,3.0,0,5.7,0.188
9350.0,36,15.61,326.93,D1,OWN,18720.0,Verified,2015-10-01,debt_consolidation,22.67,2005-12-01,6.0,0.0,5729.0,39.5,14.0,w,INDIVIDUAL,0.0,0.0,0,10.0,0,9.8,0.499
18500.0,60,16.99,459.68,D3,RENT,65000.0,Source Verified,2014-06-01,debt_consolidation,16.99,2003-06-01,6.0,0.0,18127.0,89.3,14.0,w,INDIVIDUAL,0.0,0.0,1,8.0,0,11.0,0.285
25000.0,36,7.9,782.26,A4,MORTGAGE,190000.0,Verified,2013-08-01,home_improvement,26.72,1985-01-01,23.0,0.0,80286.0,69.8,36.0,f,INDIVIDUAL,4.0,0.0,0,5.0,0,28.6,0.132
14400.0,36,14.98,499.04,C3,RENT,150000.0,Verified,2014-01-01,other,12.45,1981-04-01,15.0,3.0,62386.0,54.0,44.0,f,INDIVIDUAL,1.0,0.0,0,10.0,0,32.8,0.096
30000.0,60,13.33,687.68,C3,MORTGAGE,89000.0,Verified,2015-06-01,credit_card,18.64,2007-01-01,19.0,0.0,10833.0,14.2,29.0,w,INDIVIDUAL,1.0,0.0,0,8.0,0,8.4,0.337
8000.0,36,19.13,293.77,F4,OWN,115000.0,Verified,2009-12-01,other,11.79,1997-11-01,26.0,0.0,17267.0,29.1,39.0,f,INDIVIDUAL,2.0,0.0,0,5.0,0,12.1,0.07
16000.0,36,8.18,502.72,B1,MORTGAGE,80000.0,Not Verified,2015-10-01,debt_consolidation,15.73,1998-07-01,27.0,0.0,28812.0,32.5,44.0,f,INDIVIDUAL,3.0,0.0,0,10.0,0,17.3,0.2
12000.0,60,15.8,290.55,C3,MORTGAGE,51000.0,Verified,2013-05-01,home_improvement,7.84,2004-09-01,8.0,1.0,10210.0,82.3,13.0,f,INDIVIDUAL,3.0,1.0,1,9.0,0,8.7,0.235
11000.0,60,19.99,291.38,E4,RENT,25000.0,Source Verified,2015-07-01,credit_card,14.96,1996-10-01,8.0,0.0,13015.0,32.9,12.0,f,INDIVIDUAL,0.0,0.0,0,0.0,0,18.7,0.44
15000.0,36,13.49,508.96,C2,MORTGAGE,65000.0,Not Verified,2016-08-01,credit_card,16.97,2004-06-01,6.0,0.0,14729.0,52.8,13.0,f,INDIVIDUAL,0.0,0.0,0,5.0,0,12.2,0.231
21000.0,36,14.85,726.44,C5,MORTGAGE,104000.0,Verified,2015-12-01,house,4.64,2004-11-01,4.0,0.0,6108.0,68.6,15.0,w,INDIVIDUAL,1.0,0.0,0,5.0,0,11.1,0.202
12000.0,36,11.14,393.67,B2,RENT,129000.0,Not Verified,2012-09-01,debt_consolidation,9.05,2005-12-01,13.0,0.0,11442.0,42.4,16.0,f,INDIVIDUAL,0.0,0.0,0,1.0,0,6.8,0.093
9600.0,36,18.25,348.27,D3,RENT,65000.0,Source Verified,2012-04-01,debt_consolidation,13.79,2005-06-01,25.0,0.0,11884.0,33.7,39.0,f,INDIVIDUAL,0.0,0.0,1,10.0,0,6.8,0.148
20000.0,36,19.72,740.43,D5,RENT,80000.0,Verified,2012-08-01,debt_consolidation,23.75,2000-09-01,15.0,1.0,16941.0,62.1,30.0,f,INDIVIDUAL,0.0,0.0,0,6.0,0,11.9,0.25
28500.0,60,17.57,717.07,D4,RENT,65000.0,Source Verified,2014-07-01,debt_consolidation,22.34,2002-01-01,13.0,0.0,37108.0,63.7,30.0,w,INDIVIDUAL,0.0,0.0,1,5.0,0,12.5,0.438
16000.0,36,13.99,546.77,C3,RENT,50000.0,Source Verified,2011-07-01,debt_consolidation,16.75,2002-12-01,12.0,0.0,3020.0,40.3,25.0,f,INDIVIDUAL,1.0,0.0,1,3.0,0,8.6,0.32
11075.0,36,11.44,364.9,B4,RENT,32760.0,Not Verified,2014-12-01,debt_consolidation,13.81,2001-11-01,3.0,0.0,14358.0,88.1,9.0,f,INDIVIDUAL,0.0,0.0,0,2.0,0,13.1,0.338
10000.0,36,14.27,343.09,C2,MORTGAGE,50000.0,Verified,2012-02-01,debt_consolidation,21.26,2001-02-01,10.0,0.0,6581.0,70.8,15.0,f,INDIVIDUAL,0.0,0.0,0,2.0,0,11.0,0.2
9000.0,36,13.67,306.16,B5,MORTGAGE,110000.0,Verified,2013-11-01,home_improvement,14.32,1989-04-01,6.0,0.0,23301.0,97.9,14.0,w,INDIVIDUAL,0.0,0.0,0,3.0,0,24.6,0.082
4500.0,60,6.17,87.36,A3,RENT,55000.0,Verified,2010-10-01,credit_card,14.81,1998-08-01,9.0,0.0,2645.0,13.8,18.0,f,INDIVIDUAL,1.0,0.0,0,5.0,0,12.2,0.082
11000.0,36,11.55,363.0,B3,MORTGAGE,82000.0,Not Verified,2013-07-01,debt_consolidation,23.24,1994-08-01,7.0,0.0,10740.0,35.3,21.0,f,INDIVIDUAL,4.0,0.0,0,10.0,0,18.9,0.134
7000.0,36,11.14,229.64,B2,MORTGAGE,97000.0,Not Verified,2012-08-01,home_improvement,9.53,2006-10-01,12.0,0.0,12894.0,44.2,13.0,f,INDIVIDUAL,1.0,0.0,1,5.0,0,5.8,0.072
30000.0,60,16.59,738.98,D1,MORTGAGE,68000.0,Source Verified,2014-03-01,debt_consolidation,12.42,2004-02-01,11.0,0.0,12575.0,42.8,17.0,f,INDIVIDUAL,3.0,0.0,0,7.0,0,10.1,0.441
6500.0,36,10.37,210.87,B3,RENT,30000.0,Verified,2011-03-01,debt_consolidation,7.36,2002-06-01,3.0,0.0,6272.0,64.7,5.0,f,INDIVIDUAL,0.0,0.0,0,6.0,0,8.7,0.217
16000.0,60,16.29,391.56,C4,MORTGAGE,66560.0,Verified,2013-02-01,debt_consolidation,12.08,1999-12-01,9.0,0.0,15884.0,70.9,18.0,f,INDIVIDUAL,2.0,0.0,0,10.0,0,13.2,0.24
5100.0,36,18.99,186.92,E3,RENT,50000.0,Not Verified,2015-11-01,debt_consolidation,28.42,2007-02-01,7.0,0.0,1328.0,52.0,20.0,w,INDIVIDUAL,0.0,0.0,0,4.0,0,8.7,0.102
11525.0,36,25.78,463.0,F5,RENT,80000.0,Source Verified,2015-08-01,moving,6.89,2006-04-01,9.0,0.0,1715.0,22.9,17.0,w,INDIVIDUAL,0.0,0.0,1,1.0,0,9.3,0.144
21000.0,60,9.17,437.67,B2,MORTGAGE,70000.0,Verified,2015-06-01,debt_consolidation,32.93,1997-09-01,8.0,0.0,16677.0,64.9,35.0,w,INDIVIDUAL,6.0,0.0,0,10.0,0,17.7,0.3
10000.0,36,12.69,335.45,C2,RENT,46900.0,Verified,2015-03-01,debt_consolidation,26.74,2003-08-01,8.0,0.0,10027.0,74.3,33.0,w,INDIVIDUAL,0.0,0.0,0,1.0,0,11.6,0.213
15000.0,36,7.9,469.36,A4,MORTGAGE,103400.0,Not Verified,2014-02-01,debt_consolidation,9.67,2001-11-01,10.0,0.0,18202.0,63.4,22.0,f,INDIVIDUAL,4.0,0.0,0,7.0,0,12.3,0.145
15000.0,36,14.47,516.1,C2,MORTGAGE,48000.0,Not Verified,2014-02-01,debt_consolidation,20.75,2003-02-01,16.0,0.0,5617.0,23.4,28.0,f,INDIVIDUAL,0.0,0.0,1,2.0,0,11.0,0.312
19200.0,36,12.35,640.93,B4,OWN,150000.0,Verified,2013-08-01,medical,21.41,1987-06-01,14.0,0.0,8877.0,11.9,38.0,f,INDIVIDUAL,5.0,0.0,0,10.0,0,26.2,0.128
4350.0,36,19.52,160.6,D4,RENT,20757.0,Verified,2013-10-01,debt_consolidation,29.08,2007-12-01,7.0,0.0,5471.0,97.7,9.0,w,INDIVIDUAL,0.0,0.0,0,0.0,0,5.8,0.21
8000.0,36,9.16,255.0,B2,MORTGAGE,65000.0,Not Verified,2016-03-01,debt_consolidation,18.81,1999-04-01,10.0,1.0,5403.0,33.1,17.0,f,INDIVIDUAL,3.0,0.0,0,10.0,0,16.9,0.123
20000.0,36,6.17,609.99,A3,RENT,59000.0,Verified,2011-01-01,debt_consolidation,10.58,2000-02-01,14.0,0.0,4254.0,16.9,31.0,f,INDIVIDUAL,2.0,0.0,0,10.0,0,10.9,0.339
7000.0,36,10.99,229.14,B3,RENT,35000.0,Verified,2011-06-01,debt_consolidation,13.23,2002-10-01,14.0,0.0,8355.0,66.4,27.0,f,INDIVIDUAL,2.0,0.0,0,0.0,0,8.7,0.2
8500.0,36,12.99,286.36,B4,MORTGAGE,135000.0,Verified,2013-11-01,major_purchase,9.68,1995-09-01,11.0,0.0,5616.0,87.7,15.0,f,INDIVIDUAL,1.0,0.0,0,4.0,0,18.2,0.063
28000.0,36,7.89,876.0,A5,OWN,94000.0,Source Verified,2015-02-01,debt_consolidation,21.84,1994-11-01,18.0,0.0,261780.0,52.5,38.0,f,INDIVIDUAL,2.0,0.0,0,10.0,0,20.3,0.298
10850.0,60,20.99,293.47,E5,RENT,37400.0,Verified,2015-05-01,debt_consolidation,34.55,2005-09-01,27.0,0.0,13077.0,47.9,46.0,f,INDIVIDUAL,0.0,0.0,1,3.0,0,9.7,0.29
15000.0,60,14.31,351.44,C4,OWN,68000.0,Source Verified,2014-11-01,debt_consolidation,14.26,1997-04-01,11.0,0.0,9775.0,54.3,29.0,f,INDIVIDUAL,3.0,0.0,0,4.0,0,17.6,0.221
35000.0,36,16.99,1247.68,D3,MORTGAGE,106000.0,Verified,2015-08-01,home_improvement,18.26,2009-02-01,20.0,0.0,28931.0,32.5,26.0,w,INDIVIDUAL,4.0,0.0,0,2.0,0,6.5,0.33
12000.0,36,7.9,375.49,A4,MORTGAGE,78000.0,Not Verified,2012-03-01,credit_card,10.61,1993-01-01,10.0,0.0,18778.0,92.8,38.0,f,INDIVIDUAL,2.0,0.0,0,7.0,0,19.2,0.154
5800.0,36,17.57,208.44,D4,RENT,24000.0,Source Verified,2015-05-01,debt_consolidation,35.5,2008-03-01,5.0,0.0,1901.0,25.7,12.0,w,INDIVIDUAL,0.0,0.0,0,6.0,0,7.2,0.242
10000.0,60,23.99,287.63,E2,MORTGAGE,41500.0,Verified,2016-08-01,other,25.74,2002-12-01,15.0,0.0,10613.0,41.6,30.0,w,INDIVIDUAL,0.0,0.0,0,0.0,0,13.7,0.241
20000.0,36,14.64,689.79,C3,MORTGAGE,57000.0,Not Verified,2014-04-01,debt_consolidation,24.78,1995-07-01,8.0,0.0,10493.0,92.9,22.0,f,INDIVIDUAL,3.0,0.0,1,8.0,0,18.8,0.351
10000.0,36,17.14,357.23,D4,RENT,85000.0,Verified,2014-11-01,debt_consolidation,24.86,2000-06-01,16.0,1.0,6938.0,59.1,36.0,f,INDIVIDUAL,1.0,0.0,0,10.0,0,14.4,0.118
4800.0,36,14.99,166.38,C5,MORTGAGE,64000.0,Verified,2014-07-01,home_improvement,8.44,2004-03-01,4.0,1.0,4941.0,95.0,13.0,w,INDIVIDUAL,2.0,1.0,0,6.0,1,10.3,0.075
25000.0,36,13.35,846.57,C2,MORTGAGE,100000.0,Source Verified,2014-09-01,debt_consolidation,22.94,1988-04-01,10.0,1.0,13715.0,80.7,27.0,f,INDIVIDUAL,1.0,1.0,1,9.0,0,26.4,0.25
35000.0,36,13.99,1196.05,C4,RENT,180000.0,Verified,2015-10-01,credit_card,17.44,1999-04-01,17.0,0.0,56201.0,88.5,31.0,w,INDIVIDUAL,1.0,0.0,0,3.0,0,16.5,0.194
10000.0,36,10.64,325.69,B2,OWN,58000.0,Not Verified,2013-07-01,debt_consolidation,12.41,1996-09-01,7.0,0.0,11275.0,81.1,29.0,w,INDIVIDUAL,3.0,0.0,0,10.0,0,16.8,0.172
31900.0,36,11.44,1051.03,B4,RENT,120000.0,Verified,2015-01-01,debt_consolidation,24.63,1994-11-01,12.0,0.0,35413.0,49.0,44.0,w,INDIVIDUAL,0.0,0.0,0,10.0,0,20.2,0.266
12000.0,36,15.31,417.81,C2,RENT,120000.0,Not Verified,2012-08-01,debt_consolidation,8.75,1992-12-01,8.0,0.0,11367.0,79.5,32.0,f,INDIVIDUAL,4.0,0.0,0,10.0,0,19.7,0.1
5400.0,36,12.35,180.27,B4,OWN,55064.88,Not Verified,2013-07-01,credit_card,23.75,1998-01-01,13.0,0.0,22701.0,80.2,22.0,w,INDIVIDUAL,4.0,0.0,0,10.0,0,15.5,0.098
6000.0,36,15.27,208.79,C4,RENT,29000.0,Verified,2011-11-01,moving,16.34,2003-04-01,4.0,0.0,389.0,48.6,20.0,f,INDIVIDUAL,1.0,0.0,0,2.0,0,8.6,0.207
14400.0,36,7.89,450.52,A5,MORTGAGE,90000.0,Not Verified,2016-02-01,debt_consolidation,19.68,2003-05-01,11.0,0.0,8435.0,20.4,32.0,w,INDIVIDUAL,3.0,0.0,0,10.0,0,12.8,0.16
1200.0,36,12.49,40.14,B5,RENT,40000.0,Source Verified,2014-10-01,major_purchase,8.22,1990-07-01,4.0,0.0,3980.0,55.3,16.0,f,INDIVIDUAL,0.0,0.0,0,6.0,1,24.3,0.03
10000.0,36,11.99,332.1,B3,MORTGAGE,65000.0,Source Verified,2013-11-01,credit_card,18.32,1995-06-01,9.0,0.0,15575.0,69.5,20.0,f,INDIVIDUAL,5.0,0.0,0,2.0,0,18.4,0.154
10000.0,36,13.11,337.47,B4,RENT,37000.0,Verified,2012-06-01,debt_consolidation,30.88,1999-10-01,7.0,0.0,5587.0,91.6,14.0,f,INDIVIDUAL,0.0,0.0,0,5.0,0,12.7,0.27
5000.0,36,19.52,184.6,D4,MORTGAGE,150000.0,Not Verified,2013-11-01,home_improvement,9.61,1991-06-01,10.0,0.0,9042.0,91.3,35.0,f,INDIVIDUAL,1.0,0.0,0,10.0,0,22.4,0.033
2400.0,36,13.99,82.02,C4,RENT,50000.0,Not Verified,2015-05-01,debt_consolidation,24.92,2006-04-01,13.0,0.0,17513.0,79.2,20.0,f,INDIVIDUAL,0.0,0.0,1,3.0,0,9.1,0.048
2000.0,36,15.96,70.28,C5,MORTGAGE,40000.0,Not Verified,2012-01-01,renewable_energy,15.03,2007-04-01,8.0,0.0,10553.0,75.6,16.0,f,INDIVIDUAL,0.0,0.0,0,2.0,0,4.8,0.05
10000.0,36,6.89,308.27,A3,MORTGAGE,95900.0,Verified,2015-10-01,home_improvement,20.36,1996-04-01,8.0,4.0,51183.0,58.0,25.0,w,INDIVIDUAL,3.0,0.0,0,10.0,0,19.5,0.104
20000.0,60,15.96,485.94,C5,MORTGAGE,112000.0,Verified,2011-12-01,home_improvement,10.53,1987-05-01,10.0,0.0,43627.0,68.6,20.0,f,INDIVIDUAL,1.0,0.0,0,10.0,0,24.6,0.179
4000.0,36,12.23,133.3,C1,RENT,65499.0,Source Verified,2011-01-01,other,18.14,2000-11-01,15.0,1.0,11898.0,77.8,30.0,f,INDIVIDUAL,2.0,1.0,0,10.0,0,10.2,0.061
6000.0,36,13.18,202.69,C3,MORTGAGE,58000.0,Source Verified,2015-12-01,debt_consolidation,20.26,2003-12-01,12.0,1.0,3927.0,26.4,20.0,w,INDIVIDUAL,1.0,1.0,0,0.0,0,12.0,0.103
18000.0,36,13.33,609.36,C3,OWN,60000.0,Verified,2015-03-01,home_improvement,6.08,2006-02-01,8.0,0.0,11413.0,59.4,16.0,w,INDIVIDUAL,1.0,0.0,1,10.0,0,9.1,0.3
31500.0,36,10.15,1018.64,B2,MORTGAGE,93000.0,Verified,2014-07-01,debt_consolidation,8.49,2007-09-01,10.0,0.0,18715.0,30.4,16.0,w,INDIVIDUAL,2.0,0.0,0,7.0,0,6.8,0.339
11625.0,60,12.35,260.66,B4,MORTGAGE,78000.0,Verified,2013-08-01,debt_consolidation,17.42,1998-06-01,11.0,0.0,13691.0,21.4,34.0,f,INDIVIDUAL,4.0,0.0,1,10.0,0,15.2,0.149
3500.0,36,14.16,119.9,C2,RENT,58500.0,Verified,2014-05-01,credit_card,11.36,1989-03-01,6.0,1.0,2347.0,14.9,36.0,w,INDIVIDUAL,9.0,1.0,0,6.0,1,25.2,0.06
12000.0,36,15.1,416.58,C2,MORTGAGE,46000.0,Source Verified,2013-12-01,debt_consolidation,31.39,1991-09-01,15.0,0.0,14255.0,52.6,25.0,f,INDIVIDUAL,1.0,0.0,0,5.0,0,22.3,0.261
5825.0,36,13.11,196.58,B4,RENT,20868.0,Verified,2013-05-01,credit_card,22.77,1979-01-01,8.0,0.0,11888.0,86.8,11.0,f,INDIVIDUAL,1.0,0.0,0,6.0,1,34.3,0.279
28000.0,36,8.9,889.09,A5,MORTGAGE,90000.0,Verified,2013-02-01,credit_card,21.37,1996-08-01,20.0,0.0,33544.0,85.8,36.0,f,INDIVIDUAL,0.0,0.0,0,7.0,0,16.5,0.311
10000.0,36,15.31,348.18,C4,RENT,80000.0,Verified,2014-04-01,debt_consolidation,17.85,1997-10-01,7.0,1.0,6560.0,85.0,22.0,f,INDIVIDUAL,1.0,1.0,0,1.0,0,16.5,0.125
35000.0,36,12.99,1179.12,C1,MORTGAGE,180000.0,Verified,2014-07-01,debt_consolidation,12.03,1994-12-01,8.0,0.0,23258.0,80.2,14.0,w,INDIVIDUAL,1.0,0.0,0,2.0,0,19.6,0.194
10000.0,36,10.16,323.43,B1,MORTGAGE,64895.0,Not Verified,2013-01-01,debt_consolidation,10.23,2001-03-01,8.0,1.0,6638.0,57.7,11.0,f,INDIVIDUAL,1.0,1.0,0,4.0,0,11.8,0.154
25000.0,60,16.69,617.16,E3,MORTGAGE,87100.0,Verified,2011-01-01,credit_card,18.39,1995-03-01,16.0,0.0,26007.0,60.3,23.0,f,INDIVIDUAL,1.0,0.0,0,10.0,0,15.8,0.287
10000.0,36,13.11,337.47,B4,RENT,65000.0,Verified,2013-01-01,debt_consolidation,4.86,1989-04-01,7.0,1.0,8394.0,34.1,14.0,f,INDIVIDUAL,0.0,1.0,0,10.0,0,23.8,0.154
14400.0,36,13.68,489.93,C1,RENT,36000.0,Verified,2013-08-01,credit_card,32.7,2005-12-01,9.0,1.0,12849.0,66.9,15.0,w,INDIVIDUAL,0.0,1.0,0,2.0,0,7.7,0.4
6600.0,36,11.53,217.74,B5,MORTGAGE,55000.0,Not Verified,2015-05-01,other,18.46,2006-11-01,9.0,0.0,6756.0,35.9,20.0,f,INDIVIDUAL,0.0,0.0,1,8.0,0,8.5,0.12
5500.0,36,14.65,189.72,C5,RENT,57000.0,Verified,2015-04-01,other,2.78,2006-07-01,16.0,0.0,1073.0,41.3,36.0,f,INDIVIDUAL,0.0,0.0,0,1.0,0,8.8,0.096
35000.0,36,15.31,1218.61,C2,MORTGAGE,136000.0,Verified,2013-06-01,debt_consolidation,12.24,1991-12-01,20.0,0.0,40122.0,47.9,57.0,f,INDIVIDUAL,12.0,0.0,0,10.0,0,21.5,0.257
10000.0,36,15.1,347.15,C2,MORTGAGE,31000.0,Verified,2013-11-01,credit_card,23.42,2000-10-01,9.0,0.0,6765.0,72.7,18.0,f,INDIVIDUAL,2.0,0.0,0,10.0,0,13.1,0.323
15000.0,36,12.99,505.34,B5,MORTGAGE,69000.0,Verified,2014-02-01,other,26.19,2006-04-01,9.0,0.0,5849.0,35.4,20.0,f,INDIVIDUAL,2.0,0.0,0,5.0,0,7.8,0.217
4000.0,36,11.14,131.23,B2,MORTGAGE,80000.0,Not Verified,2013-01-01,debt_consolidation,12.2,2002-05-01,7.0,0.0,7153.0,96.7,14.0,f,INDIVIDUAL,1.0,0.0,0,5.0,0,10.7,0.05
9625.0,36,13.68,327.47,C1,OWN,28000.0,Not Verified,2013-08-01,credit_card,27.86,2005-12-01,17.0,0.0,9632.0,73.5,20.0,f,INDIVIDUAL,0.0,0.0,1,6.0,0,7.7,0.344
6600.0,36,9.99,212.94,B3,RENT,110000.0,Not Verified,2015-07-01,other,28.22,2001-10-01,11.0,0.0,27150.0,84.6,22.0,w,INDIVIDUAL,0.0,0.0,1,10.0,0,13.7,0.06
20000.0,60,17.57,503.21,D4,RENT,68000.0,Source Verified,2014-07-01,debt_consolidation,17.1,2006-05-01,10.0,1.0,1585.0,20.9,25.0,w,INDIVIDUAL,3.0,0.0,0,2.0,0,8.2,0.294
6000.0,36,6.03,182.62,A1,MORTGAGE,83700.0,Not Verified,2014-06-01,credit_card,11.71,1985-11-01,6.0,0.0,319.0,10.3,26.0,f,INDIVIDUAL,6.0,0.0,0,10.0,0,28.6,0.072
8500.0,36,13.65,289.07,C1,MORTGAGE,46227.0,Source Verified,2014-05-01,credit_card,16.87,2000-08-01,14.0,0.0,5666.0,23.0,25.0,w,INDIVIDUAL,2.0,0.0,0,8.0,0,13.7,0.184
7600.0,36,17.86,274.23,D5,RENT,25000.0,Verified,2015-10-01,debt_consolidation,28.9,2008-11-01,10.0,1.0,5470.0,29.3,20.0,f,INDIVIDUAL,0.0,1.0,1,10.0,0,6.9,0.304
10000.0,60,11.44,219.63,B4,RENT,85000.0,Not Verified,2015-01-01,major_purchase,20.75,2006-07-01,9.0,0.0,5012.0,25.6,31.0,w,INDIVIDUAL,0.0,0.0,0,3.0,0,8.5,0.118
10000.0,36,17.77,360.38,D1,RENT,42000.0,Not Verified,2013-02-01,debt_consolidation,26.0,2007-02-01,10.0,0.0,9111.0,77.9,12.0,f,INDIVIDUAL,0.0,0.0,0,6.0,0,6.0,0.238
15450.0,36,13.99,527.97,C3,MORTGAGE,36800.0,Source Verified,2016-07-01,debt_consolidation,23.06,2000-11-01,5.0,0.0,23075.0,57.3,12.0,f,INDIVIDUAL,2.0,0.0,0,4.0,0,15.7,0.42
13000.0,36,11.49,428.63,B5,RENT,58000.0,Verified,2016-07-01,debt_consolidation,22.3,2008-12-01,15.0,0.0,10044.0,23.4,24.0,f,INDIVIDUAL,0.0,0.0,0,2.0,0,7.6,0.224
29850.0,60,16.99,741.69,D3,RENT,65000.0,Source Verified,2014-10-01,credit_card,19.31,1977-01-01,14.0,0.0,37989.0,44.0,37.0,f,INDIVIDUAL,4.0,0.0,1,0.0,0,37.7,0.459
27300.0,36,8.9,866.87,A5,MORTGAGE,69492.0,Source Verified,2012-09-01,debt_consolidation,17.32,1997-03-01,9.0,0.0,28628.0,54.1,17.0,f,INDIVIDUAL,0.0,0.0,0,10.0,0,15.5,0.393
8000.0,36,17.27,286.3,C5,RENT,52986.0,Not Verified,2012-07-01,wedding,15.26,2002-09-01,15.0,0.0,1233.0,12.2,23.0,f,INDIVIDUAL,0.0,0.0,1,10.0,0,9.8,0.151
8000.0,36,6.03,243.49,A1,MORTGAGE,44000.0,Not Verified,2013-03-01,home_improvement,18.11,1989-12-01,10.0,0.0,9647.0,27.5,24.0,f,INDIVIDUAL,1.0,0.0,0,4.0,0,23.2,0.182
13350.0,36,13.98,456.15,C3,MORTGAGE,106000.0,Source Verified,2014-06-01,debt_consolidation,11.5,2001-03-01,8.0,0.0,6357.0,82.6,18.0,w,INDIVIDUAL,4.0,0.0,0,2.0,0,13.3,0.126
15000.0,36,12.49,501.74,B4,RENT,102000.0,Verified,2014-02-01,debt_consolidation,15.51,1993-04-01,12.0,0.0,17459.0,72.4,38.0,f,INDIVIDUAL,0.0,0.0,0,10.0,0,20.8,0.147
10000.0,36,7.69,311.94,A4,RENT,55200.0,Not Verified,2014-08-01,credit_card,17.91,2008-09-01,11.0,0.0,10696.0,58.4,16.0,f,INDIVIDUAL,0.0,0.0,0,0.0,0,5.9,0.181
9450.0,36,12.35,315.46,B4,OWN,50000.0,Not Verified,2013-08-01,debt_consolidation,12.74,2004-10-01,10.0,0.0,4631.0,31.9,12.0,f,INDIVIDUAL,0.0,0.0,0,8.0,0,8.8,0.189
25000.0,60,19.03,648.93,E2,MORTGAGE,87000.0,Verified,2011-12-01,debt_consolidation,22.25,2000-12-01,11.0,0.0,6180.0,24.3,28.0,f,INDIVIDUAL,2.0,0.0,1,2.0,0,11.0,0.287
8800.0,36,8.9,279.43,A5,RENT,33000.0,Not Verified,2014-03-01,debt_consolidation,20.76,1996-12-01,7.0,0.0,5562.0,39.7,32.0,f,INDIVIDUAL,0.0,0.0,0,10.0,0,17.2,0.267
12000.0,36,14.33,412.06,C1,RENT,47000.0,Not Verified,2013-03-01,credit_card,9.71,2003-11-01,8.0,0.0,12805.0,87.7,21.0,f,INDIVIDUAL,0.0,0.0,0,8.0,0,9.3,0.255
26400.0,36,11.49,870.45,B5,MORTGAGE,95000.0,Source Verified,2016-12-01,debt_consolidation,19.15,1997-08-01,15.0,0.0,617.0,1.1,27.0,w,INDIVIDUAL,4.0,0.0,0,3.0,0,19.3,0.278
10625.0,36,11.55,350.63,B3,MORTGAGE,32000.0,Not Verified,2013-09-01,debt_consolidation,10.05,2001-04-01,8.0,0.0,10778.0,40.7,16.0,f,INDIVIDUAL,3.0,0.0,0,3.0,0,12.4,0.332
7500.0,36,12.35,250.37,B4,MORTGAGE,100000.0,Not Verified,2013-09-01,debt_consolidation,20.32,1980-03-01,18.0,1.0,10503.0,55.6,48.0,f,INDIVIDUAL,3.0,1.0,0,6.0,0,33.5,0.075
10000.0,36,10.49,324.98,B3,RENT,60000.0,Not Verified,2014-11-01,debt_consolidation,9.48,2004-11-01,12.0,0.0,7661.0,84.2,27.0,f,INDIVIDUAL,0.0,0.0,1,3.0,0,10.0,0.167
20000.0,60,12.99,454.96,B4,MORTGAGE,80000.0,Source Verified,2013-11-01,credit_card,13.1,1998-04-01,9.0,0.0,18413.0,49.6,25.0,w,INDIVIDUAL,4.0,0.0,0,10.0,0,15.6,0.25
24000.0,60,13.66,554.22,C3,RENT,100000.0,Verified,2015-01-01,credit_card,19.49,2006-06-01,18.0,0.0,16949.0,81.9,28.0,f,INDIVIDUAL,0.0,0.0,0,0.0,0,8.6,0.24
20000.0,36,10.99,654.68,B4,RENT,151000.0,Source Verified,2015-10-01,debt_consolidation,4.03,1986-04-01,8.0,0.0,6886.0,16.0,17.0,w,INDIVIDUAL,1.0,0.0,0,1.0,0,29.5,0.132
16425.0,36,10.16,531.23,B1,MORTGAGE,61200.0,Source Verified,2013-05-01,debt_consolidation,4.34,1993-08-01,13.0,0.0,9389.0,26.5,23.0,w,INDIVIDUAL,1.0,0.0,1,2.0,0,19.7,0.268
10000.0,60,19.22,260.62,D4,MORTGAGE,86000.0,Verified,2013-12-01,small_business,7.09,1990-11-01,4.0,0.0,8176.0,77.9,21.0,f,INDIVIDUAL,3.0,0.0,0,5.0,0,23.1,0.116
14700.0,36,6.68,451.75,A3,RENT,65000.0,Source Verified,2015-02-01,debt_consolidation,24.54,2004-06-01,10.0,0.0,7848.0,32.7,16.0,w,INDIVIDUAL,0.0,0.0,0,5.0,0,10.7,0.226
32000.0,60,20.99,865.53,E4,RENT,90000.0,Verified,2014-08-01,debt_consolidation,9.34,1996-08-01,15.0,0.0,32208.0,57.4,21.0,w,INDIVIDUAL,0.0,0.0,0,10.0,0,18.0,0.356
14400.0,36,6.03,438.28,A1,MORTGAGE,75000.0,Verified,2012-09-01,debt_consolidation,20.58,1994-09-01,14.0,0.0,11881.0,22.6,40.0,f,INDIVIDUAL,4.0,0.0,0,10.0,0,18.0,0.192
5000.0,36,6.39,153.0,A2,MORTGAGE,52000.0,Not Verified,2015-05-01,credit_card,16.06,1991-12-01,7.0,1.0,13057.0,42.4,27.0,w,INDIVIDUAL,5.0,1.0,0,10.0,0,23.4,0.096
13000.0,36,12.12,432.54,B3,MORTGAGE,56000.0,Not Verified,2013-01-01,credit_card,5.89,1999-07-01,7.0,1.0,8543.0,68.9,17.0,f,INDIVIDUAL,5.0,1.0,0,10.0,0,13.5,0.232
6000.0,36,7.9,187.75,A4,RENT,26400.0,Source Verified,2012-01-01,medical,13.41,2005-11-01,3.0,0.0,1251.0,21.6,6.0,f,INDIVIDUAL,0.0,0.0,0,4.0,0,6.2,0.227
5950.0,36,12.12,197.97,B3,OWN,22150.0,Not Verified,2012-11-01,debt_consolidation,27.63,1999-05-01,8.0,0.0,8583.0,71.5,15.0,f,INDIVIDUAL,0.0,0.0,0,10.0,0,13.5,0.269
4000.0,36,8.18,125.68,B1,OWN,120000.0,Source Verified,2015-11-01,other,18.2,1990-11-01,12.0,0.0,30248.0,75.4,35.0,w,INDIVIDUAL,6.0,0.0,0,3.0,0,25.0,0.033
27000.0,36,14.49,929.24,C4,MORTGAGE,76626.0,Source Verified,2014-10-01,debt_consolidation,27.51,1997-09-01,18.0,0.0,19069.0,47.4,47.0,f,INDIVIDUAL,11.0,0.0,0,10.0,0,17.1,0.352
3500.0,36,7.68,109.17,A2,RENT,30000.0,Not Verified,2008-03-01,credit_card,2.52,1997-09-01,3.0,0.0,2096.0,46.6,7.0,f,INDIVIDUAL,0.0,0.0,0,0.0,0,10.5,0.117
14400.0,36,10.99,471.37,B4,RENT,50000.0,Not Verified,2015-10-01,debt_consolidation,35.6,2001-11-01,9.0,0.0,12360.0,79.2,32.0,w,INDIVIDUAL,0.0,0.0,0,7.0,0,13.9,0.288
8200.0,36,10.99,268.42,B2,MORTGAGE,100000.0,Verified,2013-10-01,debt_consolidation,9.38,1983-09-01,9.0,0.0,7429.0,49.9,36.0,f,INDIVIDUAL,4.0,0.0,1,4.0,0,30.1,0.082
4000.0,36,23.43,155.74,F1,RENT,37440.0,Not Verified,2014-05-01,medical,1.33,1994-02-01,3.0,0.0,3705.0,15.6,10.0,f,INDIVIDUAL,0.0,0.0,0,10.0,0,20.2,0.107
6000.0,36,7.9,187.75,A4,MORTGAGE,60000.0,Not Verified,2014-01-01,debt_consolidation,14.14,1981-07-01,12.0,0.0,5303.0,23.9,19.0,w,INDIVIDUAL,2.0,0.0,0,10.0,0,32.5,0.1
21600.0,60,14.46,507.77,C4,RENT,50000.0,Not Verified,2016-06-01,debt_consolidation,20.4,2008-04-01,8.0,1.0,17588.0,89.7,11.0,f,INDIVIDUAL,0.0,1.0,0,5.0,0,8.2,0.432
30000.0,36,18.92,1098.47,D4,MORTGAGE,74000.0,Verified,2014-03-01,debt_consolidation,28.07,1991-12-01,13.0,0.0,4246.0,53.1,35.0,f,INDIVIDUAL,5.0,0.0,0,6.0,1,22.2,0.405
8400.0,36,15.8,294.5,C3,RENT,38000.0,Not Verified,2012-07-01,debt_consolidation,29.19,2004-03-01,15.0,0.0,9208.0,85.7,20.0,f,INDIVIDUAL,0.0,0.0,0,0.0,0,8.3,0.221
16000.0,60,12.29,358.27,C1,MORTGAGE,53300.0,Source Verified,2015-09-01,credit_card,26.38,2004-05-01,16.0,0.0,9847.0,33.4,30.0,w,INDIVIDUAL,4.0,0.0,1,10.0,0,11.3,0.3
29675.0,36,12.49,992.6,B5,RENT,130000.0,Verified,2014-10-01,debt_consolidation,28.61,2003-01-01,11.0,0.0,34084.0,74.7,15.0,f,INDIVIDUAL,0.0,0.0,0,4.0,0,11.7,0.228
10000.0,36,11.99,332.1,B3,RENT,45000.0,Not Verified,2014-01-01,other,23.23,1998-11-01,14.0,0.0,16293.0,45.8,20.0,f,INDIVIDUAL,0.0,0.0,0,10.0,0,15.2,0.222
15600.0,36,18.99,571.76,E1,RENT,86500.0,Source Verified,2014-07-01,debt_consolidation,23.18,1998-03-01,9.0,0.0,3273.0,22.6,24.0,w,INDIVIDUAL,1.0,0.0,0,10.0,0,16.3,0.18
14400.0,36,6.62,442.14,A2,RENT,60000.0,Source Verified,2012-05-01,debt_consolidation,13.82,2004-12-01,8.0,0.0,2329.0,6.3,32.0,f,INDIVIDUAL,0.0,0.0,0,5.0,0,7.4,0.24
12000.0,36,7.89,375.43,A5,MORTGAGE,101000.0,Not Verified,2015-10-01,home_improvement,31.81,2003-04-01,14.0,0.0,7408.0,21.9,36.0,w,INDIVIDUAL,4.0,0.0,0,10.0,0,12.5,0.119
4200.0,36,17.1,149.96,C5,RENT,46000.0,Not Verified,2013-10-01,credit_card,13.68,2009-05-01,6.0,0.0,1317.0,15.0,12.0,f,INDIVIDUAL,0.0,0.0,0,2.0,0,4.4,0.091
9600.0,36,9.99,309.72,B3,MORTGAGE,85000.0,Verified,2015-08-01,debt_consolidation,7.81,1989-07-01,10.0,1.0,7020.0,58.5,29.0,f,INDIVIDUAL,3.0,1.0,0,4.0,0,26.1,0.113
3000.0,36,17.77,108.12,D1,RENT,63000.0,Not Verified,2013-05-01,credit_card,11.66,1997-12-01,7.0,0.0,13133.0,92.5,26.0,f,INDIVIDUAL,0.0,0.0,0,7.0,0,15.4,0.048
9950.0,36,16.59,352.72,D1,RENT,25000.0,Source Verified,2014-02-01,debt_consolidation,13.97,2000-07-01,7.0,0.0,13434.0,85.0,15.0,w,INDIVIDUAL,1.0,0.0,1,5.0,0,13.6,0.398
24000.0,36,11.55,792.0,B3,RENT,104000.0,Verified,2013-09-01,debt_consolidation,7.48,2007-12-01,10.0,0.0,23495.0,53.8,13.0,f,INDIVIDUAL,0.0,0.0,0,5.0,0,5.8,0.231
5500.0,36,10.16,177.89,B1,MORTGAGE,38838.0,Verified,2012-10-01,debt_consolidation,23.2,2005-05-01,8.0,0.0,8806.0,54.7,13.0,w,INDIVIDUAL,1.0,0.0,1,9.0,0,7.4,0.142
5000.0,36,8.67,158.24,B1,RENT,58300.0,Source Verified,2015-01-01,debt_consolidation,27.03,2004-09-01,17.0,0.0,15791.0,77.8,36.0,f,INDIVIDUAL,0.0,0.0,0,10.0,0,10.3,0.086
2500.0,36,12.35,83.46,B4,MORTGAGE,26900.0,Not Verified,2013-08-01,debt_consolidation,12.49,1976-03-01,6.0,1.0,8611.0,69.4,11.0,w,INDIVIDUAL,2.0,1.0,0,5.0,0,37.4,0.093
24000.0,60,14.33,562.56,C5,MORTGAGE,108000.0,Not Verified,2015-11-01,credit_card,13.57,1991-04-01,21.0,0.0,13010.0,46.3,36.0,w,INDIVIDUAL,2.0,0.0,0,10.0,0,24.6,0.222
14000.0,60,13.99,325.69,C4,MORTGAGE,41000.0,Source Verified,2015-05-01,debt_consolidation,27.96,1995-11-01,8.0,0.0,35148.0,85.3,14.0,f,INDIVIDUAL,1.0,0.0,0,10.0,0,19.5,0.341
35000.0,36,11.99,1162.34,B5,RENT,150000.0,Verified,2015-01-01,credit_card,20.42,1992-06-01,13.0,0.0,26695.0,89.1,20.0,f,INDIVIDUAL,1.0,0.0,0,5.0,0,22.6,0.233
7825.0,36,18.92,286.52,D4,RENT,53000.0,Verified,2014-05-01,debt_consolidation,30.96,2003-08-01,13.0,0.0,7832.0,45.5,31.0,w,INDIVIDUAL,1.0,0.0,0,1.0,0,10.7,0.148
12800.0,36,10.64,416.88,B2,RENT,50000.0,Not Verified,2013-06-01,credit_card,23.9,1999-10-01,10.0,0.0,13100.0,76.1,34.0,w,INDIVIDUAL,0.0,0.0,0,0.0,0,13.7,0.256
7200.0,36,6.62,221.07,A2,MORTGAGE,120000.0,Not Verified,2013-01-01,home_improvement,22.42,1995-04-01,9.0,0.0,3425.0,14.3,19.0,f,INDIVIDUAL,2.0,0.0,0,10.0,0,17.8,0.06
34875.0,60,26.06,1045.42,G5,RENT,150000.0,Source Verified,2014-11-01,small_business,5.99,2005-09-01,7.0,0.0,11065.0,57.9,12.0,w,INDIVIDUAL,1.0,0.0,0,8.0,0,9.2,0.232
4700.0,36,16.99,167.55,D3,MORTGAGE,32240.0,Not Verified,2015-07-01,other,4.13,2004-06-01,5.0,1.0,1046.0,15.0,25.0,w,INDIVIDUAL,1.0,1.0,0,10.0,0,11.1,0.146
8000.0,36,11.14,262.45,B2,MORTGAGE,32000.0,Verified,2013-06-01,credit_card,6.19,1994-02-01,4.0,0.0,6186.0,75.4,10.0,f,INDIVIDUAL,3.0,0.0,0,6.0,1,19.3,0.25
10000.0,36,9.17,318.79,B2,RENT,75000.0,Source Verified,2015-07-01,credit_card,21.25,1984-04-01,11.0,2.0,10564.0,64.0,48.0,w,INDIVIDUAL,3.0,2.0,0,9.0,0,31.2,0.133
24000.0,36,15.31,835.62,C3,MORTGAGE,88428.48,Source Verified,2012-05-01,debt_consolidation,13.04,1998-08-01,9.0,0.0,27287.0,63.7,14.0,f,INDIVIDUAL,1.0,0.0,1,10.0,0,13.7,0.271
6000.0,36,11.14,196.84,B2,RENT,62000.0,Source Verified,2013-06-01,house,11.9,2003-06-01,9.0,0.0,14699.0,54.8,18.0,f,INDIVIDUAL,0.0,0.0,0,7.0,0,10.0,0.097
15250.0,60,10.99,331.5,B3,MORTGAGE,71000.0,Not Verified,2011-06-01,debt_consolidation,11.95,1997-05-01,11.0,0.0,15639.0,29.3,25.0,f,INDIVIDUAL,1.0,0.0,0,6.0,0,14.1,0.215
20000.0,36,6.03,608.72,A1,MORTGAGE,145000.0,Source Verified,2013-10-01,credit_card,19.03,1992-09-01,9.0,0.0,25791.0,43.7,28.0,f,INDIVIDUAL,4.0,0.0,0,2.0,0,21.1,0.138
6000.0,36,14.99,207.97,C5,RENT,33000.0,Source Verified,2014-10-01,debt_consolidation,30.33,2009-03-01,10.0,0.0,4693.0,38.5,16.0,f,INDIVIDUAL,0.0,0.0,1,6.0,0,5.6,0.182
12000.0,36,10.99,392.81,B4,RENT,55000.0,Verified,2015-07-01,debt_consolidation,35.68,2001-04-01,14.0,0.0,6481.0,18.3,29.0,w,INDIVIDUAL,0.0,0.0,0,6.0,0,14.2,0.218
12800.0,36,12.99,431.23,C1,RENT,45000.0,Source Verified,2014-06-01,debt_consolidation,18.93,2000-05-01,11.0,0.0,6788.0,49.9,22.0,w,INDIVIDUAL,1.0,0.0,0,10.0,0,14.1,0.284
2000.0,36,16.99,71.3,D3,RENT,20000.0,Verified,2015-03-01,debt_consolidation,39.32,2006-10-01,8.0,0.0,6283.0,63.5,17.0,w,INDIVIDUAL,0.0,0.0,1,6.0,1,8.4,0.1
19875.0,60,22.15,550.63,E5,MORTGAGE,55000.0,Verified,2014-06-01,debt_consolidation,21.14,1992-05-01,11.0,1.0,17471.0,66.2,32.0,f,INDIVIDUAL,2.0,0.0,1,6.0,1,22.1,0.361
10000.0,36,10.15,323.38,B2,MORTGAGE,50000.0,Not Verified,2014-07-01,debt_consolidation,20.08,1999-08-01,13.0,1.0,6499.0,28.0,21.0,w,INDIVIDUAL,1.0,1.0,0,10.0,0,14.9,0.2
23000.0,36,6.03,700.02,A1,RENT,100000.0,Verified,2013-11-01,debt_consolidation,19.09,1995-01-01,12.0,0.0,8189.0,14.3,38.0,f,INDIVIDUAL,0.0,0.0,0,0.0,0,18.8,0.23
24000.0,36,8.9,762.08,A5,MORTGAGE,77000.0,Source Verified,2014-03-01,debt_consolidation,21.91,1986-12-01,20.0,0.0,30489.0,53.5,32.0,f,INDIVIDUAL,4.0,0.0,0,3.0,0,27.2,0.312
11400.0,60,19.52,299.0,E3,RENT,36920.0,Source Verified,2015-03-01,debt_consolidation,35.92,2003-11-01,13.0,0.0,8630.0,64.9,20.0,f,INDIVIDUAL,0.0,0.0,1,5.0,0,11.3,0.309
30000.0,60,20.89,809.75,F1,MORTGAGE,170004.0,Verified,2011-10-01,debt_consolidation,15.95,1999-12-01,10.0,0.0,101058.0,80.2,31.0,f,INDIVIDUAL,2.0,0.0,0,6.0,0,11.8,0.176
2650.0,36,15.31,92.27,C2,OWN,56000.0,Source Verified,2013-04-01,debt_consolidation,28.22,1981-01-01,12.0,0.0,8495.0,55.2,32.0,w,INDIVIDUAL,0.0,0.0,0,10.0,0,32.2,0.047
6625.0,36,17.14,236.67,D4,RENT,33000.0,Source Verified,2015-01-01,debt_consolidation,8.58,2004-06-01,18.0,0.0,4903.0,67.2,29.0,f,INDIVIDUAL,0.0,0.0,0,1.0,0,10.6,0.201
14000.0,36,17.99,506.07,D2,MORTGAGE,84000.0,Source Verified,2012-06-01,debt_consolidation,7.18,2003-03-01,7.0,0.0,9599.0,73.8,13.0,f,INDIVIDUAL,1.0,0.0,1,5.0,0,9.3,0.167
11000.0,36,15.99,386.68,C5,RENT,46000.0,Source Verified,2016-10-01,debt_consolidation,20.19,2003-09-01,9.0,1.0,2327.0,15.2,21.0,w,INDIVIDUAL,0.0,1.0,0,1.0,0,13.1,0.239
7200.0,36,8.0,225.62,A3,RENT,59000.0,Not Verified,2009-06-01,credit_card,8.95,1985-04-01,8.0,0.0,14824.0,30.5,14.0,f,INDIVIDUAL,0.0,0.0,0,2.0,0,24.2,0.122
6500.0,36,7.9,203.39,A4,MORTGAGE,36000.0,Verified,2012-10-01,other,17.73,1994-01-01,11.0,1.0,5804.0,29.8,23.0,f,INDIVIDUAL,2.0,0.0,0,9.0,0,18.7,0.181
16000.0,36,5.32,481.84,A1,RENT,56000.0,Not Verified,2015-07-01,debt_consolidation,20.9,2003-11-01,19.0,0.0,7306.0,39.3,37.0,w,INDIVIDUAL,0.0,0.0,0,6.0,0,11.7,0.286
9550.0,36,16.29,337.12,D2,OWN,24000.0,Source Verified,2014-05-01,debt_consolidation,33.75,1998-10-01,21.0,0.0,16662.0,70.6,31.0,f,INDIVIDUAL,0.0,0.0,1,3.0,0,15.6,0.398
13700.0,36,18.49,498.67,D2,RENT,93000.0,Verified,2013-06-01,debt_consolidation,13.29,2007-02-01,5.0,0.0,356.0,27.4,8.0,f,INDIVIDUAL,0.0,0.0,0,4.0,0,6.3,0.147
2000.0,36,19.05,73.37,D4,RENT,62000.0,Not Verified,2013-02-01,other,22.87,2004-12-01,10.0,0.0,16734.0,64.4,23.0,f,INDIVIDUAL,0.0,0.0,0,9.0,0,8.2,0.032
22000.0,60,14.65,519.35,C3,MORTGAGE,85500.0,Verified,2011-12-01,credit_card,27.9,1989-09-01,14.0,0.0,36833.0,60.0,34.0,f,INDIVIDUAL,2.0,0.0,1,10.0,0,22.2,0.257
12000.0,60,15.22,286.87,C3,MORTGAGE,140000.0,Source Verified,2013-09-01,home_improvement,10.97,1992-09-01,10.0,0.0,7429.0,70.8,22.0,f,INDIVIDUAL,5.0,0.0,0,7.0,0,21.0,0.086
15000.0,60,14.85,355.67,C5,OWN,130000.0,Source Verified,2016-01-01,credit_card,15.72,1994-07-01,17.0,0.0,28691.0,54.8,58.0,w,INDIVIDUAL,4.0,0.0,1,1.0,0,21.5,0.115
15000.0,36,8.9,476.3,A5,MORTGAGE,80000.0,Verified,2013-03-01,credit_card,18.99,1989-06-01,13.0,0.0,29960.0,85.5,33.0,f,INDIVIDUAL,4.0,0.0,0,6.0,1,23.7,0.188
9600.0,36,8.9,304.84,A5,MORTGAGE,65000.0,Source Verified,2013-03-01,debt_consolidation,7.72,1979-09-01,10.0,0.0,8775.0,41.6,16.0,w,INDIVIDUAL,1.0,0.0,0,6.0,0,33.5,0.148
7425.0,36,11.67,245.45,B4,RENT,25000.0,Source Verified,2014-07-01,debt_consolidation,13.06,2000-10-01,7.0,0.0,9994.0,34.8,9.0,w,INDIVIDUAL,0.0,0.0,0,1.0,0,13.7,0.297
9000.0,36,13.11,303.73,B4,MORTGAGE,60000.0,Not Verified,2012-09-01,wedding,24.88,2001-04-01,12.0,0.0,4621.0,29.4,26.0,f,INDIVIDUAL,0.0,0.0,0,6.0,0,11.4,0.15
14000.0,60,22.45,390.26,F1,RENT,45000.0,Verified,2016-01-01,debt_consolidation,20.03,2007-04-01,16.0,0.0,5505.0,45.5,44.0,f,INDIVIDUAL,0.0,0.0,0,2.0,0,8.8,0.311
30000.0,60,17.57,754.81,D4,MORTGAGE,110000.0,Verified,2014-06-01,debt_consolidation,12.11,2002-01-01,11.0,0.0,11729.0,30.4,25.0,w,INDIVIDUAL,2.0,0.0,0,9.0,0,12.4,0.273
11500.0,36,7.62,358.36,A3,MORTGAGE,70000.0,Verified,2013-11-01,debt_consolidation,26.88,1999-08-01,12.0,0.0,3014.0,47.8,27.0,f,INDIVIDUAL,2.0,0.0,0,4.0,0,14.3,0.164
15625.0,36,11.99,518.9,B3,MORTGAGE,50000.0,Source Verified,2013-11-01,debt_consolidation,9.0,2004-10-01,12.0,0.0,20938.0,43.9,22.0,w,INDIVIDUAL,1.0,0.0,0,9.0,0,9.1,0.312
7500.0,36,12.49,250.87,B5,MORTGAGE,122000.0,Verified,2014-09-01,credit_card,14.7,1999-03-01,15.0,1.0,3956.0,21.5,39.0,w,INDIVIDUAL,3.0,0.0,0,7.0,0,15.5,0.061
16000.0,36,9.17,510.07,B1,MORTGAGE,75000.0,Verified,2014-08-01,debt_consolidation,23.71,1996-03-01,12.0,0.0,31040.0,46.6,31.0,f,INDIVIDUAL,5.0,0.0,0,10.0,0,18.4,0.213
16000.0,60,12.99,363.97,C2,MORTGAGE,185000.0,Source Verified,2016-04-01,home_improvement,14.21,2002-08-01,12.0,1.0,19339.0,52.6,29.0,f,INDIVIDUAL,2.0,0.0,0,6.0,0,13.7,0.086
10500.0,36,7.62,327.2,A3,MORTGAGE,48000.0,Verified,2013-05-01,debt_consolidation,21.35,1997-09-01,11.0,0.0,21184.0,42.7,27.0,f,INDIVIDUAL,3.0,0.0,0,10.0,0,15.7,0.219
4675.0,36,12.12,155.55,B3,RENT,44500.0,Not Verified,2012-07-01,debt_consolidation,16.57,1998-07-01,10.0,0.0,13030.0,71.2,11.0,f,INDIVIDUAL,0.0,0.0,0,2.0,0,14.0,0.105
14400.0,36,9.17,459.06,B2,MORTGAGE,54000.0,Not Verified,2015-10-01,debt_consolidation,24.64,1998-10-01,10.0,0.0,13442.0,47.3,28.0,f,INDIVIDUAL,5.0,0.0,0,4.0,0,17.0,0.267
21000.0,36,8.9,666.82,A5,MORTGAGE,99024.0,Source Verified,2013-11-01,credit_card,25.08,1999-11-01,15.0,0.0,47855.0,79.5,27.0,w,INDIVIDUAL,4.0,0.0,0,7.0,0,14.0,0.212
7000.0,36,7.12,216.53,A3,MORTGAGE,93500.0,Source Verified,2014-10-01,debt_consolidation,26.38,1997-06-01,15.0,0.0,55800.0,71.8,26.0,f,INDIVIDUAL,3.0,0.0,1,7.0,0,17.3,0.075
18000.0,60,20.49,481.82,E1,MORTGAGE,47000.0,Verified,2012-12-01,debt_consolidation,15.4,1993-04-01,12.0,0.0,13578.0,65.9,17.0,f,INDIVIDUAL,2.0,0.0,0,6.0,0,19.7,0.383
19500.0,36,18.75,712.34,D3,MORTGAGE,95000.0,Verified,2013-05-01,debt_consolidation,7.68,1991-01-01,10.0,0.0,19790.0,84.6,23.0,f,INDIVIDUAL,4.0,0.0,0,10.0,0,22.3,0.205
25150.0,36,12.49,841.24,B5,RENT,203000.0,Verified,2014-05-01,debt_consolidation,18.31,1996-11-01,16.0,0.0,46306.0,49.4,29.0,w,INDIVIDUAL,1.0,0.0,0,4.0,0,17.5,0.124
10925.0,60,12.99,248.53,C2,MORTGAGE,50000.0,Source Verified,2015-02-01,debt_consolidation,11.38,1994-03-01,9.0,1.0,6226.0,50.2,31.0,w,INDIVIDUAL,2.0,1.0,0,10.0,0,20.9,0.218
21000.0,36,7.62,654.39,A3,RENT,105000.0,Verified,2014-01-01,credit_card,20.36,1995-05-01,10.0,0.0,39300.0,82.7,23.0,f,INDIVIDUAL,0.0,0.0,0,0.0,0,18.7,0.2
19350.0,60,11.55,426.05,B3,MORTGAGE,44000.0,Verified,2013-07-01,debt_consolidation,24.05,1980-03-01,8.0,0.0,31962.0,76.1,25.0,f,INDIVIDUAL,5.0,0.0,0,6.0,1,33.3,0.44
18000.0,36,9.17,573.83,B2,RENT,120000.0,Verified,2015-12-01,credit_card,20.13,1998-11-01,11.0,0.0,20071.0,66.5,22.0,w,INDIVIDUAL,0.0,0.0,0,8.0,0,17.1,0.15
9000.0,36,12.99,303.21,B4,RENT,55161.6,Not Verified,2013-11-01,debt_consolidation,21.54,1995-09-01,11.0,0.0,19889.0,93.4,27.0,f,INDIVIDUAL,0.0,0.0,1,1.0,0,18.2,0.163
12000.0,36,11.14,393.67,B2,RENT,40000.0,Not Verified,2013-04-01,debt_consolidation,4.8,2000-02-01,3.0,0.0,8076.0,34.2,18.0,f,INDIVIDUAL,0.0,0.0,0,2.0,0,13.2,0.3
11500.0,36,12.12,382.63,B3,MORTGAGE,39000.0,Verified,2013-03-01,debt_consolidation,29.32,1996-01-01,17.0,0.0,19045.0,39.1,39.0,w,INDIVIDUAL,1.0,0.0,0,5.0,0,17.2,0.295
15000.0,36,6.62,460.56,A2,MORTGAGE,135000.0,Not Verified,2013-08-01,debt_consolidation,15.32,1982-09-01,14.0,0.0,61566.0,50.5,32.0,w,INDIVIDUAL,5.0,0.0,0,0.0,0,30.9,0.111
3500.0,36,15.1,121.51,C2,MORTGAGE,43500.0,Verified,2013-09-01,other,26.29,2002-05-01,18.0,0.0,5275.0,18.5,30.0,f,INDIVIDUAL,2.0,0.0,0,9.0,0,11.3,0.08
15000.0,36,7.89,469.29,A5,MORTGAGE,140000.0,Source Verified,2015-10-01,credit_card,15.38,1999-03-01,17.0,1.0,15729.0,22.5,41.0,f,INDIVIDUAL,5.0,1.0,0,2.0,0,16.6,0.107
7200.0,36,11.99,239.11,B3,MORTGAGE,70000.0,Verified,2014-02-01,debt_consolidation,3.86,1997-05-01,9.0,1.0,5899.0,44.4,32.0,f,INDIVIDUAL,5.0,0.0,0,5.0,0,16.8,0.103
8000.0,36,7.9,250.33,A4,RENT,50000.0,Not Verified,2013-08-01,credit_card,9.43,2004-05-01,9.0,0.0,6178.0,47.5,14.0,f,INDIVIDUAL,0.0,0.0,0,5.0,0,9.3,0.16
5375.0,36,17.27,192.36,C5,MORTGAGE,18000.0,Not Verified,2012-10-01,credit_card,21.93,2003-04-01,10.0,0.0,11675.0,65.2,15.0,w,INDIVIDUAL,0.0,0.0,0,7.0,0,9.5,0.299
8000.0,60,15.21,191.21,D2,MORTGAGE,156000.0,Verified,2010-08-01,home_improvement,20.78,1988-07-01,15.0,0.0,2879.0,72.0,40.0,f,INDIVIDUAL,3.0,0.0,0,10.0,0,22.1,0.051
6000.0,36,14.98,207.94,C3,RENT,65000.0,Source Verified,2014-02-01,credit_card,17.98,1991-12-01,15.0,1.0,17204.0,81.5,19.0,f,INDIVIDUAL,0.0,0.0,1,8.0,0,22.2,0.092
5000.0,36,16.99,178.24,D3,RENT,60000.0,Verified,2015-02-01,credit_card,6.29,1990-07-01,17.0,0.0,2996.0,11.8,26.0,f,INDIVIDUAL,0.0,0.0,0,0.0,0,24.6,0.083
6050.0,36,16.29,213.57,C4,MORTGAGE,70000.0,Verified,2012-12-01,debt_consolidation,23.21,2000-12-01,12.0,0.0,8248.0,97.0,39.0,w,INDIVIDUAL,3.0,0.0,0,2.0,0,12.0,0.086
7000.0,36,11.14,229.64,B2,RENT,52000.0,Not Verified,2012-10-01,credit_card,10.08,2006-07-01,6.0,0.0,9240.0,35.0,12.0,w,INDIVIDUAL,0.0,0.0,0,4.0,0,6.3,0.135
15500.0,36,9.67,497.75,B1,RENT,72000.0,Verified,2014-01-01,debt_consolidation,13.8,2006-02-01,11.0,0.0,7485.0,37.4,17.0,f,INDIVIDUAL,0.0,0.0,0,6.0,0,7.9,0.215
5600.0,60,17.56,140.87,E4,MORTGAGE,48000.0,Verified,2010-09-01,major_purchase,7.54,2007-08-01,3.0,0.0,393.0,30.2,4.0,f,INDIVIDUAL,0.0,0.0,0,4.0,0,3.1,0.117
14550.0,36,19.99,540.66,E3,RENT,48500.0,Source Verified,2014-11-01,debt_consolidation,27.64,1985-05-01,15.0,0.0,9793.0,83.0,20.0,f,INDIVIDUAL,0.0,0.0,1,4.0,0,29.5,0.3
35000.0,36,19.52,1292.19,E2,MORTGAGE,114000.0,Verified,2014-05-01,debt_consolidation,19.89,1990-10-01,17.0,0.0,38798.0,56.3,54.0,w,INDIVIDUAL,9.0,0.0,1,10.0,0,23.6,0.307
15000.0,36,11.99,498.15,B3,RENT,65000.0,Not Verified,2014-04-01,credit_card,15.22,2008-11-01,7.0,0.0,17516.0,70.6,9.0,w,INDIVIDUAL,0.0,0.0,0,0.0,0,5.4,0.231
16000.0,36,13.67,544.29,C3,RENT,69000.0,Source Verified,2016-03-01,debt_consolidation,30.49,1998-06-01,30.0,0.0,8612.0,54.5,58.0,w,INDIVIDUAL,0.0,0.0,0,0.0,0,17.7,0.232
13600.0,60,19.52,356.7,E3,RENT,34000.0,Source Verified,2015-02-01,debt_consolidation,17.3,2001-08-01,10.0,0.0,2044.0,92.9,26.0,f,INDIVIDUAL,0.0,0.0,0,3.0,0,13.5,0.4
17000.0,60,23.63,485.42,F3,MORTGAGE,40000.0,Verified,2013-05-01,debt_consolidation,22.07,2006-12-01,9.0,0.0,4993.0,58.1,12.0,f,INDIVIDUAL,1.0,0.0,1,2.0,0,6.4,0.425
6000.0,36,14.49,206.5,C4,RENT,32000.0,Source Verified,2014-05-01,other,18.94,2007-02-01,12.0,0.0,5939.0,57.1,17.0,w,INDIVIDUAL,0.0,0.0,0,2.0,0,7.2,0.188
21000.0,60,13.35,481.59,C2,MORTGAGE,70000.0,Source Verified,2014-10-01,debt_consolidation,11.07,1995-10-01,14.0,0.0,15128.0,40.3,42.0,w,INDIVIDUAL,2.0,0.0,1,9.0,0,19.0,0.3
32000.0,60,10.99,695.6,B3,MORTGAGE,250000.0,Verified,2014-07-01,debt_consolidation,8.03,1995-06-01,8.0,0.0,7253.0,50.7,29.0,f,INDIVIDUAL,6.0,0.0,0,10.0,0,19.1,0.128
14000.0,36,14.3,480.53,C1,RENT,63000.0,Not Verified,2013-11-01,debt_consolidation,4.1,2001-07-01,7.0,0.0,6959.0,37.2,7.0,f,INDIVIDUAL,0.0,0.0,1,1.0,0,12.3,0.222
11500.0,36,14.33,394.89,C2,RENT,33523.52,Verified,2013-08-01,other,8.98,1999-03-01,11.0,0.0,9051.0,54.9,19.0,f,INDIVIDUAL,0.0,0.0,0,10.0,0,14.4,0.343
3100.0,36,7.51,96.45,A3,MORTGAGE,32000.0,Verified,2011-10-01,credit_card,17.55,2001-12-01,6.0,0.0,5389.0,49.0,18.0,f,INDIVIDUAL,1.0,0.0,1,5.0,0,9.8,0.097
5000.0,36,13.79,170.38,C5,RENT,34500.0,Source Verified,2009-04-01,debt_consolidation,7.41,1975-05-01,5.0,0.0,693.0,23.1,9.0,f,INDIVIDUAL,0.0,0.0,0,1.0,0,33.9,0.145
15000.0,36,18.55,546.44,D4,RENT,80000.0,Not Verified,2012-04-01,debt_consolidation,9.93,1989-04-01,11.0,0.0,16271.0,80.7,22.0,f,INDIVIDUAL,0.0,0.0,1,10.0,0,23.0,0.188
21000.0,60,14.99,499.48,C5,MORTGAGE,65000.0,Source Verified,2014-10-01,debt_consolidation,30.48,1992-07-01,19.0,0.0,24030.0,46.0,19.0,f,INDIVIDUAL,0.0,0.0,0,5.0,0,22.3,0.323
19675.0,36,22.4,755.48,E3,OWN,60000.0,Not Verified,2014-01-01,debt_consolidation,19.29,2004-09-01,13.0,0.0,17559.0,81.7,24.0,f,INDIVIDUAL,0.0,0.0,1,5.0,0,9.3,0.328
24000.0,60,16.78,593.63,C5,MORTGAGE,155500.0,Verified,2013-07-01,debt_consolidation,17.29,2002-10-01,22.0,0.0,53881.0,63.2,39.0,f,INDIVIDUAL,5.0,0.0,0,10.0,0,10.7,0.154
20000.0,36,7.62,623.23,A3,MORTGAGE,50000.0,Verified,2013-12-01,major_purchase,12.1,2006-03-01,8.0,0.0,1007.0,5.2,20.0,f,INDIVIDUAL,1.0,0.0,0,0.0,0,7.8,0.4
3600.0,36,15.61,125.88,C5,OWN,11000.0,Verified,2014-05-01,debt_consolidation,15.72,2008-12-01,9.0,0.0,5384.0,59.8,11.0,w,INDIVIDUAL,0.0,0.0,0,2.0,0,5.4,0.327
5000.0,36,16.99,178.24,D3,MORTGAGE,83000.0,Source Verified,2015-06-01,debt_consolidation,22.85,1981-11-01,15.0,0.0,14647.0,65.4,25.0,f,INDIVIDUAL,2.0,0.0,1,10.0,0,33.6,0.06
12800.0,36,10.16,413.99,B1,MORTGAGE,55000.0,Verified,2013-06-01,debt_consolidation,22.45,1998-06-01,15.0,0.0,9180.0,43.1,18.0,w,INDIVIDUAL,2.0,0.0,0,4.0,0,15.0,0.233
24000.0,36,7.9,750.97,A4,MORTGAGE,74000.0,Verified,2013-11-01,debt_consolidation,23.13,1996-09-01,11.0,0.0,15545.0,50.0,33.0,f,INDIVIDUAL,2.0,0.0,0,9.0,0,17.2,0.324
14775.0,36,12.12,491.59,B3,MORTGAGE,125000.0,Verified,2012-09-01,debt_consolidation,14.17,1997-06-01,9.0,0.0,19817.0,68.6,17.0,f,INDIVIDUAL,1.0,0.0,0,1.0,0,15.3,0.118
9600.0,36,10.99,314.25,B2,RENT,27000.0,Not Verified,2014-01-01,credit_card,12.58,1988-08-01,7.0,0.0,8292.0,70.9,22.0,f,INDIVIDUAL,0.0,0.0,0,1.0,0,25.4,0.356
20000.0,36,12.49,668.98,B5,MORTGAGE,179000.0,Source Verified,2014-10-01,debt_consolidation,6.93,1995-11-01,7.0,0.0,8835.0,92.0,26.0,w,INDIVIDUAL,5.0,0.0,0,10.0,0,18.9,0.112
26400.0,36,11.14,866.06,B2,OWN,86000.0,Verified,2012-12-01,debt_consolidation,25.44,1997-12-01,19.0,0.0,34926.0,79.6,33.0,f,INDIVIDUAL,0.0,0.0,1,6.0,0,15.0,0.307
8000.0,36,17.57,287.5,D2,OWN,50000.0,Source Verified,2014-02-01,debt_consolidation,18.0,1998-11-01,9.0,0.0,6153.0,85.5,14.0,w,INDIVIDUAL,0.0,0.0,1,10.0,0,15.3,0.16
3000.0,36,18.99,109.96,E1,MORTGAGE,35000.0,Not Verified,2014-08-01,moving,25.86,1993-08-01,12.0,0.0,13825.0,72.4,26.0,w,INDIVIDUAL,4.0,0.0,0,10.0,0,21.0,0.086
6000.0,36,9.99,193.58,B3,RENT,47000.0,Source Verified,2015-05-01,medical,20.64,2004-09-01,14.0,0.0,10284.0,85.0,14.0,f,INDIVIDUAL,0.0,0.0,0,1.0,0,10.7,0.128
4725.0,36,11.71,156.29,B3,RENT,24000.0,Not Verified,2012-01-01,debt_consolidation,24.4,2003-11-01,10.0,0.0,9337.0,90.7,15.0,f,INDIVIDUAL,0.0,0.0,0,2.0,0,8.2,0.197
9000.0,36,15.31,313.36,C2,OWN,43296.0,Source Verified,2013-05-01,wedding,24.55,1991-02-01,15.0,0.0,6990.0,23.7,23.0,f,INDIVIDUAL,0.0,0.0,0,4.0,0,22.2,0.208
17000.0,36,8.9,539.81,A5,OWN,48000.0,Verified,2013-12-01,debt_consolidation,31.4,1991-06-01,15.0,0.0,17646.0,35.4,33.0,f,INDIVIDUAL,1.0,0.0,0,5.0,0,22.5,0.354
20000.0,60,17.57,503.21,D2,RENT,70000.0,Verified,2013-12-01,debt_consolidation,18.54,2003-02-01,14.0,0.0,11875.0,27.9,29.0,f,INDIVIDUAL,0.0,0.0,0,5.0,0,10.8,0.286
14550.0,36,11.67,480.98,B4,MORTGAGE,86000.0,Not Verified,2014-08-01,debt_consolidation,13.58,1997-08-01,11.0,0.0,18066.0,80.3,30.0,f,INDIVIDUAL,5.0,0.0,0,10.0,0,17.0,0.169
28000.0,60,14.49,658.65,C4,MORTGAGE,220000.0,Source Verified,2016-08-01,debt_consolidation,10.06,2004-05-01,10.0,0.0,9746.0,50.2,22.0,w,INDIVIDUAL,2.0,0.0,0,7.0,0,12.3,0.127
8000.0,36,10.99,261.88,B4,RENT,55000.0,Verified,2015-06-01,debt_consolidation,17.16,1998-08-01,16.0,1.0,4686.0,16.8,23.0,f,INDIVIDUAL,0.0,1.0,0,10.0,0,16.8,0.145
12000.0,60,15.61,289.34,D1,MORTGAGE,45000.0,Verified,2015-03-01,debt_consolidation,39.65,1978-09-01,19.0,0.0,12899.0,30.2,41.0,f,INDIVIDUAL,4.0,0.0,0,6.0,1,36.5,0.267
18000.0,36,7.26,557.94,A4,OWN,135000.0,Not Verified,2015-06-01,credit_card,8.87,1995-09-01,11.0,0.0,21422.0,57.7,30.0,w,INDIVIDUAL,2.0,0.0,1,10.0,0,19.7,0.133
18000.0,36,12.99,606.41,B4,OWN,99814.0,Source Verified,2013-11-01,debt_consolidation,20.01,1998-08-01,15.0,1.0,10603.0,59.2,35.0,f,INDIVIDUAL,4.0,1.0,0,8.0,0,15.3,0.18
3825.0,36,14.99,132.58,C5,MORTGAGE,75000.0,Source Verified,2014-09-01,debt_consolidation,36.15,1999-09-01,17.0,0.0,37417.0,38.2,25.0,f,INDIVIDUAL,2.0,0.0,1,10.0,0,15.0,0.051
25000.0,36,9.17,796.98,B2,RENT,95000.0,Not Verified,2015-12-01,debt_consolidation,4.98,2011-09-01,8.0,0.0,5386.0,9.8,8.0,w,INDIVIDUAL,0.0,0.0,0,2.0,0,4.2,0.263
15000.0,36,10.78,489.52,B4,MORTGAGE,176000.0,Verified,2015-12-01,debt_consolidation,15.09,1995-11-01,21.0,0.0,36460.0,30.8,44.0,w,INDIVIDUAL,14.0,0.0,0,10.0,0,20.1,0.085
9000.0,36,10.65,293.16,B2,OWN,35000.0,Not Verified,2012-01-01,debt_consolidation,10.46,2001-11-01,9.0,0.0,13539.0,57.8,17.0,f,INDIVIDUAL,1.0,0.0,1,10.0,0,10.2,0.257
21650.0,36,12.35,722.72,B4,MORTGAGE,78000.0,Source Verified,2013-09-01,credit_card,25.54,1998-03-01,17.0,0.0,53241.0,68.9,41.0,f,INDIVIDUAL,3.0,0.0,0,3.0,0,15.5,0.278
13200.0,60,11.67,291.44,B4,OWN,35000.0,Verified,2014-11-01,credit_card,8.57,1996-08-01,9.0,0.0,10469.0,32.8,19.0,w,INDIVIDUAL,0.0,0.0,0,3.0,0,18.3,0.377
10000.0,60,14.98,237.8,C3,RENT,60000.0,Verified,2013-12-01,major_purchase,13.56,2006-04-01,17.0,0.0,8983.0,59.9,20.0,f,INDIVIDUAL,0.0,0.0,0,2.0,0,7.7,0.167
4000.0,36,11.99,132.84,B3,MORTGAGE,62400.0,Not Verified,2013-11-01,home_improvement,18.42,2001-03-01,8.0,0.0,6790.0,53.0,31.0,f,INDIVIDUAL,1.0,0.0,0,2.0,0,12.7,0.064
24000.0,36,7.62,747.88,A3,MORTGAGE,260000.0,Source Verified,2014-02-01,credit_card,15.26,1993-04-01,21.0,0.0,83002.0,42.7,39.0,w,INDIVIDUAL,4.0,0.0,0,10.0,0,20.8,0.092
35000.0,36,13.67,1190.62,B5,RENT,120000.0,Source Verified,2013-12-01,credit_card,14.03,1999-09-01,17.0,0.0,31861.0,46.9,28.0,w,INDIVIDUAL,1.0,0.0,1,10.0,0,14.3,0.292
12000.0,60,8.88,178.03,B1,MORTGAGE,65000.0,Source Verified,2010-10-01,debt_consolidation,16.1,1996-09-01,13.0,0.0,20845.0,50.6,31.0,f,INDIVIDUAL,2.0,0.0,0,10.0,0,14.1,0.185
10000.0,36,7.51,311.11,A3,OWN,35000.0,Not Verified,2011-12-01,debt_consolidation,17.07,2001-06-01,6.0,0.0,8269.0,66.7,17.0,f,INDIVIDUAL,1.0,0.0,1,5.0,0,10.5,0.286
22800.0,36,9.17,726.84,B1,MORTGAGE,70500.0,Source Verified,2014-10-01,debt_consolidation,13.71,2002-11-01,11.0,0.0,44448.0,71.1,30.0,w,INDIVIDUAL,3.0,0.0,0,6.0,0,11.9,0.323
15000.0,60,14.33,351.6,C2,MORTGAGE,76000.0,Verified,2013-08-01,debt_consolidation,23.27,1996-12-01,10.0,0.0,23514.0,69.0,47.0,f,INDIVIDUAL,2.0,0.0,0,7.0,0,16.7,0.197
16300.0,36,6.03,496.1,A1,MORTGAGE,107000.0,Not Verified,2012-12-01,debt_consolidation,11.18,1996-06-01,8.0,0.0,19577.0,57.4,32.0,f,INDIVIDUAL,7.0,0.0,0,6.0,0,16.5,0.152
15000.0,60,16.99,372.71,D3,MORTGAGE,80000.0,Not Verified,2015-07-01,debt_consolidation,18.65,1987-07-01,11.0,1.0,7633.0,55.3,27.0,f,INDIVIDUAL,1.0,1.0,1,8.0,0,28.0,0.188
20925.0,36,13.67,711.82,C4,OWN,80000.0,Verified,2015-12-01,debt_consolidation,25.56,2001-11-01,9.0,0.0,22856.0,74.7,28.0,w,INDIVIDUAL,4.0,0.0,0,0.0,0,14.1,0.262
15000.0,36,12.69,503.18,C2,RENT,169000.0,Not Verified,2015-05-01,medical,10.29,2003-08-01,18.0,0.0,13256.0,56.6,38.0,f,INDIVIDUAL,1.0,0.0,0,5.0,0,11.7,0.089
7000.0,36,13.98,239.18,C3,RENT,25000.0,Source Verified,2014-05-01,debt_consolidation,29.0,2007-10-01,5.0,0.0,6554.0,88.6,8.0,w,INDIVIDUAL,0.0,0.0,0,2.0,0,6.6,0.28
15000.0,36,12.59,502.46,C2,OWN,75000.0,Source Verified,2015-11-01,debt_consolidation,24.53,2005-03-01,14.0,0.0,5245.0,27.8,24.0,f,INDIVIDUAL,0.0,0.0,1,10.0,0,10.7,0.2
12325.0,60,20.2,327.92,E3,MORTGAGE,60000.0,Verified,2014-10-01,debt_consolidation,22.66,2003-12-01,15.0,0.0,8355.0,18.5,39.0,w,INDIVIDUAL,2.0,0.0,1,2.0,0,10.8,0.205
10000.0,36,17.27,357.88,C5,MORTGAGE,55000.0,Verified,2013-04-01,debt_consolidation,21.97,1992-01-01,8.0,1.0,6155.0,72.4,34.0,f,INDIVIDUAL,3.0,1.0,0,10.0,0,21.2,0.182
10000.0,36,8.99,317.96,B1,MORTGAGE,65000.0,Source Verified,2016-08-01,credit_card,12.22,1999-12-01,10.0,1.0,6032.0,41.9,31.0,f,INDIVIDUAL,3.0,1.0,0,7.0,0,16.7,0.154
10000.0,60,16.24,244.46,C5,OWN,86500.0,Verified,2014-01-01,debt_consolidation,14.84,1995-11-01,8.0,1.0,5789.0,40.2,30.0,f,INDIVIDUAL,7.0,1.0,0,3.0,0,18.2,0.116
20000.0,36,14.3,686.48,C1,MORTGAGE,65000.0,Verified,2013-09-01,debt_consolidation,14.88,2001-09-01,15.0,1.0,9854.0,59.7,20.0,f,INDIVIDUAL,1.0,1.0,0,8.0,0,12.0,0.308
21300.0,60,22.15,590.11,E5,MORTGAGE,77000.0,Source Verified,2014-10-01,debt_consolidation,16.37,2002-09-01,30.0,1.0,19311.0,59.1,47.0,w,INDIVIDUAL,3.0,1.0,0,10.0,0,12.1,0.277
25000.0,60,9.99,531.06,B3,RENT,120000.0,Source Verified,2015-04-01,debt_consolidation,8.12,2003-01-01,6.0,0.0,29587.0,93.0,13.0,w,INDIVIDUAL,2.0,0.0,1,0.0,0,12.2,0.208
6000.0,36,12.12,199.63,B3,MORTGAGE,45000.0,Source Verified,2013-03-01,debt_consolidation,29.04,1995-01-01,12.0,0.0,4077.0,43.4,28.0,f,INDIVIDUAL,4.0,0.0,0,10.0,0,18.2,0.133
8825.0,36,17.57,317.15,D4,MORTGAGE,26000.0,Verified,2015-08-01,other,14.73,2003-04-01,7.0,0.0,0.0,0.0,14.0,f,INDIVIDUAL,2.0,0.0,0,4.0,0,12.3,0.339
9100.0,36,13.99,310.98,C4,RENT,32240.0,Not Verified,2015-03-01,debt_consolidation,10.57,2000-01-01,18.0,0.0,10305.0,32.0,30.0,f,INDIVIDUAL,0.0,0.0,0,3.0,0,15.2,0.282
24000.0,60,15.88,582.11,C4,MORTGAGE,80000.0,Verified,2013-08-01,debt_consolidation,26.7,1997-08-01,12.0,0.0,38491.0,86.9,34.0,f,INDIVIDUAL,5.0,0.0,0,10.0,0,16.0,0.3
21600.0,60,14.65,509.91,C5,MORTGAGE,79554.0,Source Verified,2015-02-01,credit_card,17.8,1999-07-01,15.0,1.0,13845.0,35.1,43.0,w,INDIVIDUAL,3.0,1.0,0,7.0,0,15.6,0.272
15600.0,36,11.44,513.99,B4,MORTGAGE,70000.0,Not Verified,2015-01-01,debt_consolidation,11.66,2003-11-01,12.0,0.0,6932.0,65.4,19.0,w,INDIVIDUAL,2.0,0.0,0,3.0,0,11.2,0.223
24175.0,60,14.16,564.52,C2,OWN,180000.0,Verified,2014-02-01,debt_consolidation,13.45,1991-03-01,12.0,0.0,16624.0,55.2,29.0,f,INDIVIDUAL,7.0,0.0,0,10.0,0,22.9,0.134
14000.0,36,10.99,458.28,B2,RENT,80000.0,Source Verified,2013-10-01,debt_consolidation,31.75,1986-09-01,24.0,0.0,41687.0,38.1,49.0,f,INDIVIDUAL,0.0,0.0,0,9.0,0,27.1,0.175
16000.0,60,11.67,353.25,B4,MORTGAGE,52000.0,Not Verified,2014-10-01,debt_consolidation,11.91,2000-08-01,12.0,1.0,159.0,1.0,34.0,w,INDIVIDUAL,3.0,1.0,0,5.0,0,14.2,0.308
24650.0,60,23.99,708.99,F3,RENT,70000.0,Verified,2015-07-01,debt_consolidation,24.04,1997-01-01,15.0,1.0,6462.0,53.8,49.0,f,INDIVIDUAL,4.0,1.0,0,10.0,0,18.5,0.352
10000.0,36,12.99,336.9,C1,MORTGAGE,90000.0,Not Verified,2014-08-01,debt_consolidation,10.92,1991-08-01,10.0,1.0,6560.0,36.0,29.0,f,INDIVIDUAL,5.0,1.0,0,10.0,0,23.0,0.111
6400.0,36,12.99,215.62,C2,MORTGAGE,38000.0,Verified,2016-02-01,debt_consolidation,27.38,2005-11-01,6.0,1.0,4567.0,37.1,12.0,w,INDIVIDUAL,3.0,1.0,0,10.0,0,10.3,0.168
16000.0,60,13.98,372.13,C3,MORTGAGE,66000.0,Not Verified,2014-07-01,debt_consolidation,25.58,2003-12-01,7.0,0.0,13071.0,78.7,38.0,f,INDIVIDUAL,10.0,0.0,0,7.0,0,10.6,0.242
21000.0,36,11.55,693.0,B3,MORTGAGE,150000.0,Verified,2013-07-01,debt_consolidation,8.43,1995-10-01,9.0,0.0,22641.0,83.9,41.0,f,INDIVIDUAL,0.0,0.0,0,3.0,0,17.7,0.14
20975.0,60,15.99,509.96,D2,MORTGAGE,48500.0,Verified,2014-11-01,debt_consolidation,28.88,1979-03-01,16.0,0.0,36566.0,65.8,22.0,w,INDIVIDUAL,3.0,0.0,0,10.0,0,35.7,0.432
18000.0,60,14.64,424.83,C3,RENT,73000.0,Source Verified,2014-04-01,debt_consolidation,11.34,2003-05-01,19.0,0.0,20567.0,58.4,24.0,f,INDIVIDUAL,0.0,0.0,0,10.0,0,10.9,0.247
9600.0,36,8.39,302.56,A5,MORTGAGE,75000.0,Not Verified,2014-09-01,credit_card,13.44,1984-10-01,7.0,1.0,14480.0,73.9,17.0,f,INDIVIDUAL,5.0,1.0,0,10.0,0,29.9,0.128
20000.0,60,15.65,482.65,D4,RENT,96000.0,Verified,2011-04-01,debt_consolidation,16.02,2001-01-01,11.0,0.0,38776.0,84.8,27.0,f,INDIVIDUAL,2.0,0.0,0,4.0,0,10.2,0.208
11500.0,36,9.71,369.51,B1,RENT,75892.0,Verified,2013-08-01,debt_consolidation,27.6,1999-12-01,14.0,0.0,23573.0,47.3,43.0,f,INDIVIDUAL,1.0,0.0,0,6.0,1,13.7,0.152
7200.0,36,10.16,232.87,B1,OWN,25600.0,Verified,2013-02-01,debt_consolidation,25.31,1978-05-01,5.0,0.0,89014.0,18.6,20.0,w,INDIVIDUAL,0.0,0.0,0,10.0,0,34.8,0.281
10000.0,36,13.53,339.5,B5,MORTGAGE,42000.0,Verified,2014-01-01,small_business,19.8,2005-11-01,10.0,0.0,2106.0,28.1,15.0,w,INDIVIDUAL,1.0,0.0,0,2.0,0,8.2,0.238
10000.0,36,12.39,334.01,C1,MORTGAGE,52000.0,Not Verified,2014-11-01,home_improvement,19.52,2001-08-01,11.0,1.0,7902.0,36.1,32.0,f,INDIVIDUAL,3.0,1.0,0,10.0,0,13.3,0.192
35000.0,60,16.29,856.54,D2,MORTGAGE,114000.0,Verified,2014-05-01,debt_consolidation,12.18,1993-04-01,9.0,2.0,2472.0,8.4,29.0,w,INDIVIDUAL,4.0,0.0,0,10.0,0,21.1,0.307
34800.0,60,21.7,955.22,E2,MORTGAGE,102000.0,Verified,2013-10-01,debt_consolidation,21.95,1995-12-01,30.0,0.0,29398.0,43.9,63.0,f,INDIVIDUAL,6.0,0.0,1,9.0,0,17.8,0.341
9475.0,36,16.99,337.77,D3,RENT,33000.0,Source Verified,2014-10-01,debt_consolidation,20.61,1998-04-01,11.0,0.0,9985.0,27.7,39.0,w,INDIVIDUAL,3.0,0.0,0,3.0,0,16.5,0.287
6500.0,36,6.62,199.58,A2,RENT,75000.0,Source Verified,2012-05-01,other,17.58,1999-11-01,8.0,0.0,2790.0,29.4,31.0,f,INDIVIDUAL,0.0,0.0,0,6.0,0,12.5,0.087
25000.0,36,6.99,771.82,A3,RENT,85000.0,Source Verified,2015-01-01,debt_consolidation,22.84,2002-02-01,17.0,0.0,9596.0,17.8,38.0,w,INDIVIDUAL,2.0,0.0,0,7.0,0,12.9,0.294
20000.0,36,13.67,680.36,B5,RENT,82000.0,Source Verified,2013-10-01,credit_card,20.54,1997-08-01,15.0,0.0,22119.0,71.1,24.0,f,INDIVIDUAL,0.0,0.0,0,0.0,0,16.2,0.244
6000.0,36,14.49,206.5,C4,RENT,58500.0,Verified,2016-09-01,debt_consolidation,24.06,2004-03-01,9.0,0.0,19620.0,43.3,28.0,w,INDIVIDUAL,2.0,0.0,0,4.0,0,12.5,0.103
4000.0,36,7.9,125.17,A4,RENT,52500.0,Not Verified,2012-08-01,credit_card,24.16,1999-06-01,12.0,0.0,12824.0,46.9,20.0,f,INDIVIDUAL,0.0,0.0,0,10.0,0,13.2,0.076
10500.0,36,12.12,349.36,B3,RENT,40000.0,Not Verified,2012-05-01,credit_card,23.86,2004-03-01,6.0,0.0,21867.0,68.5,8.0,f,INDIVIDUAL,0.0,0.0,0,2.0,0,8.2,0.262
20000.0,60,11.86,443.48,B5,MORTGAGE,121400.0,Verified,2010-10-01,debt_consolidation,2.89,1996-08-01,4.0,0.0,63900.0,34.2,16.0,f,INDIVIDUAL,0.0,0.0,0,9.0,0,14.2,0.165
7200.0,36,7.89,225.26,A5,RENT,118456.0,Not Verified,2015-02-01,debt_consolidation,5.68,2003-09-01,10.0,0.0,5458.0,57.5,32.0,f,INDIVIDUAL,0.0,0.0,1,2.0,0,11.4,0.061
14000.0,60,17.57,352.25,D4,MORTGAGE,135000.0,Source Verified,2014-07-01,credit_card,14.91,1998-02-01,33.0,0.0,25461.0,77.2,59.0,w,INDIVIDUAL,1.0,0.0,1,10.0,0,16.4,0.104
14000.0,36,12.49,468.29,B5,RENT,43000.0,Source Verified,2014-06-01,credit_card,25.59,2001-05-01,8.0,0.0,16683.0,95.3,18.0,w,INDIVIDUAL,0.0,0.0,1,5.0,0,13.1,0.326
16000.0,36,6.03,486.97,A1,MORTGAGE,88000.0,Verified,2012-12-01,debt_consolidation,14.48,2000-08-01,11.0,0.0,71838.0,21.0,36.0,w,INDIVIDUAL,7.0,0.0,0,10.0,0,12.3,0.182
10000.0,36,5.32,301.15,A1,RENT,44000.0,Not Verified,2016-05-01,debt_consolidation,13.42,2007-03-01,16.0,0.0,7885.0,14.7,24.0,w,INDIVIDUAL,0.0,0.0,0,6.0,0,9.2,0.227
12000.0,60,20.31,320.01,D5,RENT,60000.0,Verified,2013-07-01,debt_consolidation,14.06,1994-02-01,6.0,1.0,5656.0,65.8,21.0,f,INDIVIDUAL,1.0,1.0,0,5.0,0,19.4,0.2
25500.0,60,19.47,668.1,D5,OWN,65000.0,Source Verified,2014-03-01,debt_consolidation,22.36,2001-08-01,15.0,0.0,15173.0,65.4,31.0,f,INDIVIDUAL,1.0,0.0,0,0.0,0,12.6,0.392
12000.0,36,13.53,407.4,B5,MORTGAGE,46000.0,Not Verified,2013-12-01,debt_consolidation,14.48,2008-09-01,5.0,0.0,4136.0,75.2,10.0,w,INDIVIDUAL,0.0,0.0,0,0.0,0,5.2,0.261
20000.0,36,11.22,656.86,B5,OWN,45000.0,Verified,2015-12-01,credit_card,39.28,1990-08-01,9.0,0.0,41417.0,67.5,50.0,w,INDIVIDUAL,11.0,0.0,1,6.0,1,25.3,0.444
30000.0,36,14.31,1029.86,C4,MORTGAGE,150000.0,Verified,2014-11-01,debt_consolidation,15.26,1993-04-01,8.0,0.0,16155.0,45.1,35.0,f,INDIVIDUAL,4.0,0.0,0,10.0,0,21.6,0.2
15000.0,36,12.29,500.3,C1,MORTGAGE,110000.0,Not Verified,2015-09-01,debt_consolidation,9.36,1996-03-01,5.0,1.0,8124.0,58.0,11.0,w,INDIVIDUAL,3.0,1.0,0,10.0,0,19.5,0.136
7000.0,60,11.99,155.68,B5,MORTGAGE,106452.0,Source Verified,2011-05-01,other,16.33,1994-06-01,6.0,0.0,10253.0,62.1,31.0,f,INDIVIDUAL,2.0,0.0,0,9.0,0,16.9,0.066
7000.0,36,13.99,239.21,C4,RENT,32000.0,Verified,2015-09-01,debt_consolidation,20.48,2003-08-01,14.0,0.0,6033.0,25.8,23.0,w,INDIVIDUAL,0.0,0.0,1,6.0,1,12.1,0.219
12000.0,36,7.9,375.49,A4,MORTGAGE,82000.0,Not Verified,2013-04-01,debt_consolidation,17.9,1996-12-01,18.0,0.0,38941.0,39.3,38.0,f,INDIVIDUAL,6.0,0.0,0,10.0,0,16.3,0.146
12000.0,36,11.53,395.89,B5,MORTGAGE,44000.0,Not Verified,2015-08-01,debt_consolidation,17.19,2000-07-01,12.0,0.0,8483.0,35.5,37.0,f,INDIVIDUAL,5.0,0.0,1,2.0,0,15.1,0.273
17000.0,36,7.62,529.75,A3,MORTGAGE,95000.0,Verified,2013-11-01,credit_card,26.12,1981-06-01,10.0,0.0,14738.0,62.7,26.0,w,INDIVIDUAL,4.0,0.0,0,1.0,0,32.4,0.179
17000.0,60,15.1,405.33,C2,MORTGAGE,64000.0,Verified,2013-11-01,credit_card,22.18,2001-09-01,13.0,0.0,25300.0,53.0,22.0,f,INDIVIDUAL,3.0,0.0,0,0.0,0,12.2,0.266
13000.0,60,16.77,321.48,D2,MORTGAGE,54000.0,Verified,2011-12-01,debt_consolidation,16.0,2001-12-01,11.0,0.0,16791.0,65.8,19.0,f,INDIVIDUAL,1.0,0.0,0,10.0,0,10.0,0.241
5250.0,36,14.64,181.07,C3,MORTGAGE,55500.0,Source Verified,2014-05-01,other,20.09,2000-03-01,12.0,2.0,8072.0,36.0,33.0,f,INDIVIDUAL,0.0,1.0,0,0.0,0,14.2,0.095
30000.0,36,12.88,1009.09,C2,RENT,400000.0,Source Verified,2016-01-01,credit_card,0.17,2005-01-01,4.0,0.0,2953.0,4.0,13.0,f,INDIVIDUAL,0.0,0.0,0,3.0,0,11.0,0.075
16000.0,36,16.99,570.37,D3,MORTGAGE,62000.0,Verified,2015-10-01,debt_consolidation,19.59,2010-11-01,10.0,3.0,7716.0,37.6,19.0,f,INDIVIDUAL,1.0,2.0,1,10.0,0,4.9,0.258
15000.0,36,8.67,474.7,B1,RENT,70000.0,Source Verified,2015-01-01,moving,22.08,2001-10-01,8.0,0.0,11939.0,46.3,52.0,f,INDIVIDUAL,2.0,0.0,0,7.0,0,13.3,0.214
20000.0,36,13.65,680.16,C1,RENT,65000.0,Source Verified,2014-05-01,other,27.82,2007-09-01,10.0,0.0,5029.0,30.9,14.0,w,INDIVIDUAL,0.0,0.0,1,2.0,0,6.7,0.308
25075.0,60,17.27,626.83,C5,MORTGAGE,56025.84,Verified,2013-07-01,debt_consolidation,24.86,2000-12-01,13.0,0.0,33171.0,69.4,28.0,f,INDIVIDUAL,5.0,0.0,1,10.0,0,12.6,0.448
4500.0,36,21.18,169.96,E3,OWN,23000.0,Source Verified,2014-02-01,debt_consolidation,23.43,2000-04-01,6.0,0.0,6419.0,85.6,13.0,f,INDIVIDUAL,2.0,0.0,0,4.0,0,13.8,0.196
11500.0,36,12.39,384.12,C1,RENT,72000.0,Not Verified,2015-02-01,credit_card,19.92,1995-10-01,11.0,0.0,11121.0,77.8,40.0,f,INDIVIDUAL,0.0,0.0,0,10.0,0,19.3,0.16
17600.0,36,9.17,561.07,B1,MORTGAGE,62000.0,Source Verified,2014-05-01,credit_card,14.94,2001-09-01,12.0,0.0,26040.0,77.3,25.0,f,INDIVIDUAL,1.0,0.0,0,3.0,0,12.7,0.284
18400.0,36,12.69,617.23,B5,MORTGAGE,47520.0,Source Verified,2012-01-01,other,18.01,2005-12-01,9.0,0.0,11043.0,91.4,20.0,f,INDIVIDUAL,1.0,0.0,1,2.0,0,6.1,0.387
15000.0,36,12.12,499.08,B3,RENT,55600.0,Not Verified,2013-06-01,debt_consolidation,20.85,1998-10-01,9.0,0.0,18543.0,53.0,24.0,f,INDIVIDUAL,1.0,0.0,0,1.0,0,14.7,0.27
8400.0,36,17.57,301.88,D4,MORTGAGE,35000.0,Not Verified,2014-10-01,small_business,36.9,1998-03-01,14.0,1.0,19723.0,79.2,29.0,f,INDIVIDUAL,2.0,0.0,0,10.0,0,16.6,0.24
7500.0,36,14.27,257.32,C2,RENT,60000.0,Not Verified,2011-12-01,debt_consolidation,16.0,1998-10-01,6.0,0.0,6264.0,65.2,17.0,f,INDIVIDUAL,1.0,0.0,0,6.0,0,13.2,0.125
2000.0,36,21.15,75.51,E2,MORTGAGE,173500.0,Not Verified,2013-08-01,medical,23.58,1988-11-01,18.0,0.0,31990.0,84.9,36.0,w,INDIVIDUAL,5.0,0.0,0,10.0,0,24.7,0.012
8400.0,36,12.29,280.17,C1,RENT,70000.0,Source Verified,2015-09-01,debt_consolidation,33.51,2002-08-01,15.0,0.0,15988.0,75.8,40.0,w,INDIVIDUAL,0.0,0.0,0,2.0,0,13.1,0.12
3600.0,36,11.99,119.56,B5,OWN,60000.0,Not Verified,2014-11-01,credit_card,25.0,1998-08-01,7.0,0.0,940.0,94.0,41.0,f,INDIVIDUAL,4.0,0.0,0,10.0,0,16.3,0.06
9250.0,60,16.32,226.52,E2,RENT,19200.0,Source Verified,2010-11-01,small_business,8.5,2001-04-01,5.0,0.0,0.0,27.81,22.0,f,INDIVIDUAL,1.0,0.0,0,0.0,0,9.6,0.482
14000.0,36,9.99,451.68,B1,MORTGAGE,67000.0,Not Verified,2013-10-01,debt_consolidation,11.48,1999-09-01,8.0,0.0,9707.0,52.2,20.0,f,INDIVIDUAL,1.0,0.0,0,10.0,0,14.1,0.209
16000.0,36,7.69,499.1,A4,MORTGAGE,58000.0,Source Verified,2014-05-01,debt_consolidation,20.55,1998-05-01,8.0,0.0,6612.0,45.3,25.0,w,INDIVIDUAL,4.0,0.0,0,7.0,0,16.0,0.276
32000.0,36,16.55,1133.74,D2,MORTGAGE,110000.0,Verified,2015-06-01,debt_consolidation,18.36,1991-02-01,12.0,1.0,14893.0,69.3,37.0,f,INDIVIDUAL,3.0,0.0,0,10.0,0,24.3,0.291
15000.0,60,16.99,372.71,D1,MORTGAGE,80000.0,Verified,2014-01-01,debt_consolidation,17.1,2003-08-01,19.0,0.0,17551.0,56.3,35.0,f,INDIVIDUAL,1.0,0.0,0,5.0,0,10.4,0.188
12950.0,60,19.52,339.65,E2,RENT,54000.0,Source Verified,2014-06-01,debt_consolidation,20.96,1994-12-01,6.0,0.0,4098.0,71.9,16.0,f,INDIVIDUAL,0.0,0.0,1,10.0,0,19.5,0.24
17600.0,36,19.2,646.93,D3,RENT,75000.0,Not Verified,2013-09-01,credit_card,20.14,1997-11-01,11.0,0.0,20851.0,74.7,22.0,f,INDIVIDUAL,0.0,0.0,0,2.0,0,15.8,0.235
10375.0,36,14.09,355.05,B5,MORTGAGE,100800.0,Verified,2012-08-01,car,30.87,2000-02-01,9.0,0.0,4067.0,71.4,27.0,f,INDIVIDUAL,1.0,0.0,0,6.0,0,12.5,0.103
8000.0,36,12.12,266.18,B3,MORTGAGE,36000.0,Not Verified,2012-09-01,credit_card,16.63,1998-03-01,8.0,0.0,7815.0,78.1,20.0,f,INDIVIDUAL,1.0,0.0,0,7.0,0,14.5,0.222
24000.0,36,12.12,798.52,B3,MORTGAGE,400000.0,Verified,2013-04-01,debt_consolidation,13.81,1992-01-01,9.0,0.0,376679.0,85.8,26.0,f,INDIVIDUAL,5.0,0.0,0,10.0,0,21.2,0.06
5425.0,36,11.99,180.17,B5,RENT,22718.0,Source Verified,2011-06-01,debt_consolidation,10.04,2007-01-01,5.0,0.0,7155.0,50.0,5.0,f,INDIVIDUAL,0.0,0.0,0,3.0,0,4.4,0.239
15000.0,36,13.33,507.8,C3,MORTGAGE,48000.0,Not Verified,2015-06-01,home_improvement,19.34,2002-09-01,26.0,0.0,50129.0,57.4,41.0,f,INDIVIDUAL,1.0,0.0,1,10.0,0,12.7,0.312
11500.0,36,11.14,377.26,B2,OWN,45700.0,Not Verified,2012-10-01,debt_consolidation,7.04,2004-11-01,10.0,0.0,1272.0,55.3,13.0,f,INDIVIDUAL,0.0,0.0,0,2.0,0,7.9,0.252
20000.0,60,16.55,492.23,D2,MORTGAGE,60000.0,Verified,2015-08-01,debt_consolidation,13.2,2002-03-01,19.0,0.0,22259.0,50.6,36.0,w,INDIVIDUAL,8.0,0.0,0,6.0,0,13.4,0.333
25000.0,60,24.08,720.37,F2,MORTGAGE,64000.0,Verified,2014-10-01,home_improvement,12.34,2000-06-01,8.0,1.0,2247.0,53.5,28.0,w,INDIVIDUAL,2.0,0.0,1,8.0,0,14.3,0.391
35000.0,36,18.25,1269.73,E1,MORTGAGE,131500.0,Verified,2015-06-01,debt_consolidation,8.78,1990-12-01,11.0,0.0,25714.0,70.0,14.0,f,INDIVIDUAL,1.0,0.0,0,10.0,0,24.5,0.266
35000.0,60,20.99,946.68,E5,MORTGAGE,150000.0,Verified,2015-07-01,credit_card,14.01,2002-04-01,12.0,0.0,26865.0,70.7,25.0,w,INDIVIDUAL,5.0,0.0,1,10.0,0,13.2,0.233
17200.0,60,21.18,467.07,E3,RENT,43000.0,Source Verified,2014-04-01,debt_consolidation,22.38,1995-07-01,9.0,0.0,9027.0,65.9,14.0,w,INDIVIDUAL,0.0,0.0,1,10.0,0,18.8,0.4
16000.0,36,9.71,514.1,B1,RENT,63600.0,Verified,2013-07-01,debt_consolidation,21.75,1997-11-01,13.0,0.0,41544.0,69.0,28.0,f,INDIVIDUAL,4.0,0.0,0,10.0,0,15.7,0.252
30000.0,36,6.99,926.18,A3,RENT,230000.0,Source Verified,2016-01-01,debt_consolidation,4.84,2002-10-01,5.0,0.0,0.0,0.0,20.0,w,INDIVIDUAL,0.0,0.0,0,3.0,0,13.3,0.13
10000.0,36,7.62,311.62,A3,MORTGAGE,140000.0,Not Verified,2013-10-01,debt_consolidation,7.24,2000-08-01,9.0,0.0,15497.0,31.2,19.0,f,INDIVIDUAL,3.0,0.0,0,6.0,0,13.2,0.071
12000.0,36,6.49,367.74,A2,MORTGAGE,97000.0,Not Verified,2014-10-01,credit_card,9.56,1999-04-01,10.0,1.0,9109.0,28.5,40.0,f,INDIVIDUAL,1.0,0.0,0,2.0,0,15.5,0.124
3600.0,36,12.69,120.77,C2,MORTGAGE,44000.0,Source Verified,2015-08-01,credit_card,24.04,1997-11-01,11.0,0.0,29567.0,89.1,26.0,f,INDIVIDUAL,2.0,0.0,0,10.0,0,17.7,0.082
15250.0,36,6.03,464.15,A1,MORTGAGE,40000.0,Not Verified,2012-04-01,other,4.32,2004-09-01,9.0,0.0,2614.0,8.7,17.0,f,INDIVIDUAL,2.0,0.0,0,3.0,0,7.6,0.381
5000.0,60,22.4,139.24,E3,OWN,170000.0,Verified,2014-02-01,other,6.89,1998-01-01,10.0,0.0,20449.0,73.8,21.0,f,INDIVIDUAL,3.0,0.0,0,10.0,0,16.1,0.029
8000.0,36,17.76,288.26,D1,RENT,45000.0,Verified,2013-11-01,debt_consolidation,21.41,1993-03-01,13.0,0.0,32353.0,75.9,22.0,f,INDIVIDUAL,1.0,0.0,0,5.0,0,20.7,0.178
20000.0,36,13.66,680.26,C3,MORTGAGE,108000.0,Verified,2014-11-01,credit_card,9.75,2003-10-01,22.0,1.0,21317.0,34.5,41.0,w,INDIVIDUAL,5.0,1.0,1,9.0,0,11.1,0.185
32350.0,60,16.99,803.81,D3,RENT,91139.0,Verified,2014-08-01,debt_consolidation,26.06,2000-11-01,9.0,1.0,17327.0,79.8,19.0,w,INDIVIDUAL,0.0,1.0,1,10.0,0,13.7,0.355
13600.0,36,6.03,413.93,A1,RENT,43000.0,Source Verified,2012-02-01,credit_card,17.87,1996-01-01,7.0,0.0,8753.0,24.1,15.0,f,INDIVIDUAL,0.0,0.0,0,0.0,0,16.1,0.316
20000.0,36,13.98,683.36,C1,MORTGAGE,53000.0,Source Verified,2014-01-01,credit_card,13.9,2002-01-01,6.0,0.0,13851.0,71.0,14.0,f,INDIVIDUAL,0.0,0.0,1,3.0,0,12.0,0.377
20000.0,60,16.59,492.66,D1,OWN,194000.0,Source Verified,2014-03-01,other,10.99,1994-09-01,8.0,0.0,31659.0,79.3,25.0,f,INDIVIDUAL,2.0,0.0,0,10.0,0,19.5,0.103
13475.0,36,21.99,514.55,E4,MORTGAGE,40000.0,Source Verified,2014-03-01,debt_consolidation,19.53,2002-04-01,11.0,0.0,8496.0,66.4,23.0,w,INDIVIDUAL,3.0,0.0,1,3.0,0,11.9,0.337
1000.0,36,10.99,32.74,B4,MORTGAGE,51000.0,Not Verified,2015-04-01,other,1.76,1997-06-01,8.0,0.0,223.0,0.8,26.0,f,INDIVIDUAL,2.0,0.0,0,3.0,0,17.8,0.02
12000.0,36,13.65,408.1,C1,OWN,35000.0,Source Verified,2014-03-01,debt_consolidation,13.52,2005-12-01,4.0,0.0,13576.0,93.6,6.0,w,INDIVIDUAL,1.0,0.0,1,10.0,0,8.2,0.343
35000.0,36,16.99,1247.68,D3,MORTGAGE,211000.0,Verified,2015-05-01,home_improvement,10.43,2000-03-01,14.0,0.0,16339.0,40.4,40.0,f,INDIVIDUAL,5.0,0.0,0,3.0,0,15.2,0.166
5000.0,36,9.17,159.4,B2,MORTGAGE,61000.0,Not Verified,2015-08-01,debt_consolidation,25.32,1994-05-01,6.0,0.0,24555.0,86.5,15.0,f,INDIVIDUAL,2.0,0.0,0,10.0,0,21.3,0.082
35000.0,60,17.86,886.11,D5,RENT,130000.0,Source Verified,2015-07-01,credit_card,12.59,1998-09-01,10.0,0.0,26515.0,41.8,29.0,f,INDIVIDUAL,2.0,0.0,1,8.0,0,16.8,0.269
13475.0,60,19.22,351.19,D4,MORTGAGE,38000.0,Verified,2014-01-01,major_purchase,10.51,2004-06-01,7.0,0.0,12999.0,24.9,15.0,f,INDIVIDUAL,1.0,0.0,1,0.0,0,9.6,0.355
22000.0,36,7.62,685.55,A3,MORTGAGE,80000.0,Verified,2013-04-01,debt_consolidation,29.52,1980-07-01,14.0,0.0,37981.0,70.6,47.0,f,INDIVIDUAL,2.0,0.0,0,2.0,0,32.8,0.275
11275.0,60,12.99,256.49,C2,RENT,54000.0,Source Verified,2015-01-01,debt_consolidation,20.38,2002-08-01,16.0,0.0,11995.0,71.0,24.0,w,INDIVIDUAL,0.0,0.0,0,7.0,0,12.4,0.209
30000.0,36,18.55,1092.87,E2,MORTGAGE,96000.0,Verified,2015-10-01,debt_consolidation,17.65,2001-01-01,13.0,0.0,3083.0,21.0,26.0,w,INDIVIDUAL,3.0,0.0,0,9.0,0,14.7,0.312
26400.0,36,11.99,876.74,B3,MORTGAGE,160000.0,Source Verified,2014-01-01,debt_consolidation,11.23,1985-05-01,8.0,0.0,23380.0,86.0,35.0,f,INDIVIDUAL,10.0,0.0,0,10.0,0,28.7,0.165
1900.0,36,11.14,62.33,B2,RENT,20000.0,Not Verified,2012-10-01,credit_card,13.5,2007-10-01,7.0,0.0,3795.0,44.6,8.0,f,INDIVIDUAL,0.0,0.0,0,5.0,0,5.0,0.095
3200.0,36,22.4,122.88,E3,RENT,25000.0,Not Verified,2013-11-01,debt_consolidation,12.0,2000-12-01,8.0,0.0,7175.0,56.1,18.0,f,INDIVIDUAL,0.0,0.0,0,4.0,0,12.9,0.128
3250.0,36,19.05,119.22,D4,RENT,38000.0,Not Verified,2013-04-01,debt_consolidation,2.34,2008-05-01,6.0,0.0,1130.0,14.9,13.0,f,INDIVIDUAL,0.0,0.0,1,1.0,0,4.9,0.086
26000.0,36,13.98,888.37,C3,RENT,99000.0,Verified,2014-07-01,debt_consolidation,4.53,2008-05-01,7.0,0.0,9981.0,25.0,13.0,f,INDIVIDUAL,0.0,0.0,0,5.0,0,6.2,0.263
7000.0,36,8.9,222.28,A5,MORTGAGE,36000.0,Source Verified,2014-01-01,credit_card,19.67,2004-07-01,8.0,0.0,8277.0,74.6,19.0,f,INDIVIDUAL,3.0,0.0,0,4.0,0,9.5,0.194
7525.0,36,22.45,289.14,E5,OWN,37000.0,Not Verified,2016-02-01,debt_consolidation,25.59,1990-01-01,8.0,0.0,2043.0,45.0,20.0,w,INDIVIDUAL,3.0,0.0,0,2.0,0,26.1,0.203
10000.0,36,14.33,343.39,C1,MORTGAGE,56000.0,Verified,2013-06-01,credit_card,23.98,1999-09-01,20.0,0.0,22436.0,90.1,26.0,f,INDIVIDUAL,1.0,0.0,1,10.0,0,13.7,0.179
10000.0,36,12.49,334.49,B4,RENT,53000.0,Source Verified,2014-04-01,debt_consolidation,23.48,1996-12-01,15.0,1.0,7017.0,70.2,33.0,f,INDIVIDUAL,0.0,1.0,0,2.0,0,17.3,0.189
16000.0,60,13.66,369.48,C3,MORTGAGE,62000.0,Source Verified,2015-01-01,debt_consolidation,20.81,1998-06-01,12.0,0.0,9754.0,70.2,24.0,w,INDIVIDUAL,4.0,0.0,0,10.0,0,16.6,0.258
15000.0,36,15.8,525.88,C3,MORTGAGE,105000.0,Source Verified,2012-08-01,debt_consolidation,12.94,1977-12-01,16.0,0.0,19169.0,62.7,36.0,f,INDIVIDUAL,5.0,0.0,1,6.0,1,34.7,0.143
18000.0,36,12.99,606.41,B5,RENT,95000.0,Source Verified,2014-03-01,small_business,16.45,2000-02-01,14.0,0.0,18164.0,36.9,33.0,f,INDIVIDUAL,0.0,0.0,0,5.0,0,14.1,0.189
26000.0,60,26.77,790.35,G1,MORTGAGE,52000.0,Verified,2015-08-01,home_improvement,7.99,2003-08-01,8.0,0.0,5477.0,72.1,16.0,w,INDIVIDUAL,1.0,0.0,0,1.0,0,12.0,0.5
12000.0,36,6.62,368.45,A2,MORTGAGE,48000.0,Source Verified,2013-12-01,credit_card,13.14,1978-04-01,17.0,0.0,12199.0,40.3,30.0,w,INDIVIDUAL,6.0,0.0,0,6.0,0,35.7,0.25
5000.0,36,16.99,178.24,D3,MORTGAGE,80000.0,Not Verified,2014-07-01,medical,27.23,1995-12-01,11.0,0.0,25591.0,92.1,18.0,f,INDIVIDUAL,2.0,0.0,0,10.0,0,18.6,0.062
5600.0,36,8.39,176.5,A5,MORTGAGE,50000.0,Not Verified,2014-08-01,debt_consolidation,10.49,1999-02-01,9.0,0.0,4441.0,37.0,19.0,f,INDIVIDUAL,1.0,0.0,0,7.0,0,15.5,0.112
25000.0,36,18.99,916.28,D4,OWN,107500.0,Verified,2016-05-01,debt_consolidation,16.31,2005-02-01,19.0,0.0,33427.0,43.5,43.0,w,INDIVIDUAL,0.0,0.0,0,2.0,0,11.2,0.233
20000.0,36,22.39,767.86,E1,RENT,85000.0,Verified,2016-10-01,debt_consolidation,27.95,1991-10-01,19.0,0.0,29665.0,58.5,27.0,f,INDIVIDUAL,0.0,0.0,0,1.0,0,25.0,0.235
10000.0,36,15.8,350.59,C3,OWN,32000.0,Verified,2013-06-01,credit_card,34.73,2000-01-01,6.0,0.0,8455.0,65.5,11.0,f,INDIVIDUAL,0.0,0.0,0,1.0,0,13.4,0.312
11150.0,60,13.35,255.7,C2,OWN,26000.0,Source Verified,2014-06-01,credit_card,16.25,2008-03-01,9.0,1.0,12038.0,56.5,13.0,f,INDIVIDUAL,1.0,1.0,0,10.0,0,6.3,0.429
15000.0,36,11.14,492.08,B2,MORTGAGE,104000.0,Verified,2013-03-01,debt_consolidation,34.86,1994-05-01,22.0,0.0,27737.0,64.9,39.0,f,INDIVIDUAL,9.0,0.0,1,10.0,0,18.8,0.144
10000.0,36,14.33,343.39,C2,RENT,40000.0,Not Verified,2013-07-01,debt_consolidation,12.69,2006-04-01,8.0,0.0,13788.0,83.6,10.0,f,INDIVIDUAL,0.0,0.0,0,2.0,0,7.2,0.25
8400.0,36,15.77,294.37,D1,RENT,41000.0,Source Verified,2016-02-01,debt_consolidation,12.59,2012-09-01,8.0,0.0,3117.0,43.3,10.0,w,INDIVIDUAL,0.0,0.0,0,0.0,0,3.4,0.205
22500.0,36,10.99,736.52,B3,MORTGAGE,100000.0,Source Verified,2014-10-01,credit_card,20.11,2004-11-01,12.0,0.0,17747.0,81.8,21.0,f,INDIVIDUAL,2.0,0.0,0,2.0,0,9.9,0.225
2200.0,36,11.49,72.54,B4,MORTGAGE,18000.0,Not Verified,2011-09-01,small_business,3.2,1999-03-01,2.0,0.0,1088.0,83.7,4.0,f,INDIVIDUAL,0.0,0.0,1,6.0,0,12.5,0.122
9750.0,36,15.31,339.47,C2,RENT,130000.0,Source Verified,2012-11-01,debt_consolidation,9.81,2005-03-01,9.0,0.0,4035.0,42.0,11.0,w,INDIVIDUAL,0.0,0.0,0,6.0,1,7.7,0.075
10000.0,36,18.25,362.78,D3,RENT,125000.0,Verified,2013-12-01,debt_consolidation,11.37,2001-12-01,7.0,0.0,8706.0,96.7,16.0,f,INDIVIDUAL,0.0,0.0,0,10.0,0,12.0,0.08
6400.0,36,13.11,215.97,C2,MORTGAGE,53000.0,Not Verified,2010-03-01,car,19.15,1999-08-01,10.0,0.0,9954.0,88.1,27.0,f,INDIVIDUAL,2.0,0.0,0,3.0,0,10.6,0.121
13250.0,60,24.5,385.04,F3,RENT,38000.0,Verified,2013-12-01,debt_consolidation,26.91,2002-08-01,31.0,0.0,11933.0,42.3,53.0,w,INDIVIDUAL,1.0,0.0,0,0.0,0,11.3,0.349
20000.0,36,6.62,614.08,A2,MORTGAGE,74000.0,Verified,2013-12-01,debt_consolidation,12.41,1994-12-01,5.0,0.0,13071.0,44.5,27.0,f,INDIVIDUAL,3.0,0.0,0,10.0,0,19.0,0.27
15500.0,60,14.64,365.83,C3,MORTGAGE,62000.0,Source Verified,2014-03-01,debt_consolidation,17.6,1991-09-01,12.0,0.0,11764.0,75.4,35.0,f,INDIVIDUAL,8.0,0.0,0,10.0,0,22.5,0.25
21000.0,36,11.99,697.41,B3,MORTGAGE,90000.0,Verified,2013-10-01,debt_consolidation,14.55,1997-12-01,9.0,1.0,6525.0,49.1,24.0,f,INDIVIDUAL,6.0,1.0,0,10.0,0,15.8,0.233
20000.0,36,13.35,677.26,C2,MORTGAGE,50000.0,Source Verified,2014-10-01,debt_consolidation,24.39,2004-02-01,9.0,0.0,7451.0,89.8,24.0,f,INDIVIDUAL,1.0,0.0,1,5.0,0,10.7,0.4
25000.0,60,8.19,509.19,A5,RENT,200000.0,Source Verified,2014-11-01,home_improvement,5.33,1994-08-01,14.0,0.0,8406.0,12.7,33.0,w,INDIVIDUAL,3.0,0.0,0,0.0,0,20.3,0.125
30000.0,60,17.86,759.52,D5,MORTGAGE,82000.0,Verified,2015-05-01,debt_consolidation,33.23,1984-06-01,41.0,0.0,43248.0,48.5,69.0,w,INDIVIDUAL,1.0,0.0,1,10.0,0,30.9,0.366
15000.0,36,9.49,480.43,B2,MORTGAGE,63000.0,Not Verified,2015-01-01,credit_card,12.06,1998-06-01,9.0,0.0,14572.0,81.4,32.0,f,INDIVIDUAL,6.0,0.0,0,10.0,0,16.6,0.238
20750.0,36,21.67,788.92,E5,MORTGAGE,65000.0,Source Verified,2015-04-01,debt_consolidation,30.78,2009-08-01,9.0,0.0,4.0,0.1,17.0,f,INDIVIDUAL,0.0,0.0,1,3.0,0,5.7,0.319
12600.0,36,11.53,415.68,B5,MORTGAGE,68000.0,Verified,2015-09-01,home_improvement,26.6,1996-05-01,11.0,0.0,7583.0,26.6,16.0,f,INDIVIDUAL,1.0,0.0,0,9.0,0,19.3,0.185
7500.0,36,11.99,249.08,B3,OWN,49140.0,Not Verified,2013-12-01,debt_consolidation,5.93,2010-02-01,8.0,0.0,7942.0,66.7,11.0,f,INDIVIDUAL,1.0,0.0,0,9.0,0,3.8,0.153
10000.0,36,16.29,353.01,D2,MORTGAGE,60000.0,Not Verified,2014-06-01,car,9.2,2002-10-01,15.0,1.0,2741.0,8.5,26.0,w,INDIVIDUAL,3.0,1.0,0,0.0,0,11.7,0.167
12000.0,36,13.98,410.02,C1,MORTGAGE,140000.0,Verified,2013-12-01,debt_consolidation,30.11,1989-03-01,14.0,0.0,94246.0,88.0,29.0,w,INDIVIDUAL,5.0,0.0,0,6.0,0,24.8,0.086
8675.0,36,14.99,300.68,C5,RENT,35000.0,Source Verified,2014-07-01,credit_card,23.35,1990-11-01,6.0,1.0,5375.0,84.0,9.0,f,INDIVIDUAL,0.0,1.0,0,10.0,0,23.7,0.248
8000.0,36,23.1,310.1,E4,RENT,37000.0,Source Verified,2013-11-01,debt_consolidation,2.01,1994-04-01,7.0,0.0,2152.0,41.4,24.0,f,INDIVIDUAL,0.0,0.0,0,10.0,0,19.6,0.216
8500.0,36,11.49,280.26,B4,RENT,50000.0,Not Verified,2010-08-01,debt_consolidation,18.98,2000-05-01,5.0,0.0,8800.0,65.4,9.0,f,INDIVIDUAL,0.0,0.0,1,9.0,0,10.3,0.17
19500.0,36,16.29,688.36,D2,RENT,74000.0,Not Verified,2014-08-01,debt_consolidation,18.73,1999-05-01,11.0,0.0,34113.0,77.7,35.0,f,INDIVIDUAL,1.0,0.0,1,10.0,0,15.3,0.264
3000.0,36,8.9,95.26,A5,RENT,53000.0,Not Verified,2012-06-01,credit_card,10.62,1999-11-01,13.0,1.0,6130.0,36.9,14.0,f,INDIVIDUAL,0.0,1.0,0,10.0,0,12.6,0.057
17550.0,60,26.49,530.56,F2,MORTGAGE,47000.0,Verified,2016-08-01,credit_card,23.29,2006-08-01,11.0,0.0,3611.0,27.4,22.0,w,INDIVIDUAL,0.0,0.0,0,10.0,0,10.0,0.373
20225.0,36,8.9,642.21,A5,MORTGAGE,120000.0,Verified,2013-05-01,debt_consolidation,14.04,1988-09-01,13.0,1.0,10613.0,49.4,24.0,w,INDIVIDUAL,6.0,1.0,0,5.0,0,24.7,0.169
8400.0,36,6.99,259.33,A3,MORTGAGE,60000.0,Not Verified,2016-01-01,debt_consolidation,21.92,1995-03-01,17.0,0.0,5378.0,28.3,41.0,w,INDIVIDUAL,4.0,0.0,0,10.0,0,20.8,0.14
11250.0,60,18.55,289.06,E2,MORTGAGE,46000.0,Verified,2015-10-01,debt_consolidation,25.93,1995-06-01,15.0,0.0,22713.0,86.7,36.0,w,INDIVIDUAL,2.0,0.0,1,9.0,0,20.3,0.245
15000.0,36,7.62,467.43,A3,MORTGAGE,85000.0,Source Verified,2013-11-01,debt_consolidation,1.19,2004-11-01,7.0,0.0,3823.0,20.1,13.0,w,INDIVIDUAL,1.0,0.0,0,9.0,0,9.0,0.176
6000.0,36,12.87,201.8,C1,RENT,47000.0,Not Verified,2009-10-01,debt_consolidation,3.75,1995-10-01,4.0,0.0,3343.0,77.7,32.0,f,INDIVIDUAL,2.0,0.0,0,1.0,0,14.0,0.128
7375.0,36,13.11,248.89,B4,MORTGAGE,100000.0,Source Verified,2012-09-01,credit_card,14.15,1997-11-01,12.0,0.0,35061.0,75.4,33.0,f,INDIVIDUAL,1.0,0.0,0,9.0,0,14.8,0.074
19200.0,60,13.11,437.95,B4,MORTGAGE,100000.0,Verified,2013-04-01,home_improvement,20.84,1999-01-01,17.0,0.0,165385.0,59.3,29.0,f,INDIVIDUAL,2.0,0.0,0,9.0,0,14.2,0.192
8000.0,36,11.99,265.68,B3,RENT,55000.0,Verified,2013-10-01,debt_consolidation,16.52,1985-12-01,6.0,1.0,32284.0,69.4,12.0,f,INDIVIDUAL,0.0,0.0,0,6.0,1,27.8,0.145
23075.0,36,14.64,795.85,C3,RENT,100000.0,Source Verified,2014-04-01,debt_consolidation,6.26,1992-09-01,10.0,1.0,1427.0,15.0,12.0,w,INDIVIDUAL,0.0,1.0,1,10.0,0,21.6,0.231
13000.0,36,17.77,468.49,D1,MORTGAGE,46000.0,Source Verified,2012-11-01,debt_consolidation,21.13,2009-06-01,7.0,0.0,6959.0,57.5,12.0,f,INDIVIDUAL,1.0,0.0,0,7.0,0,3.4,0.283
16000.0,60,23.28,453.63,F2,OWN,55000.0,Verified,2013-04-01,credit_card,27.32,2003-12-01,17.0,0.0,20200.0,82.8,23.0,f,INDIVIDUAL,0.0,0.0,0,2.0,0,9.3,0.291
11450.0,36,19.05,420.01,D4,OWN,48000.0,Verified,2013-03-01,other,31.0,1996-09-01,10.0,0.0,10690.0,49.5,15.0,w,INDIVIDUAL,0.0,0.0,1,6.0,1,16.5,0.239
18000.0,36,8.19,565.64,A5,MORTGAGE,90000.0,Not Verified,2015-01-01,debt_consolidation,14.04,1998-02-01,10.0,0.0,23901.0,76.1,23.0,w,INDIVIDUAL,3.0,0.0,0,10.0,0,16.9,0.2
10000.0,36,6.03,304.36,A1,MORTGAGE,85000.0,Not Verified,2012-03-01,moving,8.64,1995-08-01,9.0,0.0,4197.0,13.9,29.0,f,INDIVIDUAL,2.0,0.0,1,10.0,0,16.6,0.118
10000.0,36,18.54,364.24,E1,OWN,68000.0,Source Verified,2015-01-01,other,13.59,2003-10-01,7.0,0.0,3255.0,40.8,27.0,f,INDIVIDUAL,0.0,0.0,1,4.0,0,11.3,0.147
6400.0,36,20.49,239.45,E1,MORTGAGE,35000.0,Verified,2013-05-01,credit_card,6.31,1999-04-01,4.0,1.0,6168.0,92.1,7.0,f,INDIVIDUAL,1.0,1.0,0,3.0,0,14.1,0.183
8500.0,36,12.74,285.34,C1,OWN,52170.0,Source Verified,2016-10-01,debt_consolidation,26.59,2004-08-01,10.0,0.0,17417.0,42.4,31.0,w,INDIVIDUAL,3.0,0.0,0,10.0,0,12.2,0.163
13825.0,36,15.61,483.39,C4,MORTGAGE,40156.0,Verified,2014-02-01,debt_consolidation,25.1,2003-03-01,8.0,0.0,7042.0,67.1,19.0,f,INDIVIDUAL,5.0,0.0,0,6.0,1,10.9,0.344
15000.0,36,8.9,476.3,A5,MORTGAGE,100000.0,Verified,2013-03-01,credit_card,3.29,2000-09-01,6.0,0.0,11414.0,70.5,16.0,w,INDIVIDUAL,3.0,0.0,1,0.0,0,12.5,0.15
13150.0,36,19.52,485.5,E2,MORTGAGE,55000.0,Source Verified,2014-07-01,debt_consolidation,34.39,1995-08-01,14.0,0.0,12840.0,67.9,20.0,f,INDIVIDUAL,3.0,0.0,0,8.0,0,18.9,0.239
6700.0,36,18.49,243.88,D2,RENT,23300.0,Verified,2013-04-01,debt_consolidation,31.52,1978-05-01,15.0,1.0,14392.0,52.1,22.0,f,INDIVIDUAL,0.0,1.0,0,6.0,1,34.9,0.288
21575.0,60,24.5,626.95,F3,MORTGAGE,60000.0,Source Verified,2014-04-01,other,12.74,2003-02-01,7.0,0.0,4071.0,53.6,11.0,f,INDIVIDUAL,1.0,0.0,1,9.0,0,11.2,0.36
17825.0,60,21.49,487.16,E3,MORTGAGE,161304.0,Verified,2012-08-01,debt_consolidation,12.18,1994-04-01,9.0,0.0,24612.0,68.7,40.0,f,INDIVIDUAL,9.0,0.0,0,8.0,0,18.3,0.111
6500.0,36,8.18,204.23,B1,RENT,70000.0,Verified,2015-12-01,debt_consolidation,18.1,2001-10-01,9.0,0.0,8234.0,25.8,15.0,w,INDIVIDUAL,1.0,0.0,0,2.0,0,14.2,0.093
9000.0,36,12.69,301.91,C2,RENT,85000.0,Verified,2015-07-01,debt_consolidation,16.9,2004-12-01,9.0,0.0,6722.0,63.4,12.0,f,INDIVIDUAL,0.0,0.0,0,9.0,0,10.6,0.106
15875.0,36,14.09,543.27,B5,MORTGAGE,55000.0,Not Verified,2013-04-01,debt_consolidation,11.87,2006-07-01,8.0,0.0,9053.0,48.7,11.0,w,INDIVIDUAL,1.0,0.0,0,6.0,0,6.8,0.289
9600.0,36,7.62,299.15,A3,MORTGAGE,65000.0,Not Verified,2014-01-01,debt_consolidation,17.02,2000-03-01,12.0,0.0,8623.0,31.0,26.0,w,INDIVIDUAL,9.0,0.0,0,8.0,0,13.8,0.148
30000.0,60,20.99,811.44,E4,RENT,92000.0,Verified,2014-09-01,debt_consolidation,34.57,1998-11-01,11.0,0.0,35692.0,86.8,20.0,w,INDIVIDUAL,1.0,0.0,1,10.0,0,15.8,0.326
6000.0,36,13.11,202.49,B4,MORTGAGE,42936.84,Verified,2013-03-01,other,26.91,1975-02-01,12.0,0.0,1753.0,3.3,24.0,w,INDIVIDUAL,4.0,0.0,0,6.0,1,38.1,0.14
7000.0,36,12.99,235.83,C1,RENT,50000.0,Source Verified,2014-07-01,credit_card,10.83,2001-06-01,8.0,1.0,6931.0,64.2,17.0,w,INDIVIDUAL,1.0,0.0,0,7.0,0,13.1,0.14
6000.0,36,10.74,195.7,B2,MORTGAGE,66974.0,Verified,2012-05-01,major_purchase,8.17,1998-06-01,5.0,1.0,2880.0,27.7,17.0,f,INDIVIDUAL,1.0,1.0,0,3.0,0,13.9,0.09
14400.0,60,21.18,391.03,E3,MORTGAGE,60000.0,Source Verified,2014-04-01,debt_consolidation,25.06,2003-09-01,11.0,0.0,9711.0,47.8,14.0,w,INDIVIDUAL,1.0,0.0,0,5.0,0,10.6,0.24
20000.0,36,8.9,635.07,A5,RENT,80000.0,Verified,2014-01-01,debt_consolidation,12.57,2004-12-01,16.0,0.0,9357.0,16.3,23.0,w,INDIVIDUAL,0.0,0.0,0,7.0,0,9.1,0.25
5000.0,36,7.89,156.43,A5,RENT,45000.0,Source Verified,2015-05-01,debt_consolidation,19.36,1983-12-01,7.0,0.0,7053.0,19.7,8.0,w,INDIVIDUAL,0.0,0.0,0,1.0,0,31.4,0.111
16000.0,36,15.25,556.61,E2,MORTGAGE,58200.0,Verified,2008-11-01,debt_consolidation,11.48,1995-05-01,8.0,0.0,16052.0,88.2,43.0,f,INDIVIDUAL,3.0,0.0,1,2.0,0,13.5,0.275
21000.0,36,17.99,759.1,D2,MORTGAGE,54203.0,Verified,2016-08-01,other,32.33,2006-11-01,18.0,0.0,63507.0,41.1,63.0,w,INDIVIDUAL,3.0,0.0,0,6.0,1,9.7,0.387
24000.0,60,21.0,649.29,E2,RENT,90000.0,Source Verified,2012-11-01,credit_card,16.98,2002-01-01,11.0,0.0,13181.0,83.3,23.0,f,INDIVIDUAL,3.0,0.0,1,10.0,0,10.8,0.267
16000.0,36,10.64,521.1,B4,OWN,65000.0,Not Verified,2015-12-01,debt_consolidation,29.5,2007-02-01,13.0,0.0,7082.0,30.4,25.0,w,INDIVIDUAL,0.0,0.0,0,2.0,0,8.8,0.246
21000.0,36,12.12,698.71,B3,RENT,111400.0,Not Verified,2012-09-01,debt_consolidation,18.73,1988-12-01,5.0,0.0,4543.0,33.7,46.0,f,INDIVIDUAL,12.0,0.0,0,3.0,0,23.8,0.189
17000.0,60,23.63,485.42,F3,OWN,39050.0,Verified,2013-04-01,debt_consolidation,6.67,2008-09-01,7.0,0.0,7738.0,53.0,7.0,f,INDIVIDUAL,0.0,0.0,1,5.0,0,4.6,0.435
18150.0,36,12.99,611.46,C1,MORTGAGE,45000.0,Source Verified,2014-05-01,credit_card,22.05,2003-09-01,5.0,0.0,5188.0,96.1,18.0,w,INDIVIDUAL,4.0,0.0,0,10.0,0,10.7,0.403
4800.0,36,14.31,164.78,C4,MORTGAGE,42000.0,Verified,2014-11-01,home_improvement,18.89,2003-09-01,8.0,1.0,389.0,5.7,42.0,w,INDIVIDUAL,3.0,1.0,1,10.0,0,11.2,0.114
10175.0,36,12.69,341.32,B5,MORTGAGE,45136.0,Not Verified,2011-11-01,credit_card,10.79,2001-03-01,12.0,0.0,17931.0,47.3,25.0,f,INDIVIDUAL,1.0,0.0,0,10.0,0,10.7,0.225
16000.0,60,11.53,352.13,B5,MORTGAGE,80000.0,Source Verified,2015-04-01,debt_consolidation,14.36,2001-11-01,11.0,0.0,2691.0,24.9,27.0,w,INDIVIDUAL,2.0,0.0,0,4.0,0,13.4,0.2
1000.0,36,13.33,33.86,C3,MORTGAGE,87000.0,Not Verified,2015-07-01,debt_consolidation,16.61,2000-10-01,13.0,0.0,20924.0,87.5,69.0,w,INDIVIDUAL,7.0,0.0,0,0.0,0,14.7,0.011
31300.0,60,23.83,897.36,F5,RENT,70000.0,Verified,2012-11-01,debt_consolidation,17.23,2000-03-01,16.0,0.0,38483.0,66.8,34.0,f,INDIVIDUAL,2.0,0.0,0,8.0,0,12.7,0.447
21600.0,60,14.85,512.17,C5,MORTGAGE,86000.0,Source Verified,2015-12-01,other,13.58,2005-01-01,26.0,0.0,6643.0,25.4,43.0,w,INDIVIDUAL,1.0,0.0,0,4.0,0,10.9,0.251
14000.0,36,14.99,485.25,C5,RENT,78000.0,Not Verified,2014-07-01,debt_consolidation,17.85,1988-04-01,10.0,1.0,13010.0,93.0,32.0,f,INDIVIDUAL,6.0,1.0,0,7.0,0,26.2,0.179
30000.0,60,18.99,778.06,D4,MORTGAGE,177000.0,Verified,2016-04-01,home_improvement,17.3,1993-09-01,14.0,0.0,3607.0,7.0,78.0,w,INDIVIDUAL,4.0,0.0,0,2.0,0,22.6,0.169
2400.0,36,12.99,80.86,C2,RENT,50000.0,Not Verified,2015-02-01,medical,11.07,2007-06-01,2.0,0.0,5244.0,87.4,14.0,f,INDIVIDUAL,0.0,0.0,1,10.0,0,7.7,0.048
12000.0,60,19.72,316.06,D5,MORTGAGE,115000.0,Source Verified,2013-05-01,debt_consolidation,11.59,2002-04-01,12.0,0.0,15534.0,29.7,30.0,f,INDIVIDUAL,1.0,0.0,0,10.0,0,11.1,0.104
11200.0,60,21.49,306.1,D5,RENT,45000.0,Source Verified,2016-10-01,debt_consolidation,23.73,1997-10-01,15.0,1.0,10817.0,97.5,31.0,w,INDIVIDUAL,0.0,0.0,0,1.0,0,19.0,0.249
12000.0,36,7.49,373.22,A4,MORTGAGE,75000.0,Not Verified,2014-11-01,debt_consolidation,19.99,1994-09-01,12.0,0.0,4774.0,17.6,35.0,w,INDIVIDUAL,0.0,0.0,0,3.0,0,20.2,0.16
9000.0,36,5.79,272.95,A2,MORTGAGE,108000.0,Not Verified,2010-10-01,debt_consolidation,11.5,1996-10-01,10.0,0.0,120361.0,20.3,31.0,f,INDIVIDUAL,2.0,0.0,0,4.0,0,14.0,0.083
11625.0,36,18.49,423.14,D2,RENT,33600.0,Verified,2013-07-01,wedding,5.71,2001-05-01,19.0,0.0,4779.0,46.0,22.0,f,INDIVIDUAL,0.0,0.0,1,1.0,0,12.2,0.346
13000.0,36,11.67,429.74,B4,MORTGAGE,59436.0,Source Verified,2014-07-01,debt_consolidation,33.27,1999-10-01,15.0,0.0,9720.0,48.1,39.0,f,INDIVIDUAL,2.0,0.0,0,6.0,0,14.7,0.219
4500.0,36,11.44,148.27,B4,MORTGAGE,70000.0,Not Verified,2014-12-01,other,6.74,1999-09-01,5.0,0.0,532.0,10.2,23.0,f,INDIVIDUAL,3.0,0.0,0,4.0,0,15.2,0.064
5000.0,36,13.66,170.07,C3,MORTGAGE,62000.0,Source Verified,2014-12-01,major_purchase,13.61,1996-03-01,6.0,0.0,10650.0,89.5,22.0,w,INDIVIDUAL,5.0,0.0,1,0.0,0,18.8,0.081
16000.0,36,6.62,491.26,A2,MORTGAGE,131000.0,Not Verified,2013-02-01,debt_consolidation,7.43,1987-12-01,14.0,0.0,16233.0,52.2,38.0,w,INDIVIDUAL,4.0,0.0,0,10.0,0,25.2,0.122
10000.0,36,12.49,334.49,B5,MORTGAGE,115000.0,Source Verified,2014-09-01,home_improvement,7.81,1997-02-01,6.0,1.0,3057.0,26.4,18.0,w,INDIVIDUAL,3.0,1.0,1,8.0,0,17.6,0.087
10775.0,36,6.62,330.84,A2,MORTGAGE,60000.0,Verified,2012-02-01,debt_consolidation,20.57,2002-08-01,10.0,0.0,9332.0,53.3,24.0,f,INDIVIDUAL,1.0,0.0,0,4.0,0,9.5,0.18
6500.0,36,14.09,222.44,B5,RENT,26500.0,Not Verified,2012-09-01,debt_consolidation,26.13,2005-10-01,14.0,0.0,22419.0,41.0,23.0,f,INDIVIDUAL,0.0,0.0,0,5.0,0,6.9,0.245
24000.0,60,14.64,566.44,C3,MORTGAGE,330000.0,Verified,2014-03-01,home_improvement,8.84,1999-06-01,9.0,0.0,16454.0,61.2,20.0,w,INDIVIDUAL,2.0,0.0,1,2.0,0,14.7,0.073
23000.0,36,13.05,775.52,B5,MORTGAGE,75000.0,Verified,2013-09-01,debt_consolidation,18.0,1996-05-01,10.0,0.0,18413.0,72.5,14.0,f,INDIVIDUAL,0.0,0.0,0,10.0,0,17.3,0.307
12075.0,36,14.16,413.64,C2,MORTGAGE,33060.0,Not Verified,2014-04-01,debt_consolidation,21.71,2006-09-01,9.0,0.0,3946.0,65.8,18.0,w,INDIVIDUAL,1.0,0.0,0,1.0,0,7.6,0.365
13000.0,60,12.99,295.73,C1,MORTGAGE,40000.0,Not Verified,2014-07-01,credit_card,15.48,1998-09-01,7.0,0.0,12464.0,73.8,15.0,w,INDIVIDUAL,4.0,0.0,0,10.0,0,15.8,0.325
20000.0,36,5.32,602.3,A1,MORTGAGE,110000.0,Not Verified,2016-04-01,credit_card,16.24,1995-07-01,14.0,0.0,7750.0,13.5,37.0,w,INDIVIDUAL,7.0,0.0,0,10.0,0,20.8,0.182
4600.0,36,6.03,140.01,A1,RENT,27864.0,Not Verified,2011-11-01,credit_card,9.17,1990-08-01,9.0,0.0,5581.0,16.8,25.0,f,INDIVIDUAL,1.0,0.0,0,0.0,0,21.3,0.165
5000.0,36,12.99,168.45,C1,MORTGAGE,58000.0,Verified,2014-10-01,vacation,17.26,2001-01-01,5.0,0.0,35003.0,98.0,14.0,f,INDIVIDUAL,0.0,0.0,0,6.0,1,13.7,0.086
35000.0,60,19.19,911.59,E3,MORTGAGE,92000.0,Verified,2015-10-01,debt_consolidation,34.9,2003-02-01,15.0,0.0,36971.0,70.1,26.0,w,INDIVIDUAL,1.0,0.0,0,7.0,0,12.7,0.38
7200.0,36,9.71,231.35,B1,MORTGAGE,53000.0,Verified,2013-06-01,debt_consolidation,9.92,1989-03-01,11.0,0.0,10781.0,45.5,57.0,w,INDIVIDUAL,7.0,0.0,1,2.0,0,24.3,0.136
12000.0,36,10.99,392.81,B4,RENT,40000.0,Not Verified,2015-09-01,debt_consolidation,30.3,2002-09-01,14.0,1.0,4395.0,19.5,17.0,f,INDIVIDUAL,0.0,1.0,0,0.0,0,13.0,0.3
18000.0,60,16.29,440.51,C4,MORTGAGE,61000.0,Verified,2013-01-01,credit_card,6.69,1994-07-01,7.0,1.0,5774.0,86.2,54.0,f,INDIVIDUAL,5.0,1.0,0,7.0,0,18.5,0.295
7700.0,36,19.99,286.13,E1,RENT,26880.0,Source Verified,2014-03-01,debt_consolidation,33.17,2008-02-01,9.0,0.0,6651.0,76.4,11.0,f,INDIVIDUAL,0.0,0.0,0,0.0,0,6.1,0.286
7500.0,36,5.32,225.87,A1,MORTGAGE,53000.0,Not Verified,2016-03-01,debt_consolidation,13.02,1995-05-01,10.0,1.0,3130.0,25.9,18.0,w,INDIVIDUAL,1.0,1.0,0,10.0,0,20.8,0.142
8875.0,36,15.1,308.09,C2,MORTGAGE,32000.0,Verified,2013-11-01,debt_consolidation,17.1,2001-06-01,6.0,0.0,8123.0,67.7,10.0,f,INDIVIDUAL,1.0,0.0,1,7.0,0,12.4,0.277
21000.0,60,10.78,454.3,B4,MORTGAGE,126000.0,Not Verified,2016-01-01,credit_card,16.13,2005-03-01,7.0,0.0,13563.0,51.2,20.0,w,INDIVIDUAL,4.0,0.0,0,6.0,0,10.8,0.167
11325.0,36,7.49,352.23,A4,RENT,86000.0,Not Verified,2015-01-01,debt_consolidation,16.38,2007-06-01,13.0,0.0,11346.0,30.3,24.0,w,INDIVIDUAL,0.0,0.0,0,3.0,0,7.6,0.132
8000.0,36,12.29,266.83,C1,RENT,62000.0,Verified,2015-06-01,debt_consolidation,17.96,2005-08-01,11.0,0.0,13110.0,80.4,18.0,f,INDIVIDUAL,0.0,0.0,1,9.0,0,9.8,0.129
14000.0,36,12.49,468.29,B5,RENT,64000.0,Not Verified,2014-07-01,debt_consolidation,17.78,2006-03-01,37.0,0.0,12968.0,40.8,63.0,w,INDIVIDUAL,0.0,0.0,0,1.0,0,8.3,0.219
21350.0,60,12.12,476.22,B3,RENT,55000.0,Source Verified,2012-10-01,debt_consolidation,24.07,1990-08-01,7.0,0.0,18957.0,75.7,12.0,f,INDIVIDUAL,3.0,0.0,0,8.0,0,22.2,0.388
8000.0,36,17.77,288.3,D1,RENT,48000.0,Verified,2013-03-01,credit_card,16.3,2000-09-01,12.0,0.0,13009.0,89.7,32.0,f,INDIVIDUAL,0.0,0.0,1,0.0,0,12.5,0.167
20000.0,60,13.33,458.45,C3,MORTGAGE,90000.0,Verified,2015-08-01,debt_consolidation,23.15,2001-10-01,7.0,0.0,17802.0,97.8,33.0,w,INDIVIDUAL,1.0,0.0,1,2.0,0,13.8,0.222
12000.0,36,15.8,420.71,C3,RENT,92000.0,Not Verified,2013-05-01,credit_card,9.25,1986-04-01,11.0,0.0,21720.0,67.0,38.0,f,INDIVIDUAL,0.0,0.0,0,10.0,0,27.1,0.13
24000.0,60,13.99,558.32,C4,MORTGAGE,181389.46,Source Verified,2015-05-01,debt_consolidation,3.47,1989-07-01,10.0,0.0,23335.0,97.2,17.0,w,INDIVIDUAL,3.0,0.0,0,3.0,0,25.8,0.132
2400.0,36,12.99,80.86,B4,MORTGAGE,48000.0,Verified,2013-10-01,debt_consolidation,10.53,1992-02-01,4.0,0.0,447.0,89.4,26.0,f,INDIVIDUAL,3.0,0.0,0,9.0,0,21.7,0.05
30000.0,36,10.16,970.28,B1,MORTGAGE,100000.0,Verified,2012-12-01,home_improvement,9.07,1995-03-01,16.0,0.0,33126.0,64.4,48.0,f,INDIVIDUAL,3.0,0.0,0,4.0,0,17.8,0.3
17625.0,60,13.11,402.02,B4,MORTGAGE,55830.0,Verified,2013-04-01,home_improvement,22.96,1995-01-01,7.0,0.0,45789.0,86.5,30.0,w,INDIVIDUAL,4.0,0.0,0,7.0,0,18.2,0.316
13000.0,36,14.49,447.41,C4,OWN,70000.0,Verified,2014-06-01,home_improvement,14.98,1990-04-01,7.0,1.0,4670.0,68.4,12.0,w,INDIVIDUAL,3.0,1.0,0,0.0,0,24.2,0.186
18000.0,36,23.43,700.82,F1,RENT,115000.0,Not Verified,2014-04-01,other,19.29,1992-06-01,11.0,0.0,11015.0,85.4,35.0,f,INDIVIDUAL,3.0,0.0,0,10.0,0,21.8,0.157
9600.0,36,14.31,329.56,C4,RENT,88325.4,Source Verified,2014-12-01,other,24.89,1996-10-01,11.0,0.0,12465.0,83.7,21.0,f,INDIVIDUAL,0.0,0.0,0,10.0,0,18.2,0.109
22800.0,60,12.12,508.56,B3,MORTGAGE,57462.96,Verified,2012-10-01,debt_consolidation,29.15,2002-01-01,8.0,0.0,2066.0,27.9,31.0,f,INDIVIDUAL,1.0,0.0,0,9.0,0,10.7,0.397
3000.0,36,9.17,95.64,B2,MORTGAGE,85000.0,Source Verified,2015-12-01,credit_card,11.91,2002-08-01,7.0,0.0,559.0,4.3,14.0,w,INDIVIDUAL,1.0,0.0,1,0.0,0,13.3,0.035
25000.0,36,8.39,787.92,A5,MORTGAGE,140000.0,Source Verified,2014-08-01,debt_consolidation,16.92,2002-11-01,8.0,0.0,18445.0,50.8,17.0,f,INDIVIDUAL,3.0,0.0,0,5.0,0,11.7,0.179
9000.0,36,11.14,295.25,B2,RENT,48676.0,Verified,2012-10-01,debt_consolidation,28.45,1992-06-01,13.0,0.0,15607.0,74.7,38.0,f,INDIVIDUAL,0.0,0.0,0,6.0,1,20.3,0.185
7600.0,60,19.22,198.07,D5,RENT,34425.6,Source Verified,2012-03-01,vacation,15.2,2000-07-01,7.0,0.0,8280.0,66.8,11.0,f,INDIVIDUAL,0.0,0.0,1,10.0,0,11.7,0.221
12000.0,36,12.69,402.54,C2,MORTGAGE,72000.0,Verified,2015-07-01,debt_consolidation,14.85,2004-07-01,8.0,1.0,8245.0,57.3,14.0,w,INDIVIDUAL,2.0,0.0,0,7.0,0,11.0,0.167
10825.0,36,7.9,338.72,A4,MORTGAGE,77000.0,Source Verified,2012-06-01,credit_card,3.97,1996-12-01,4.0,0.0,10832.0,64.1,19.0,f,INDIVIDUAL,5.0,0.0,0,10.0,0,15.5,0.141
12950.0,36,18.24,469.74,D5,RENT,36000.0,Not Verified,2014-05-01,small_business,9.73,2001-01-01,10.0,1.0,8495.0,28.0,21.0,w,INDIVIDUAL,0.0,0.0,1,8.0,0,13.3,0.36
1000.0,36,12.69,33.55,B5,RENT,42000.0,Not Verified,2012-01-01,debt_consolidation,16.36,1987-06-01,11.0,0.0,12422.0,41.0,24.0,f,INDIVIDUAL,1.0,0.0,0,3.0,0,24.6,0.024
18000.0,60,20.49,481.82,E4,MORTGAGE,45000.0,Source Verified,2015-05-01,home_improvement,35.44,1994-11-01,21.0,0.0,4611.0,98.1,34.0,f,INDIVIDUAL,0.0,0.0,1,1.0,0,20.5,0.4
11200.0,36,13.66,380.95,C3,OWN,46500.0,Verified,2014-11-01,debt_consolidation,19.72,1993-01-01,9.0,0.0,8642.0,35.9,31.0,w,INDIVIDUAL,3.0,0.0,0,10.0,0,21.8,0.241
14000.0,60,18.99,363.1,E1,RENT,70000.0,Source Verified,2016-01-01,debt_consolidation,33.98,2005-06-01,31.0,0.0,17366.0,31.6,78.0,w,INDIVIDUAL,0.0,0.0,0,7.0,0,10.6,0.2
12000.0,60,15.31,287.44,C4,MORTGAGE,85000.0,Not Verified,2014-04-01,other,17.69,2002-10-01,12.0,0.0,10820.0,45.5,23.0,f,INDIVIDUAL,4.0,0.0,0,1.0,0,11.5,0.141
7500.0,36,14.46,258.02,C4,OWN,28000.0,Source Verified,2016-02-01,debt_consolidation,27.13,2009-07-01,8.0,0.0,1928.0,29.7,20.0,w,INDIVIDUAL,0.0,0.0,0,5.0,0,6.6,0.268
12700.0,36,9.17,404.87,B2,MORTGAGE,51000.0,Source Verified,2015-10-01,debt_consolidation,17.98,1986-05-01,11.0,0.0,10606.0,54.7,18.0,f,INDIVIDUAL,1.0,0.0,1,2.0,0,29.4,0.249
15000.0,36,19.22,551.52,D5,MORTGAGE,60000.0,Verified,2012-05-01,debt_consolidation,21.42,1999-11-01,13.0,0.0,14099.0,94.0,23.0,f,INDIVIDUAL,1.0,0.0,0,8.0,0,12.5,0.25
13000.0,36,10.16,420.46,B1,MORTGAGE,56000.0,Verified,2013-05-01,credit_card,10.37,2005-06-01,15.0,0.0,10908.0,26.4,28.0,f,INDIVIDUAL,2.0,0.0,0,8.0,0,7.9,0.232
10000.0,36,9.16,318.75,B2,MORTGAGE,54000.0,Not Verified,2016-04-01,debt_consolidation,15.16,1998-09-01,16.0,0.0,23161.0,54.6,23.0,w,INDIVIDUAL,3.0,0.0,0,6.0,1,17.6,0.185
8250.0,36,12.99,277.94,B4,MORTGAGE,55000.0,Not Verified,2013-10-01,debt_consolidation,9.69,1997-09-01,9.0,0.0,6806.0,69.4,24.0,f,INDIVIDUAL,3.0,0.0,0,1.0,0,16.1,0.15
1200.0,36,14.33,41.21,C2,RENT,33000.0,Not Verified,2013-08-01,credit_card,17.75,2003-10-01,12.0,0.0,14530.0,38.0,13.0,f,INDIVIDUAL,0.0,0.0,0,0.0,0,9.8,0.036
24000.0,36,5.32,722.76,A1,RENT,48000.0,Verified,2016-03-01,other,8.0,2006-07-01,10.0,0.0,1694.0,3.7,20.0,w,INDIVIDUAL,0.0,0.0,0,3.0,0,9.7,0.5
11625.0,36,10.16,375.98,B1,MORTGAGE,51958.4,Verified,2013-03-01,home_improvement,22.66,2001-01-01,8.0,0.0,36547.0,80.7,19.0,f,INDIVIDUAL,2.0,0.0,1,10.0,0,12.2,0.224
7200.0,36,13.68,244.97,C1,OWN,45000.0,Verified,2013-08-01,credit_card,32.24,2001-02-01,13.0,0.0,18988.0,53.0,38.0,f,INDIVIDUAL,0.0,0.0,0,0.0,0,12.5,0.16
3250.0,36,15.22,113.02,C3,RENT,20000.0,Verified,2013-08-01,debt_consolidation,21.12,1999-06-01,5.0,0.0,3229.0,68.7,16.0,f,INDIVIDUAL,0.0,0.0,0,6.0,1,14.2,0.162
6400.0,36,18.49,232.96,D2,RENT,75805.6,Not Verified,2013-04-01,debt_consolidation,10.54,1999-11-01,11.0,0.0,8028.0,42.0,28.0,w,INDIVIDUAL,4.0,0.0,0,7.0,0,13.4,0.084
10875.0,60,28.99,345.13,G5,RENT,34000.0,Verified,2015-08-01,credit_card,31.31,1998-11-01,11.0,0.0,27408.0,83.3,16.0,w,INDIVIDUAL,0.0,0.0,0,10.0,0,16.7,0.32
22450.0,60,16.78,555.29,C5,MORTGAGE,85000.0,Verified,2013-09-01,debt_consolidation,7.64,2000-02-01,15.0,0.0,4941.0,51.5,35.0,f,INDIVIDUAL,2.0,0.0,0,1.0,0,13.6,0.264
9750.0,36,17.56,350.34,D1,RENT,30000.0,Verified,2013-08-01,debt_consolidation,26.64,1999-04-01,16.0,1.0,11152.0,26.1,32.0,f,INDIVIDUAL,0.0,1.0,0,3.0,0,14.3,0.325
21600.0,60,14.46,507.77,C4,OWN,79000.0,Source Verified,2016-03-01,home_improvement,11.59,2004-12-01,7.0,0.0,8486.0,99.8,16.0,w,INDIVIDUAL,2.0,0.0,0,9.0,0,11.2,0.273
21000.0,36,10.99,687.42,B2,MORTGAGE,95000.0,Source Verified,2013-10-01,home_improvement,11.41,2000-06-01,15.0,0.0,18936.0,41.4,34.0,f,INDIVIDUAL,3.0,0.0,0,9.0,0,13.3,0.221
33000.0,36,17.27,1180.98,D1,OWN,106000.0,Verified,2012-06-01,credit_card,21.3,1992-02-01,20.0,0.0,44118.0,83.1,41.0,f,INDIVIDUAL,3.0,0.0,0,6.0,0,20.3,0.311
11325.0,36,14.3,388.72,C1,MORTGAGE,52000.0,Verified,2013-12-01,debt_consolidation,16.52,1994-11-01,14.0,1.0,4747.0,30.2,63.0,f,INDIVIDUAL,7.0,1.0,1,10.0,0,19.1,0.218
20000.0,36,9.17,637.58,B2,RENT,82000.0,Verified,2015-10-01,debt_consolidation,24.22,2000-05-01,13.0,1.0,9910.0,49.1,28.0,w,INDIVIDUAL,0.0,1.0,0,9.0,0,15.4,0.244
5000.0,36,10.99,163.67,B4,RENT,55000.0,Source Verified,2015-09-01,credit_card,8.47,1997-07-01,15.0,1.0,1821.0,19.0,26.0,w,INDIVIDUAL,0.0,1.0,0,7.0,0,18.2,0.091
17275.0,60,25.57,512.84,F5,MORTGAGE,48005.0,Source Verified,2014-09-01,debt_consolidation,15.15,2007-10-01,25.0,0.0,11855.0,67.0,36.0,w,INDIVIDUAL,1.0,0.0,1,0.0,0,6.9,0.36
26575.0,60,16.99,660.32,D3,MORTGAGE,82266.0,Source Verified,2015-04-01,debt_consolidation,27.32,1986-05-01,20.0,0.0,35007.0,87.7,38.0,w,INDIVIDUAL,5.0,0.0,0,10.0,0,28.9,0.323
18000.0,36,14.33,618.09,C1,RENT,65000.0,Not Verified,2012-09-01,debt_consolidation,10.52,2005-11-01,6.0,0.0,12427.0,66.8,10.0,f,INDIVIDUAL,0.0,0.0,0,6.0,0,6.8,0.277
15850.0,36,12.12,527.36,B3,MORTGAGE,40000.0,Source Verified,2013-05-01,debt_consolidation,15.24,1997-09-01,3.0,1.0,9709.0,92.5,12.0,f,INDIVIDUAL,1.0,1.0,0,8.0,0,15.7,0.396
20000.0,36,15.27,695.96,C4,RENT,63000.0,Verified,2012-02-01,debt_consolidation,22.84,2000-01-01,9.0,0.0,23628.0,80.1,19.0,f,INDIVIDUAL,1.0,0.0,0,1.0,0,12.1,0.317
10000.0,36,8.9,317.54,A5,MORTGAGE,90000.0,Verified,2013-11-01,debt_consolidation,7.51,1989-10-01,6.0,0.0,5894.0,68.5,14.0,f,INDIVIDUAL,4.0,0.0,0,5.0,0,24.1,0.111
3725.0,36,18.99,136.53,D4,RENT,19000.0,Verified,2016-03-01,house,29.56,2006-03-01,21.0,1.0,8151.0,60.0,31.0,w,INDIVIDUAL,0.0,0.0,1,3.0,0,10.0,0.196
30000.0,36,15.31,1044.52,C2,MORTGAGE,105000.0,Verified,2013-06-01,debt_consolidation,24.85,1995-06-01,17.0,0.0,48431.0,55.2,32.0,w,INDIVIDUAL,7.0,0.0,0,7.0,0,18.0,0.286
14000.0,36,6.62,429.86,A2,MORTGAGE,56000.0,Not Verified,2013-08-01,debt_consolidation,5.61,2002-02-01,9.0,0.0,11400.0,33.5,25.0,f,INDIVIDUAL,3.0,0.0,0,10.0,0,11.5,0.25
8000.0,36,9.99,258.1,B3,OWN,125000.0,Not Verified,2015-03-01,vacation,19.38,1996-08-01,12.0,0.0,66116.0,79.5,21.0,f,INDIVIDUAL,2.0,0.0,0,10.0,0,18.6,0.064
4000.0,36,12.88,134.55,C2,MORTGAGE,40000.0,Verified,2015-12-01,other,14.43,1998-10-01,6.0,0.0,15105.0,98.7,6.0,w,INDIVIDUAL,1.0,0.0,0,0.0,0,17.2,0.1
8000.0,36,9.17,255.04,B2,RENT,60000.0,Source Verified,2015-04-01,credit_card,26.58,2008-04-01,12.0,0.0,10094.0,41.4,21.0,f,INDIVIDUAL,0.0,0.0,1,3.0,0,7.0,0.133
6000.0,36,19.72,222.13,D5,RENT,90262.0,Not Verified,2013-05-01,debt_consolidation,12.38,1991-04-01,11.0,0.0,11218.0,72.8,20.0,f,INDIVIDUAL,0.0,0.0,0,2.0,0,22.1,0.066
24000.0,60,13.99,558.32,C4,RENT,85000.0,Verified,2015-05-01,debt_consolidation,9.88,2001-05-01,10.0,0.0,24992.0,74.8,19.0,w,INDIVIDUAL,0.0,0.0,0,10.0,0,14.0,0.282
5000.0,36,15.31,174.09,C5,MORTGAGE,50000.0,Verified,2016-04-01,home_improvement,27.51,2005-11-01,8.0,1.0,3260.0,67.9,48.0,f,INDIVIDUAL,2.0,1.0,0,6.0,1,10.4,0.1
21000.0,60,13.99,488.53,C1,MORTGAGE,115000.0,Source Verified,2012-06-01,credit_card,11.66,1995-08-01,9.0,0.0,31104.0,61.2,27.0,f,INDIVIDUAL,4.0,0.0,0,10.0,0,16.8,0.183
7200.0,36,12.39,240.49,C1,MORTGAGE,29732.0,Verified,2015-01-01,medical,3.07,1997-06-01,9.0,1.0,1898.0,67.8,21.0,w,INDIVIDUAL,2.0,1.0,0,10.0,0,17.6,0.242
15000.0,36,7.62,467.43,A3,MORTGAGE,48000.0,Verified,2013-09-01,credit_card,28.35,2003-07-01,13.0,0.0,18836.0,48.9,40.0,f,INDIVIDUAL,2.0,0.0,0,8.0,0,10.2,0.312
2700.0,36,19.52,99.69,D4,MORTGAGE,65000.0,Verified,2013-10-01,other,26.1,2001-10-01,7.0,0.0,5582.0,93.0,17.0,f,INDIVIDUAL,7.0,0.0,0,10.0,0,12.0,0.042
21000.0,60,10.49,451.27,B3,MORTGAGE,93500.0,Source Verified,2014-11-01,debt_consolidation,23.26,1995-01-01,13.0,0.0,36360.0,72.9,22.0,w,INDIVIDUAL,2.0,0.0,0,8.0,0,19.8,0.225
5600.0,36,8.39,176.5,A5,MORTGAGE,79300.0,Not Verified,2014-06-01,medical,23.59,1998-12-01,15.0,0.0,2210.0,19.4,43.0,w,INDIVIDUAL,3.0,0.0,0,10.0,0,15.5,0.071
7200.0,36,9.76,231.52,B1,RENT,65000.0,Not Verified,2012-04-01,debt_consolidation,15.12,2003-12-01,10.0,0.0,8315.0,60.7,16.0,f,INDIVIDUAL,0.0,0.0,1,4.0,0,8.3,0.111
9875.0,36,18.99,361.93,E1,RENT,33000.0,Not Verified,2014-05-01,debt_consolidation,26.77,1996-02-01,7.0,0.0,5406.0,60.7,21.0,f,INDIVIDUAL,0.0,0.0,0,5.0,0,18.2,0.299
16000.0,60,15.8,387.4,C3,RENT,50000.0,Verified,2013-06-01,debt_consolidation,22.42,1990-05-01,13.0,0.0,17303.0,42.9,27.0,f,INDIVIDUAL,0.0,0.0,1,3.0,0,23.1,0.32
6000.0,36,10.64,195.42,B2,MORTGAGE,36600.0,Verified,2013-09-01,debt_consolidation,25.33,1992-11-01,9.0,0.0,11291.0,73.3,26.0,f,INDIVIDUAL,4.0,0.0,0,0.0,0,20.8,0.164
20000.0,36,13.98,683.36,C3,MORTGAGE,80000.0,Verified,2014-10-01,debt_consolidation,11.7,2000-09-01,21.0,0.0,28131.0,93.2,41.0,w,INDIVIDUAL,3.0,0.0,1,1.0,0,14.1,0.25
5550.0,36,11.99,184.32,B3,MORTGAGE,27000.0,Verified,2013-11-01,debt_consolidation,22.44,2004-01-01,9.0,0.0,7074.0,31.4,20.0,w,INDIVIDUAL,0.0,0.0,1,10.0,0,9.8,0.206
25000.0,60,14.3,585.61,C1,MORTGAGE,95000.0,Source Verified,2013-10-01,debt_consolidation,15.09,1993-08-01,18.0,0.0,30800.0,47.9,35.0,w,INDIVIDUAL,3.0,0.0,1,4.0,0,20.2,0.263
2800.0,36,12.99,94.33,C2,MORTGAGE,40000.0,Source Verified,2016-02-01,small_business,13.5,2002-01-01,10.0,1.0,5326.0,33.1,23.0,w,INDIVIDUAL,3.0,1.0,0,3.0,0,14.1,0.07
18000.0,36,13.67,612.32,B5,MORTGAGE,130000.0,Not Verified,2013-11-01,home_improvement,9.25,2000-04-01,11.0,0.0,10888.0,77.2,16.0,f,INDIVIDUAL,1.0,0.0,1,6.0,0,13.6,0.138
13225.0,60,20.2,351.86,E3,RENT,35000.0,Source Verified,2014-07-01,credit_card,15.53,2005-04-01,9.0,2.0,9325.0,70.1,27.0,w,INDIVIDUAL,0.0,2.0,1,2.0,0,9.2,0.378
3600.0,36,8.18,113.12,B1,RENT,66000.0,Not Verified,2015-03-01,debt_consolidation,16.45,1998-01-01,13.0,1.0,14030.0,75.4,62.0,f,INDIVIDUAL,0.0,0.0,0,5.0,0,17.2,0.055
24000.0,60,16.55,590.68,D2,MORTGAGE,60000.0,Source Verified,2015-12-01,debt_consolidation,29.36,2005-06-01,11.0,0.0,14989.0,76.9,21.0,w,INDIVIDUAL,3.0,0.0,0,8.0,0,10.5,0.4
13150.0,36,23.7,513.85,F1,MORTGAGE,36640.0,Verified,2014-01-01,debt_consolidation,18.08,1977-12-01,12.0,0.0,18215.0,42.2,32.0,f,INDIVIDUAL,3.0,0.0,0,6.0,1,36.1,0.359
35000.0,36,10.99,1145.69,B4,MORTGAGE,96400.0,Verified,2015-09-01,credit_card,16.73,1970-08-01,25.0,0.0,48514.0,31.0,50.0,w,INDIVIDUAL,2.0,0.0,0,2.0,0,45.1,0.363
9275.0,36,11.53,305.99,B5,OWN,50000.0,Source Verified,2015-04-01,debt_consolidation,23.5,2002-01-01,12.0,0.0,8005.0,34.2,23.0,f,INDIVIDUAL,0.0,0.0,0,8.0,0,13.2,0.186
9600.0,36,8.9,304.84,A5,MORTGAGE,125000.0,Not Verified,2014-01-01,debt_consolidation,6.2,2001-05-01,10.0,1.0,10147.0,27.8,24.0,w,INDIVIDUAL,6.0,1.0,0,10.0,0,12.7,0.077
14300.0,36,18.49,520.51,D2,RENT,37000.0,Verified,2013-06-01,other,31.26,2002-07-01,9.0,0.0,24817.0,63.3,22.0,f,INDIVIDUAL,0.0,0.0,1,2.0,0,10.9,0.386
10800.0,60,16.99,268.35,D3,RENT,48000.0,Not Verified,2014-07-01,debt_consolidation,25.75,2000-11-01,20.0,0.0,30508.0,85.9,33.0,w,INDIVIDUAL,0.0,0.0,0,6.0,0,13.7,0.225
11000.0,36,11.55,363.0,B3,OWN,39000.0,Not Verified,2013-09-01,credit_card,12.62,2002-06-01,10.0,0.0,11459.0,65.5,25.0,f,INDIVIDUAL,1.0,0.0,0,7.0,0,11.3,0.282
4000.0,36,9.49,128.12,B2,RENT,65000.0,Not Verified,2014-11-01,credit_card,17.15,2003-02-01,9.0,0.0,4971.0,34.0,18.0,f,INDIVIDUAL,0.0,0.0,0,9.0,0,11.7,0.062
16000.0,36,15.31,557.08,C4,MORTGAGE,54000.0,Verified,2014-03-01,debt_consolidation,13.22,1979-03-01,15.0,0.0,12962.0,56.4,31.0,f,INDIVIDUAL,2.0,0.0,1,0.0,0,35.0,0.296
7500.0,36,11.67,247.93,B4,OWN,21000.0,Source Verified,2014-07-01,debt_consolidation,24.51,1990-03-01,15.0,1.0,10144.0,29.7,26.0,f,INDIVIDUAL,0.0,1.0,1,1.0,0,24.3,0.357
19600.0,36,13.67,666.75,B5,MORTGAGE,118000.0,Verified,2013-11-01,debt_consolidation,17.31,1994-07-01,13.0,0.0,8785.0,61.9,48.0,f,INDIVIDUAL,7.0,0.0,0,10.0,0,19.3,0.166
20000.0,36,7.49,622.04,A4,OWN,40000.0,Verified,2014-12-01,credit_card,24.66,2000-08-01,11.0,1.0,3972.0,15.5,29.0,w,INDIVIDUAL,0.0,0.0,0,3.0,0,14.3,0.5
10725.0,36,24.99,426.37,F4,RENT,56000.0,Verified,2015-01-01,home_improvement,14.85,2007-01-01,20.0,0.0,12084.0,67.4,34.0,f,INDIVIDUAL,0.0,0.0,1,5.0,0,8.0,0.192
16000.0,60,13.35,366.93,C2,MORTGAGE,132000.0,Not Verified,2014-06-01,credit_card,14.0,2001-02-01,16.0,0.0,26696.0,48.0,32.0,w,INDIVIDUAL,7.0,0.0,0,10.0,0,13.3,0.121
5000.0,36,6.49,153.23,A2,RENT,50000.0,Not Verified,2014-06-01,credit_card,29.07,1995-05-01,23.0,0.0,12377.0,23.5,43.0,w,INDIVIDUAL,1.0,0.0,0,10.0,0,19.1,0.1
10000.0,36,6.39,305.99,A2,MORTGAGE,62000.0,Verified,2015-04-01,debt_consolidation,22.42,1986-07-01,16.0,0.0,25466.0,65.0,37.0,w,INDIVIDUAL,5.0,0.0,0,2.0,0,28.8,0.161
12000.0,36,15.1,416.58,C2,RENT,45000.0,Not Verified,2013-10-01,debt_consolidation,21.25,1999-11-01,9.0,1.0,13225.0,68.5,14.0,w,INDIVIDUAL,0.0,1.0,0,8.0,0,13.9,0.267
16475.0,36,7.9,515.51,A4,RENT,42000.0,Verified,2012-08-01,other,30.02,1994-01-01,4.0,0.0,5247.0,20.4,13.0,f,INDIVIDUAL,0.0,0.0,0,7.0,0,18.6,0.392
30000.0,60,23.99,862.87,F2,MORTGAGE,80000.0,Verified,2015-05-01,debt_consolidation,27.05,2002-04-01,26.0,0.0,20379.0,21.1,49.0,w,INDIVIDUAL,4.0,0.0,0,10.0,0,13.1,0.375
6975.0,36,13.33,236.13,C3,OWN,74464.0,Source Verified,2015-05-01,debt_consolidation,23.34,2000-08-01,7.0,0.0,2253.0,86.7,15.0,w,INDIVIDUAL,0.0,0.0,0,10.0,0,14.7,0.094
13000.0,36,16.32,459.08,E3,RENT,50500.0,Source Verified,2009-02-01,debt_consolidation,17.23,2005-02-01,12.0,0.0,6570.0,39.3,20.0,f,INDIVIDUAL,1.0,0.0,0,2.0,0,4.0,0.257
9350.0,36,10.16,302.41,B1,RENT,55000.0,Not Verified,2012-07-01,debt_consolidation,21.96,2001-07-01,10.0,0.0,16316.0,68.6,36.0,f,INDIVIDUAL,0.0,0.0,0,1.0,0,11.0,0.17
4400.0,36,8.9,139.72,A5,RENT,36000.0,Source Verified,2013-07-01,debt_consolidation,13.33,2004-08-01,9.0,0.0,7425.0,33.1,10.0,w,INDIVIDUAL,0.0,0.0,0,5.0,0,8.9,0.122
4800.0,36,10.99,157.13,B2,MORTGAGE,60000.0,Not Verified,2013-11-01,debt_consolidation,15.66,1988-09-01,16.0,0.0,4444.0,45.8,28.0,f,INDIVIDUAL,2.0,0.0,0,9.0,0,25.2,0.08
10000.0,60,16.99,248.48,D3,MORTGAGE,54000.0,Source Verified,2015-08-01,debt_consolidation,7.84,1998-05-01,7.0,1.0,3544.0,66.9,32.0,f,INDIVIDUAL,1.0,1.0,1,4.0,0,17.3,0.185
1000.0,36,8.18,31.42,B1,OWN,138000.0,Not Verified,2015-09-01,vacation,9.39,1999-02-01,6.0,0.0,27878.0,98.9,13.0,f,INDIVIDUAL,2.0,0.0,0,10.0,0,16.6,0.007
6000.0,36,12.12,199.63,B3,RENT,28800.0,Not Verified,2013-06-01,debt_consolidation,20.58,2008-06-01,7.0,0.0,4913.0,21.8,8.0,f,INDIVIDUAL,0.0,0.0,0,0.0,0,5.0,0.208
9975.0,36,6.24,304.55,A2,OWN,75000.0,Source Verified,2015-06-01,credit_card,15.82,1997-12-01,17.0,0.0,7651.0,41.6,48.0,w,INDIVIDUAL,1.0,0.0,0,0.0,0,17.5,0.133
35000.0,36,16.55,1240.03,D2,MORTGAGE,135000.0,Source Verified,2015-04-01,debt_consolidation,21.0,1999-01-01,15.0,0.0,27069.0,67.0,50.0,f,INDIVIDUAL,1.0,0.0,1,10.0,0,16.2,0.259
5000.0,36,13.66,170.07,C3,RENT,35000.0,Not Verified,2014-11-01,medical,5.42,1986-01-01,15.0,0.0,5119.0,77.6,16.0,w,INDIVIDUAL,0.0,0.0,1,10.0,0,28.8,0.143
5000.0,36,11.86,165.74,B5,MORTGAGE,70000.0,Not Verified,2010-06-01,debt_consolidation,14.76,2002-04-01,3.0,0.0,0.0,0.0,17.0,f,INDIVIDUAL,1.0,0.0,1,2.0,0,8.2,0.071
8000.0,36,12.99,269.52,C1,RENT,42000.0,Source Verified,2014-10-01,debt_consolidation,17.14,1991-05-01,9.0,0.0,8677.0,59.8,15.0,w,INDIVIDUAL,0.0,0.0,1,10.0,0,23.4,0.19
12000.0,36,8.9,381.04,A5,MORTGAGE,84000.0,Not Verified,2013-03-01,debt_consolidation,13.26,1996-07-01,12.0,0.0,34875.0,64.6,40.0,w,INDIVIDUAL,4.0,0.0,0,10.0,0,16.7,0.143
18000.0,36,8.49,568.14,A5,RENT,84000.0,Verified,2011-06-01,debt_consolidation,15.91,1999-10-01,18.0,0.0,26808.0,27.3,37.0,f,INDIVIDUAL,2.0,0.0,0,3.0,0,11.7,0.214
6400.0,36,9.67,205.52,B1,RENT,75000.0,Not Verified,2013-12-01,credit_card,5.04,1996-04-01,3.0,0.0,2863.0,39.2,14.0,f,INDIVIDUAL,4.0,0.0,0,5.0,0,17.7,0.085
12000.0,36,6.03,365.23,A1,MORTGAGE,70000.0,Source Verified,2013-12-01,debt_consolidation,14.2,1997-10-01,13.0,0.0,9499.0,38.9,32.0,w,INDIVIDUAL,1.0,0.0,0,0.0,0,16.2,0.171
15000.0,36,10.38,486.69,B1,MORTGAGE,72996.0,Verified,2010-08-01,debt_consolidation,21.07,1994-12-01,9.0,0.0,5491.0,37.4,26.0,f,INDIVIDUAL,2.0,0.0,0,1.0,0,15.7,0.205
9200.0,36,7.26,285.17,A4,OWN,50000.0,Source Verified,2015-07-01,debt_consolidation,24.96,1988-07-01,15.0,1.0,13942.0,30.0,31.0,w,INDIVIDUAL,7.0,1.0,0,5.0,0,27.0,0.184
10000.0,36,8.6,316.14,A4,MORTGAGE,82000.0,Not Verified,2013-10-01,debt_consolidation,17.47,1986-04-01,12.0,0.0,35940.0,36.0,24.0,f,INDIVIDUAL,4.0,0.0,0,10.0,0,27.5,0.122
18000.0,36,5.32,542.07,A1,MORTGAGE,49000.0,Verified,2016-02-01,debt_consolidation,4.21,1990-04-01,6.0,0.0,8475.0,15.7,16.0,w,INDIVIDUAL,3.0,0.0,0,10.0,0,25.8,0.367
9600.0,36,13.67,326.57,C3,RENT,52000.0,Source Verified,2016-03-01,debt_consolidation,16.13,1989-10-01,15.0,1.0,6653.0,29.2,32.0,w,INDIVIDUAL,1.0,1.0,1,6.0,1,26.4,0.185
20000.0,36,14.33,686.77,C1,MORTGAGE,70000.0,Verified,2012-08-01,credit_card,23.55,1994-05-01,14.0,0.0,23998.0,75.5,56.0,f,INDIVIDUAL,0.0,0.0,1,10.0,0,18.3,0.286
6500.0,36,13.11,219.36,B4,OWN,42198.0,Not Verified,2012-05-01,major_purchase,12.37,1999-10-01,10.0,0.0,2445.0,39.4,27.0,f,INDIVIDUAL,0.0,0.0,0,5.0,0,12.6,0.154
19200.0,36,7.69,598.92,A4,MORTGAGE,180000.0,Verified,2014-07-01,debt_consolidation,20.33,1995-06-01,16.0,0.0,91658.0,77.8,39.0,f,INDIVIDUAL,3.0,0.0,0,4.0,0,19.1,0.107
19125.0,60,18.55,491.39,D4,MORTGAGE,79000.0,Verified,2012-05-01,home_improvement,9.22,1983-03-01,6.0,0.0,6199.0,71.3,15.0,f,INDIVIDUAL,4.0,0.0,1,10.0,0,29.2,0.242
11700.0,36,14.49,402.67,C4,OWN,122550.0,Not Verified,2014-07-01,car,16.36,1994-02-01,11.0,0.0,31957.0,73.1,28.0,f,INDIVIDUAL,1.0,0.0,0,7.0,0,20.4,0.095
19000.0,36,6.03,578.28,A1,MORTGAGE,144000.0,Source Verified,2013-07-01,major_purchase,4.28,1993-08-01,10.0,0.0,51912.0,5.0,34.0,f,INDIVIDUAL,5.0,0.0,0,3.0,0,19.9,0.132
16800.0,36,9.75,540.12,B3,RENT,114000.0,Source Verified,2016-05-01,debt_consolidation,12.56,2010-12-01,6.0,0.0,24109.0,52.6,11.0,w,INDIVIDUAL,0.0,0.0,0,4.0,0,5.4,0.147
4950.0,36,16.78,175.94,C5,RENT,25000.0,Source Verified,2013-08-01,debt_consolidation,15.94,2003-05-01,6.0,0.0,6211.0,73.9,7.0,f,INDIVIDUAL,0.0,0.0,0,3.0,0,10.3,0.198
12000.0,60,18.24,306.3,D5,MORTGAGE,36000.0,Source Verified,2014-09-01,debt_consolidation,11.5,1980-12-01,7.0,1.0,7435.0,62.0,23.0,f,INDIVIDUAL,1.0,1.0,0,6.0,0,33.7,0.333
22000.0,36,12.69,737.99,B5,MORTGAGE,115000.0,Verified,2011-10-01,debt_consolidation,21.64,1992-10-01,6.0,0.0,21054.0,90.7,19.0,f,INDIVIDUAL,1.0,0.0,0,4.0,0,19.0,0.191
12000.0,60,12.69,271.14,B5,OWN,60000.0,Source Verified,2011-12-01,debt_consolidation,17.62,1997-09-01,7.0,0.0,11082.0,69.3,12.0,f,INDIVIDUAL,0.0,0.0,0,3.0,0,14.2,0.2
8000.0,36,11.67,264.46,B4,MORTGAGE,35000.0,Source Verified,2014-08-01,credit_card,17.22,2003-10-01,10.0,3.0,5143.0,40.5,27.0,w,INDIVIDUAL,0.0,2.0,0,2.0,0,10.8,0.229
21000.0,36,9.67,674.37,B1,MORTGAGE,112000.0,Source Verified,2014-03-01,credit_card,21.67,2000-06-01,8.0,0.0,48594.0,94.2,28.0,f,INDIVIDUAL,3.0,0.0,0,3.0,0,13.7,0.188
16200.0,36,13.11,546.71,B4,MORTGAGE,102000.0,Not Verified,2013-05-01,credit_card,11.06,1987-12-01,20.0,0.0,22935.0,47.1,47.0,w,INDIVIDUAL,2.0,0.0,0,2.0,0,25.4,0.159
3500.0,36,12.99,117.92,C2,RENT,35000.0,Not Verified,2015-01-01,debt_consolidation,4.42,2005-02-01,6.0,0.0,3106.0,23.7,15.0,f,INDIVIDUAL,0.0,0.0,0,0.0,0,9.9,0.1
15250.0,36,17.27,545.76,C5,MORTGAGE,57000.0,Verified,2012-09-01,debt_consolidation,18.13,2000-11-01,20.0,0.0,22003.0,49.4,52.0,f,INDIVIDUAL,3.0,0.0,0,6.0,0,11.8,0.268
28250.0,36,9.17,900.58,B1,MORTGAGE,75000.0,Source Verified,2014-08-01,credit_card,25.8,1996-03-01,15.0,0.0,6533.0,40.6,44.0,f,INDIVIDUAL,4.0,0.0,0,10.0,0,18.4,0.377
23175.0,60,18.49,594.69,D5,RENT,61000.0,Verified,2015-12-01,debt_consolidation,22.21,2001-10-01,17.0,0.0,36291.0,77.7,49.0,w,INDIVIDUAL,0.0,0.0,0,0.0,0,14.2,0.38
24000.0,60,21.98,662.59,E4,MORTGAGE,100000.0,Verified,2013-05-01,debt_consolidation,20.67,2000-10-01,14.0,0.0,25161.0,81.2,36.0,w,INDIVIDUAL,5.0,0.0,0,3.0,0,12.6,0.24
15000.0,60,21.0,405.81,E1,MORTGAGE,42000.0,Source Verified,2013-12-01,credit_card,15.31,2001-10-01,6.0,0.0,23952.0,95.0,18.0,f,INDIVIDUAL,2.0,0.0,0,10.0,0,12.2,0.357
8000.0,36,10.15,258.71,B2,MORTGAGE,43000.0,Source Verified,2014-09-01,debt_consolidation,23.5,2000-12-01,8.0,0.0,1007.0,7.3,23.0,w,INDIVIDUAL,3.0,0.0,1,0.0,0,13.7,0.186
3000.0,36,6.68,92.2,A3,OWN,40000.0,Not Verified,2015-05-01,credit_card,15.35,1982-01-01,5.0,0.0,3005.0,10.7,20.0,w,INDIVIDUAL,0.0,0.0,0,10.0,0,33.3,0.075
10000.0,36,16.29,353.01,C4,MORTGAGE,92000.0,Verified,2012-11-01,debt_consolidation,22.53,2000-08-01,17.0,0.0,17755.0,64.8,33.0,f,INDIVIDUAL,3.0,0.0,1,6.0,0,12.3,0.109
15000.0,60,12.99,341.22,C2,RENT,35000.0,Source Verified,2016-04-01,debt_consolidation,21.74,2002-12-01,9.0,0.0,13256.0,53.0,13.0,w,INDIVIDUAL,0.0,0.0,0,10.0,0,13.3,0.429
24000.0,60,16.99,596.34,D3,MORTGAGE,88000.0,Verified,2014-07-01,home_improvement,10.04,2003-02-01,17.0,0.0,4631.0,26.0,58.0,w,INDIVIDUAL,0.0,0.0,1,2.0,0,11.4,0.273
12000.0,60,16.78,296.82,C5,MORTGAGE,61000.0,Verified,2013-09-01,debt_consolidation,19.0,1998-01-01,13.0,0.0,8528.0,46.9,25.0,f,INDIVIDUAL,1.0,0.0,0,10.0,0,15.7,0.197
15000.0,36,13.16,506.56,C3,MORTGAGE,150000.0,Verified,2009-01-01,small_business,4.06,1989-05-01,8.0,0.0,85892.0,2.1,32.0,f,INDIVIDUAL,2.0,0.0,0,5.0,0,19.7,0.1
24000.0,36,7.26,743.91,A4,MORTGAGE,188000.0,Source Verified,2015-05-01,credit_card,12.62,1996-01-01,9.0,0.0,151817.0,85.8,22.0,w,INDIVIDUAL,5.0,0.0,0,10.0,0,19.3,0.128
5375.0,36,17.1,191.91,C5,OWN,30000.0,Not Verified,2013-09-01,debt_consolidation,21.36,2003-05-01,8.0,0.0,5863.0,54.8,10.0,f,INDIVIDUAL,0.0,0.0,1,6.0,0,10.3,0.179
16000.0,36,10.37,519.06,B3,OWN,72000.0,Source Verified,2011-02-01,credit_card,20.48,1982-12-01,23.0,0.0,18021.0,17.8,47.0,f,INDIVIDUAL,3.0,0.0,0,10.0,0,28.2,0.222
16000.0,36,15.7,560.18,D4,RENT,36000.0,Not Verified,2010-03-01,small_business,16.1,2005-03-01,7.0,0.0,3062.0,28.1,10.0,f,INDIVIDUAL,0.0,0.0,0,7.0,0,5.0,0.444
30000.0,60,14.27,702.26,C2,MORTGAGE,102000.0,Source Verified,2011-09-01,debt_consolidation,18.21,1988-03-01,16.0,0.0,22481.0,41.8,45.0,f,INDIVIDUAL,3.0,0.0,0,5.0,0,23.5,0.294
11050.0,36,15.99,388.44,D2,MORTGAGE,37440.0,Not Verified,2014-12-01,debt_consolidation,26.19,2000-06-01,8.0,1.0,13715.0,65.0,18.0,w,INDIVIDUAL,5.0,1.0,0,2.0,0,14.5,0.295
9000.0,36,13.11,303.73,B4,RENT,40000.0,Not Verified,2012-09-01,credit_card,18.75,1999-03-01,20.0,0.0,4902.0,67.2,45.0,f,INDIVIDUAL,0.0,0.0,0,0.0,0,13.5,0.225
10400.0,36,6.49,318.71,A2,MORTGAGE,78000.0,Not Verified,2014-07-01,credit_card,16.06,2000-12-01,19.0,0.0,11251.0,28.3,54.0,w,INDIVIDUAL,5.0,0.0,0,7.0,0,13.6,0.133
12000.0,36,9.17,382.55,B2,MORTGAGE,70000.0,Not Verified,2015-11-01,debt_consolidation,18.4,2006-01-01,17.0,1.0,8236.0,21.1,34.0,w,INDIVIDUAL,3.0,1.0,1,1.0,0,9.8,0.171
20000.0,36,15.61,699.3,D1,MORTGAGE,58000.0,Source Verified,2014-05-01,home_improvement,20.22,2001-12-01,12.0,0.0,2196.0,16.9,22.0,w,INDIVIDUAL,3.0,0.0,0,6.0,0,12.4,0.345
21000.0,36,6.03,639.15,A1,MORTGAGE,91000.0,Source Verified,2014-08-01,debt_consolidation,25.97,1995-02-01,12.0,0.0,43088.0,69.3,53.0,f,INDIVIDUAL,9.0,0.0,0,10.0,0,19.5,0.231
12000.0,60,15.99,291.76,D2,RENT,66100.0,Verified,2015-01-01,debt_consolidation,33.24,1998-07-01,9.0,0.0,12982.0,45.2,18.0,f,INDIVIDUAL,1.0,0.0,1,1.0,0,16.5,0.182
10000.0,36,12.12,332.72,B3,RENT,48000.0,Not Verified,2012-07-01,debt_consolidation,11.95,1996-03-01,5.0,0.0,15667.0,83.8,10.0,f,INDIVIDUAL,0.0,0.0,0,3.0,0,16.3,0.208
20500.0,60,18.49,526.05,D5,MORTGAGE,41000.0,Not Verified,2016-02-01,debt_consolidation,22.54,2004-11-01,4.0,0.0,21367.0,89.0,6.0,w,INDIVIDUAL,0.0,0.0,0,10.0,0,11.2,0.5
32425.0,60,24.99,951.53,F4,MORTGAGE,85396.0,Verified,2014-03-01,debt_consolidation,22.02,1991-09-01,20.0,0.0,30628.0,93.7,46.0,f,INDIVIDUAL,1.0,0.0,0,2.0,0,22.5,0.38
4000.0,60,11.12,87.21,B3,RENT,48000.0,Not Verified,2010-09-01,car,2.6,2004-07-01,8.0,0.0,93.0,1.0,15.0,f,INDIVIDUAL,0.0,0.0,0,2.0,0,6.2,0.083
21000.0,60,18.2,535.55,E1,RENT,91800.0,Source Verified,2015-11-01,debt_consolidation,31.71,2004-11-01,16.0,0.0,43516.0,89.9,24.0,w,INDIVIDUAL,0.0,0.0,1,10.0,0,11.0,0.229
14125.0,60,17.57,355.39,D2,MORTGAGE,80000.0,Verified,2014-01-01,credit_card,19.05,2000-01-01,13.0,1.0,12136.0,61.3,26.0,w,INDIVIDUAL,1.0,0.0,0,10.0,0,14.0,0.177
8050.0,36,12.69,270.04,C2,RENT,40000.0,Source Verified,2015-09-01,debt_consolidation,18.63,1999-10-01,9.0,0.0,8050.0,30.3,11.0,w,INDIVIDUAL,0.0,0.0,0,9.0,0,15.9,0.201
7175.0,36,12.49,240.0,B5,MORTGAGE,18000.0,Not Verified,2014-07-01,debt_consolidation,17.0,1978-03-01,13.0,0.0,4227.0,51.5,34.0,w,INDIVIDUAL,2.0,0.0,0,10.0,0,36.3,0.399
8000.0,36,5.42,241.28,A1,RENT,62000.0,Verified,2011-08-01,home_improvement,14.73,1998-10-01,9.0,0.0,2468.0,23.1,20.0,f,INDIVIDUAL,1.0,0.0,0,10.0,0,12.8,0.129
15000.0,60,13.98,348.87,C3,MORTGAGE,65000.0,Source Verified,2014-06-01,debt_consolidation,17.47,2001-12-01,18.0,0.0,15672.0,67.6,24.0,w,INDIVIDUAL,1.0,0.0,0,10.0,0,12.5,0.231
21000.0,36,12.69,704.45,C2,OWN,150000.0,Source Verified,2015-08-01,debt_consolidation,30.44,2005-04-01,11.0,0.0,66806.0,70.0,14.0,w,INDIVIDUAL,0.0,0.0,0,3.0,0,10.3,0.14
23325.0,60,22.47,650.46,E5,MORTGAGE,94000.0,Verified,2013-04-01,debt_consolidation,16.48,1992-12-01,11.0,0.0,17614.0,89.0,14.0,w,INDIVIDUAL,1.0,0.0,0,10.0,0,20.3,0.248
25000.0,60,14.49,588.08,C4,MORTGAGE,84000.0,Source Verified,2014-06-01,home_improvement,18.44,2002-03-01,15.0,0.0,9575.0,35.2,30.0,f,INDIVIDUAL,2.0,0.0,1,2.0,0,12.3,0.298
2100.0,36,9.16,66.94,B2,RENT,54000.0,Source Verified,2016-03-01,debt_consolidation,14.13,2009-03-01,9.0,2.0,7383.0,47.3,12.0,w,INDIVIDUAL,0.0,0.0,0,6.0,1,7.0,0.039
7200.0,36,7.12,222.72,A3,MORTGAGE,90000.0,Verified,2014-07-01,home_improvement,17.58,1997-09-01,11.0,0.0,634.0,1.2,67.0,w,INDIVIDUAL,4.0,0.0,0,10.0,0,16.8,0.08
18475.0,60,16.29,452.13,D1,MORTGAGE,85000.0,Verified,2016-03-01,debt_consolidation,33.21,2001-01-01,11.0,0.0,14842.0,48.0,24.0,w,INDIVIDUAL,2.0,0.0,0,2.0,0,15.2,0.217
35000.0,36,14.49,1204.57,C4,RENT,75673.0,Verified,2014-10-01,debt_consolidation,24.77,1995-11-01,4.0,0.0,44164.0,86.3,11.0,w,INDIVIDUAL,0.0,0.0,0,10.0,0,18.9,0.463
7500.0,36,17.57,269.53,D4,RENT,46800.0,Verified,2015-06-01,other,21.85,2003-05-01,18.0,0.0,9542.0,40.0,52.0,f,INDIVIDUAL,4.0,0.0,0,1.0,0,12.1,0.16
6000.0,36,12.49,200.7,B5,MORTGAGE,80000.0,Not Verified,2014-07-01,credit_card,12.6,1999-08-01,7.0,0.0,6189.0,98.2,9.0,f,INDIVIDUAL,1.0,0.0,0,5.0,0,14.9,0.075
5000.0,36,9.17,159.4,B2,MORTGAGE,35000.0,Source Verified,2015-05-01,debt_consolidation,23.15,1993-06-01,11.0,0.0,5289.0,43.4,33.0,f,INDIVIDUAL,1.0,0.0,0,9.0,0,21.9,0.143
14500.0,60,15.99,352.54,D2,MORTGAGE,95000.0,Source Verified,2015-01-01,debt_consolidation,15.45,1990-12-01,8.0,0.0,5126.0,88.4,17.0,f,INDIVIDUAL,1.0,0.0,0,10.0,0,24.1,0.153
12000.0,36,12.12,399.26,B3,MORTGAGE,100000.0,Not Verified,2013-02-01,debt_consolidation,13.56,2004-12-01,10.0,0.0,9551.0,78.9,15.0,f,INDIVIDUAL,1.0,0.0,0,3.0,0,8.2,0.12
16000.0,36,12.85,537.95,B4,MORTGAGE,56866.74,Source Verified,2014-02-01,credit_card,26.23,2000-03-01,13.0,0.0,9244.0,34.5,19.0,w,INDIVIDUAL,1.0,0.0,1,7.0,0,13.9,0.281
11200.0,36,11.49,369.28,B5,RENT,200000.0,Verified,2015-11-01,debt_consolidation,14.79,1999-03-01,10.0,0.0,31215.0,69.1,28.0,f,INDIVIDUAL,1.0,0.0,0,6.0,0,16.7,0.056
17000.0,60,9.76,359.2,B1,MORTGAGE,40324.0,Verified,2012-03-01,house,21.96,2001-09-01,5.0,0.0,63.0,0.8,21.0,f,INDIVIDUAL,2.0,0.0,0,6.0,1,10.5,0.422
3000.0,36,10.64,97.71,B2,OWN,99000.0,Source Verified,2013-08-01,debt_consolidation,21.22,1986-02-01,14.0,0.0,2583.0,17.0,47.0,f,INDIVIDUAL,8.0,0.0,0,10.0,0,27.5,0.03
6000.0,36,7.68,187.15,A2,MORTGAGE,46000.0,Source Verified,2009-06-01,wedding,16.43,1998-11-01,21.0,0.0,6694.0,8.7,47.0,f,INDIVIDUAL,3.0,0.0,0,3.0,0,10.6,0.13
12000.0,36,13.68,408.27,C1,RENT,52000.0,Not Verified,2013-08-01,debt_consolidation,25.64,2002-01-01,11.0,1.0,9583.0,55.1,27.0,f,INDIVIDUAL,0.0,1.0,0,9.0,0,11.6,0.231
20000.0,36,8.18,628.39,B1,OWN,51565.0,Source Verified,2015-04-01,debt_consolidation,20.32,1996-08-01,10.0,0.0,20711.0,64.9,22.0,f,INDIVIDUAL,3.0,0.0,0,10.0,0,18.7,0.388
15000.0,36,10.99,491.01,B3,RENT,46000.0,Not Verified,2014-07-01,debt_consolidation,24.58,2002-06-01,13.0,0.0,13779.0,82.5,27.0,w,INDIVIDUAL,0.0,0.0,0,3.0,0,12.1,0.326
28000.0,60,17.76,707.37,D1,OWN,110000.0,Verified,2013-12-01,credit_card,13.78,1999-12-01,17.0,0.0,20343.0,51.5,40.0,f,INDIVIDUAL,4.0,0.0,0,5.0,0,14.0,0.255
5000.0,36,16.29,176.51,C4,MORTGAGE,50000.0,Not Verified,2013-05-01,debt_consolidation,9.49,1977-05-01,13.0,0.0,12049.0,60.9,29.0,f,INDIVIDUAL,1.0,0.0,0,3.0,0,36.0,0.1
10000.0,36,8.9,317.54,A5,MORTGAGE,82000.0,Source Verified,2013-01-01,debt_consolidation,8.17,1982-11-01,9.0,1.0,10429.0,43.6,19.0,w,INDIVIDUAL,2.0,1.0,0,10.0,0,30.2,0.122
15000.0,60,15.61,361.67,C4,MORTGAGE,85000.0,Verified,2014-01-01,credit_card,22.18,2002-10-01,10.0,0.0,32429.0,87.6,18.0,f,INDIVIDUAL,1.0,0.0,0,5.0,0,11.3,0.176
10000.0,36,8.19,314.25,A5,MORTGAGE,55000.0,Source Verified,2015-01-01,credit_card,15.6,1978-03-01,15.0,0.0,12194.0,33.0,35.0,w,INDIVIDUAL,4.0,0.0,0,2.0,0,36.8,0.182
22025.0,36,12.99,742.01,C1,OWN,48000.0,Verified,2014-09-01,credit_card,28.63,1990-02-01,17.0,0.0,35943.0,35.4,35.0,f,INDIVIDUAL,2.0,0.0,1,10.0,0,24.6,0.459
1200.0,36,23.7,46.9,F1,OWN,98000.0,Source Verified,2013-12-01,other,13.84,2007-12-01,7.0,0.0,16867.0,79.9,7.0,w,INDIVIDUAL,0.0,0.0,0,5.0,0,6.0,0.012
10000.0,36,12.99,336.9,B5,MORTGAGE,120000.0,Not Verified,2014-04-01,debt_consolidation,16.75,1992-05-01,9.0,0.0,9133.0,31.2,22.0,w,INDIVIDUAL,1.0,0.0,0,10.0,0,21.9,0.083
8400.0,36,11.67,277.68,B4,MORTGAGE,85000.0,Not Verified,2014-07-01,debt_consolidation,12.64,1994-03-01,10.0,1.0,8166.0,47.0,57.0,w,INDIVIDUAL,7.0,1.0,0,4.0,0,20.3,0.099
6000.0,36,6.62,184.23,A2,MORTGAGE,60000.0,Not Verified,2013-08-01,home_improvement,11.88,1998-11-01,10.0,0.0,5947.0,26.5,15.0,f,INDIVIDUAL,2.0,0.0,0,10.0,0,14.7,0.1
6400.0,36,11.53,211.14,B5,RENT,46000.0,Verified,2015-07-01,debt_consolidation,12.26,2000-09-01,5.0,0.0,5415.0,78.5,14.0,w,INDIVIDUAL,1.0,0.0,0,10.0,0,14.8,0.139
10000.0,60,16.55,246.12,D2,RENT,34000.0,Source Verified,2015-07-01,debt_consolidation,15.5,2008-05-01,8.0,0.0,6053.0,36.9,12.0,w,INDIVIDUAL,1.0,0.0,0,1.0,0,7.2,0.294
20000.0,36,6.92,616.82,A4,RENT,100000.0,Source Verified,2015-04-01,credit_card,14.21,2008-06-01,15.0,0.0,18181.0,32.4,24.0,f,INDIVIDUAL,0.0,0.0,0,5.0,0,6.8,0.2
5000.0,36,9.99,161.32,B1,RENT,43200.0,Verified,2013-10-01,debt_consolidation,8.18,2002-04-01,6.0,0.0,8475.0,41.1,16.0,f,INDIVIDUAL,2.0,0.0,0,10.0,0,11.5,0.116
15000.0,60,13.67,346.47,C4,MORTGAGE,70000.0,Verified,2015-11-01,debt_consolidation,15.31,2005-09-01,19.0,0.0,14599.0,54.5,33.0,w,INDIVIDUAL,4.0,0.0,0,5.0,0,10.2,0.214
6000.0,36,6.62,184.23,A2,MORTGAGE,86000.0,Source Verified,2013-08-01,major_purchase,10.56,1997-11-01,15.0,0.0,13215.0,26.0,35.0,f,INDIVIDUAL,2.0,0.0,0,2.0,0,15.7,0.07
10000.0,36,9.99,322.63,B1,RENT,35000.0,Source Verified,2013-10-01,debt_consolidation,26.78,2005-11-01,6.0,0.0,11026.0,72.1,24.0,f,INDIVIDUAL,0.0,0.0,0,7.0,0,7.9,0.286
21000.0,60,20.99,568.01,E5,RENT,105000.0,Verified,2015-06-01,credit_card,3.27,1999-01-01,10.0,0.0,15345.0,62.1,23.0,w,INDIVIDUAL,4.0,0.0,1,10.0,0,16.4,0.2
5000.0,36,10.99,163.67,B2,MORTGAGE,200000.0,Verified,2014-05-01,debt_consolidation,20.95,1991-04-01,17.0,0.0,32871.0,84.1,40.0,w,INDIVIDUAL,4.0,0.0,0,10.0,0,23.1,0.025
19200.0,36,16.29,677.77,C4,RENT,69000.0,Not Verified,2013-01-01,debt_consolidation,13.29,2002-06-01,7.0,0.0,4029.0,35.0,19.0,f,INDIVIDUAL,0.0,0.0,0,8.0,0,10.6,0.278
1350.0,36,10.74,44.04,B2,MORTGAGE,85000.0,Not Verified,2012-04-01,debt_consolidation,20.58,1999-07-01,14.0,0.0,20089.0,83.0,24.0,f,INDIVIDUAL,1.0,0.0,0,5.0,0,12.8,0.016
22000.0,36,9.17,701.34,B2,MORTGAGE,81000.0,Source Verified,2015-02-01,debt_consolidation,21.02,1994-01-01,10.0,0.0,22313.0,76.9,20.0,w,INDIVIDUAL,1.0,0.0,0,10.0,0,21.1,0.272
20000.0,36,9.17,637.58,B2,MORTGAGE,78000.0,Not Verified,2015-11-01,debt_consolidation,13.58,1993-06-01,9.0,1.0,10604.0,48.4,24.0,f,INDIVIDUAL,4.0,0.0,0,10.0,0,22.4,0.256
16000.0,36,8.39,504.27,A5,RENT,64000.0,Not Verified,2014-07-01,credit_card,18.86,2002-11-01,11.0,0.0,16534.0,41.6,15.0,w,INDIVIDUAL,0.0,0.0,0,6.0,0,11.7,0.25
16000.0,36,18.99,586.42,E1,MORTGAGE,140000.0,Not Verified,2014-07-01,debt_consolidation,20.58,2002-11-01,21.0,1.0,28537.0,64.3,30.0,f,INDIVIDUAL,4.0,1.0,0,3.0,0,11.7,0.114
2000.0,36,15.59,69.91,D1,MORTGAGE,24960.0,Not Verified,2015-01-01,debt_consolidation,27.12,1985-04-01,11.0,0.0,6830.0,45.2,18.0,w,INDIVIDUAL,0.0,0.0,0,1.0,0,29.8,0.08
5000.0,36,15.61,174.83,D1,MORTGAGE,38000.0,Source Verified,2015-06-01,debt_consolidation,14.21,2004-02-01,9.0,2.0,3395.0,49.2,20.0,f,INDIVIDUAL,2.0,2.0,1,10.0,0,11.3,0.132
10000.0,36,12.99,336.9,B4,MORTGAGE,53774.0,Not Verified,2013-10-01,credit_card,13.9,1996-09-01,10.0,0.0,10002.0,62.9,29.0,f,INDIVIDUAL,4.0,0.0,0,10.0,0,17.1,0.186
20000.0,36,13.98,683.36,C3,MORTGAGE,65000.0,Source Verified,2014-06-01,debt_consolidation,26.83,2005-04-01,15.0,1.0,19122.0,43.4,22.0,w,INDIVIDUAL,3.0,1.0,0,8.0,0,9.2,0.308
21000.0,60,14.65,495.74,C5,MORTGAGE,71000.0,Verified,2015-03-01,debt_consolidation,16.5,1984-12-01,14.0,0.0,1685.0,5.8,29.0,w,INDIVIDUAL,4.0,0.0,1,10.0,0,30.2,0.296
12000.0,36,10.64,390.83,B2,MORTGAGE,46000.0,Not Verified,2013-08-01,debt_consolidation,21.21,2001-07-01,8.0,0.0,15791.0,64.5,11.0,f,INDIVIDUAL,0.0,0.0,0,5.0,0,12.1,0.261
11900.0,36,9.17,379.36,B2,RENT,80000.0,Not Verified,2016-01-01,credit_card,22.56,2001-01-01,9.0,0.0,10359.0,49.1,14.0,w,INDIVIDUAL,0.0,0.0,0,10.0,0,15.0,0.149
4625.0,36,19.53,170.78,D5,MORTGAGE,100000.0,Not Verified,2016-03-01,credit_card,5.16,2006-04-01,9.0,0.0,4027.0,33.6,14.0,w,INDIVIDUAL,0.0,0.0,1,7.0,0,9.9,0.046
17900.0,60,20.2,476.24,E3,RENT,44862.0,Source Verified,2014-10-01,debt_consolidation,38.18,2002-08-01,13.0,0.0,27918.0,92.1,22.0,f,INDIVIDUAL,0.0,0.0,0,4.0,0,12.2,0.399
9000.0,36,10.16,291.09,B1,NONE,50000.0,Verified,2012-11-01,home_improvement,31.73,1987-05-01,14.0,0.0,26633.0,54.8,39.0,f,INDIVIDUAL,6.0,0.0,0,10.0,0,25.5,0.18
30000.0,60,16.78,742.04,C5,MORTGAGE,75000.0,Verified,2013-08-01,debt_consolidation,14.96,1987-08-01,20.0,0.0,32358.0,59.8,56.0,f,INDIVIDUAL,5.0,0.0,1,4.0,0,26.0,0.4
14550.0,60,15.81,352.37,C4,RENT,37315.2,Verified,2012-04-01,debt_consolidation,8.68,1996-10-01,9.0,0.0,10132.0,47.3,19.0,f,INDIVIDUAL,0.0,0.0,1,10.0,0,15.5,0.39
11500.0,36,8.49,362.98,A5,RENT,22188.0,Verified,2011-05-01,debt_consolidation,7.63,1998-10-01,4.0,0.0,5150.0,40.2,9.0,f,INDIVIDUAL,0.0,0.0,0,9.0,0,12.6,0.518
24000.0,36,12.69,805.08,C2,RENT,75600.0,Verified,2015-07-01,debt_consolidation,29.03,1995-09-01,14.0,0.0,17728.0,79.1,23.0,w,INDIVIDUAL,0.0,0.0,1,10.0,0,19.8,0.317
20000.0,60,22.15,554.09,E5,OWN,57200.0,Verified,2014-05-01,credit_card,13.37,1996-11-01,15.0,0.0,24989.0,47.8,30.0,f,INDIVIDUAL,0.0,0.0,0,10.0,0,17.5,0.35
6500.0,36,14.09,222.44,B5,MORTGAGE,60000.0,Not Verified,2013-01-01,debt_consolidation,7.62,1998-09-01,9.0,1.0,10151.0,68.1,23.0,f,INDIVIDUAL,1.0,0.0,0,10.0,0,14.3,0.108
24000.0,36,8.39,756.4,A5,MORTGAGE,84400.0,Source Verified,2014-10-01,debt_consolidation,12.78,1991-02-01,14.0,0.0,37552.0,50.4,29.0,f,INDIVIDUAL,3.0,0.0,0,2.0,0,23.7,0.284
8000.0,36,15.61,279.72,D1,RENT,29470.0,Source Verified,2015-04-01,debt_consolidation,27.43,2003-12-01,8.0,0.0,4871.0,78.6,10.0,f,INDIVIDUAL,0.0,0.0,1,2.0,0,11.3,0.271
5000.0,36,17.27,178.94,C5,RENT,142000.0,Source Verified,2013-03-01,car,5.75,1992-02-01,10.0,1.0,20943.0,68.4,15.0,f,INDIVIDUAL,1.0,1.0,0,7.0,0,21.1,0.035
8000.0,36,13.68,272.18,C1,RENT,35000.0,Source Verified,2013-07-01,debt_consolidation,24.27,2007-09-01,8.0,0.0,5541.0,49.9,14.0,f,INDIVIDUAL,0.0,0.0,0,6.0,0,5.8,0.229
10050.0,36,14.33,345.1,C1,RENT,60000.0,Not Verified,2013-03-01,debt_consolidation,10.12,2000-06-01,10.0,0.0,10021.0,48.6,21.0,f,INDIVIDUAL,0.0,0.0,0,10.0,0,12.7,0.168
17000.0,36,6.03,517.41,A1,MORTGAGE,88300.0,Verified,2013-12-01,debt_consolidation,11.05,1997-09-01,17.0,0.0,21498.0,18.1,36.0,f,INDIVIDUAL,4.0,0.0,0,7.0,0,16.2,0.193
10000.0,36,9.17,318.79,B2,MORTGAGE,110000.0,Source Verified,2015-02-01,debt_consolidation,18.8,1996-09-01,13.0,3.0,4052.0,23.4,34.0,w,INDIVIDUAL,2.0,0.0,0,10.0,0,18.4,0.091
20000.0,36,10.99,654.68,B2,MORTGAGE,80000.0,Source Verified,2014-01-01,debt_consolidation,25.41,1994-09-01,11.0,0.0,48912.0,81.8,21.0,f,INDIVIDUAL,1.0,0.0,0,10.0,0,19.3,0.25
22050.0,36,16.99,786.04,D3,OWN,60000.0,Verified,2014-09-01,debt_consolidation,24.54,2004-03-01,10.0,1.0,4314.0,13.4,26.0,f,INDIVIDUAL,4.0,1.0,1,6.0,0,10.5,0.368
20000.0,60,18.92,517.94,D4,MORTGAGE,75500.0,Not Verified,2014-04-01,debt_consolidation,24.81,1995-12-01,14.0,0.0,27003.0,65.7,30.0,f,INDIVIDUAL,3.0,0.0,0,2.0,0,18.3,0.265
8500.0,36,8.9,269.91,A5,RENT,35000.0,Not Verified,2013-05-01,credit_card,9.05,1999-03-01,7.0,1.0,7329.0,29.4,12.0,w,INDIVIDUAL,0.0,1.0,0,3.0,0,14.2,0.243
15000.0,36,14.09,513.33,B5,RENT,60000.0,Source Verified,2012-08-01,debt_consolidation,21.48,1997-11-01,7.0,0.0,9639.0,86.1,22.0,f,INDIVIDUAL,6.0,0.0,0,10.0,0,14.7,0.25
7200.0,36,12.12,239.56,B3,RENT,56000.0,Source Verified,2012-04-01,debt_consolidation,12.47,2003-04-01,19.0,0.0,13057.0,80.4,25.0,f,INDIVIDUAL,0.0,0.0,0,0.0,0,9.0,0.129
5000.0,36,5.32,150.58,A1,MORTGAGE,75000.0,Source Verified,2015-07-01,credit_card,11.66,2001-12-01,5.0,0.0,8659.0,21.6,11.0,w,INDIVIDUAL,2.0,0.0,0,10.0,0,13.6,0.067
30000.0,60,16.49,737.38,D3,MORTGAGE,125000.0,Verified,2015-01-01,debt_consolidation,35.42,1996-04-01,18.0,0.0,25491.0,74.3,35.0,f,INDIVIDUAL,0.0,0.0,1,4.0,0,18.8,0.24
21000.0,36,7.62,654.39,A3,MORTGAGE,215000.0,Source Verified,2013-12-01,credit_card,13.46,1991-09-01,15.0,0.0,34528.0,51.1,33.0,f,INDIVIDUAL,5.0,0.0,0,10.0,0,22.3,0.098
15100.0,36,13.35,511.33,C2,MORTGAGE,90000.0,Not Verified,2014-08-01,credit_card,28.08,1999-09-01,12.0,0.0,103507.0,79.2,21.0,f,INDIVIDUAL,2.0,0.0,0,0.0,0,14.9,0.168
24000.0,60,18.25,612.72,D3,RENT,69972.0,Source Verified,2014-04-01,debt_consolidation,10.19,2001-09-01,11.0,0.0,14378.0,78.1,17.0,f,INDIVIDUAL,0.0,0.0,1,9.0,0,12.6,0.343
12000.0,36,8.39,378.2,B1,OWN,90000.0,Source Verified,2016-03-01,debt_consolidation,14.37,1989-03-01,14.0,2.0,16700.0,24.4,32.0,w,INDIVIDUAL,0.0,0.0,0,8.0,0,27.0,0.133
21000.0,60,17.56,528.25,D1,MORTGAGE,155000.0,Verified,2013-07-01,house,17.99,1997-01-01,12.0,1.0,28285.0,88.9,26.0,f,INDIVIDUAL,3.0,1.0,0,10.0,0,16.5,0.135
9750.0,36,13.11,329.04,B4,RENT,60000.0,Source Verified,2012-09-01,debt_consolidation,8.8,2002-11-01,5.0,0.0,10440.0,76.2,8.0,f,INDIVIDUAL,0.0,0.0,0,10.0,0,9.8,0.162
6000.0,36,8.0,159.82,A3,MORTGAGE,53000.0,Not Verified,2008-09-01,debt_consolidation,6.23,1995-11-01,10.0,0.0,10399.0,31.3,19.0,f,INDIVIDUAL,1.0,0.0,0,3.0,0,12.8,0.113
15200.0,60,15.61,366.5,D1,RENT,45000.0,Verified,2015-04-01,other,32.11,2004-11-01,13.0,0.0,14383.0,102.7,16.0,f,INDIVIDUAL,0.0,0.0,0,6.0,1,10.4,0.338
6000.0,36,16.55,212.58,D2,MORTGAGE,50000.0,Verified,2015-04-01,home_improvement,31.84,2002-02-01,13.0,0.0,14340.0,42.8,29.0,f,INDIVIDUAL,1.0,0.0,0,1.0,0,13.2,0.12
3000.0,36,11.22,98.53,B5,OWN,95000.0,Source Verified,2015-12-01,other,8.54,2000-09-01,6.0,0.0,12088.0,86.3,17.0,w,INDIVIDUAL,0.0,0.0,0,3.0,0,15.2,0.032
22250.0,36,11.14,729.92,B2,RENT,50000.0,Verified,2013-06-01,debt_consolidation,14.62,2007-07-01,13.0,0.0,2551.0,7.4,18.0,f,INDIVIDUAL,0.0,0.0,0,0.0,0,5.9,0.445
9750.0,36,11.14,319.85,B2,MORTGAGE,65000.0,Verified,2013-04-01,debt_consolidation,23.76,1975-06-01,24.0,0.0,32674.0,77.3,46.0,f,INDIVIDUAL,4.0,0.0,0,10.0,0,37.8,0.15
5000.0,36,15.88,175.49,C4,RENT,42000.0,Not Verified,2013-07-01,debt_consolidation,26.71,2001-12-01,18.0,0.0,14925.0,48.6,31.0,f,INDIVIDUAL,0.0,0.0,1,10.0,0,11.6,0.119
3000.0,36,15.31,104.46,C2,MORTGAGE,30000.0,Verified,2013-03-01,debt_consolidation,33.96,2004-10-01,10.0,0.0,5850.0,39.5,22.0,f,INDIVIDUAL,1.0,0.0,0,5.0,0,8.4,0.1
5000.0,36,10.15,161.69,B2,OWN,15000.0,Not Verified,2014-06-01,credit_card,24.6,2005-08-01,12.0,0.0,5476.0,92.8,27.0,w,INDIVIDUAL,0.0,0.0,0,0.0,0,8.8,0.333
25000.0,36,20.2,931.64,D5,MORTGAGE,127000.0,Verified,2013-10-01,debt_consolidation,22.13,1992-12-01,20.0,0.0,18243.0,59.8,63.0,f,INDIVIDUAL,3.0,0.0,0,2.0,0,20.8,0.197
1500.0,36,15.61,52.45,D1,RENT,40000.0,Source Verified,2015-04-01,major_purchase,13.68,2006-11-01,6.0,0.0,2910.0,38.3,20.0,f,INDIVIDUAL,0.0,0.0,0,2.0,0,8.4,0.038
8000.0,36,13.99,273.39,C1,RENT,53000.0,Verified,2012-04-01,debt_consolidation,20.2,2003-12-01,7.0,0.0,3009.0,42.3,19.0,f,INDIVIDUAL,0.0,0.0,0,4.0,0,8.3,0.151
10000.0,36,13.99,341.73,C1,RENT,70000.0,Not Verified,2012-06-01,debt_consolidation,18.26,1989-09-01,16.0,0.0,27062.0,92.6,21.0,f,INDIVIDUAL,0.0,0.0,0,10.0,0,22.7,0.143
35000.0,60,12.69,790.82,C2,MORTGAGE,375000.0,Source Verified,2015-02-01,debt_consolidation,5.72,1988-08-01,9.0,0.0,63227.0,76.5,36.0,w,INDIVIDUAL,7.0,0.0,0,10.0,0,26.5,0.093
14000.0,36,9.17,446.31,B1,MORTGAGE,79000.0,Not Verified,2014-07-01,credit_card,11.51,1994-03-01,11.0,0.0,13585.0,30.7,30.0,w,INDIVIDUAL,4.0,0.0,0,10.0,0,20.3,0.177
8000.0,36,18.25,290.23,D3,MORTGAGE,95000.0,Not Verified,2014-01-01,home_improvement,21.48,1993-07-01,21.0,1.0,15480.0,47.8,28.0,w,INDIVIDUAL,3.0,1.0,0,10.0,0,20.5,0.084
10975.0,36,18.25,398.16,D2,MORTGAGE,200000.0,Verified,2013-09-01,home_improvement,10.22,2000-05-01,9.0,0.0,2860.0,42.1,23.0,f,INDIVIDUAL,6.0,0.0,0,10.0,0,13.3,0.055
15000.0,36,10.99,491.01,B4,MORTGAGE,95000.0,Source Verified,2015-03-01,debt_consolidation,18.29,2000-01-01,8.0,0.0,2128.0,51.9,22.0,w,INDIVIDUAL,5.0,0.0,0,3.0,0,15.2,0.158
30800.0,60,20.99,833.08,E4,MORTGAGE,105000.0,Verified,2014-07-01,home_improvement,4.89,1999-05-01,5.0,0.0,5562.0,83.0,15.0,f,INDIVIDUAL,5.0,0.0,1,4.0,0,15.2,0.293
16800.0,60,16.29,411.14,C4,MORTGAGE,64000.0,Verified,2013-06-01,credit_card,21.73,1996-06-01,14.0,0.0,15661.0,76.8,44.0,f,INDIVIDUAL,5.0,0.0,1,10.0,0,17.0,0.262
10975.0,36,13.98,375.0,C3,RENT,24500.0,Verified,2014-10-01,debt_consolidation,17.74,1997-10-01,9.0,0.0,12066.0,24.1,9.0,f,INDIVIDUAL,0.0,0.0,0,4.0,0,17.0,0.448
10000.0,36,9.99,322.63,B3,RENT,62764.0,Source Verified,2015-10-01,credit_card,9.48,2000-02-01,20.0,2.0,5525.0,73.7,29.0,w,INDIVIDUAL,0.0,1.0,0,10.0,0,15.7,0.159
16800.0,36,13.99,574.11,C4,RENT,84000.0,Source Verified,2015-08-01,credit_card,21.93,1998-11-01,14.0,0.0,32414.0,87.7,29.0,f,INDIVIDUAL,0.0,0.0,1,5.0,0,16.7,0.2
12000.0,36,7.62,373.94,A3,MORTGAGE,80000.0,Not Verified,2012-06-01,debt_consolidation,3.68,1996-03-01,8.0,0.0,2982.0,14.2,30.0,f,INDIVIDUAL,6.0,0.0,0,7.0,0,16.3,0.15
4100.0,36,24.99,163.0,F4,RENT,23000.0,Verified,2014-05-01,other,29.44,2006-06-01,11.0,0.0,9230.0,85.5,25.0,f,INDIVIDUAL,0.0,0.0,0,8.0,0,7.9,0.178
15000.0,60,14.47,352.69,C2,RENT,90000.0,Verified,2014-01-01,debt_consolidation,7.3,1999-06-01,8.0,0.0,14708.0,63.9,28.0,f,INDIVIDUAL,2.0,0.0,0,7.0,0,14.6,0.167
10000.0,36,13.11,337.47,B4,MORTGAGE,30000.0,Verified,2013-06-01,home_improvement,27.16,2000-03-01,7.0,1.0,5423.0,84.7,21.0,f,INDIVIDUAL,2.0,1.0,1,6.0,1,13.3,0.333
1200.0,36,17.57,43.13,D4,RENT,70000.0,Not Verified,2014-06-01,vacation,16.17,2004-05-01,13.0,0.0,10124.0,96.4,29.0,f,INDIVIDUAL,3.0,0.0,1,5.0,0,10.1,0.017
8000.0,36,14.65,275.96,C2,RENT,30000.0,Not Verified,2012-05-01,debt_consolidation,12.12,2002-09-01,12.0,0.0,6063.0,50.9,23.0,f,INDIVIDUAL,0.0,0.0,0,10.0,0,9.7,0.267
10000.0,36,18.25,362.78,D2,MORTGAGE,108000.0,Source Verified,2013-08-01,house,3.2,1994-11-01,13.0,0.0,150.0,2.7,39.0,f,INDIVIDUAL,1.0,0.0,0,1.0,0,18.7,0.093
7000.0,36,11.99,232.47,B3,RENT,95000.0,Source Verified,2013-12-01,credit_card,6.51,1995-09-01,9.0,0.0,708.0,8.3,24.0,w,INDIVIDUAL,0.0,0.0,0,1.0,0,18.3,0.074
8500.0,36,15.31,295.95,C2,MORTGAGE,65000.0,Verified,2013-06-01,credit_card,8.03,1998-02-01,11.0,0.0,3256.0,28.6,52.0,f,INDIVIDUAL,14.0,0.0,0,5.0,0,15.3,0.131
